overall,title,reviewText,asin,parent_asin,reviewerID,timestamp,helpful_vote,verified_purchase,review_length
5.0,Works great!,"Works great with my pixel 2, I can charge quickly while listening to music.",B07FCZY1ZB,B07FCZY1ZB,AGBFYI2DDIKXC5Y4FARTYDTQBMFQ,1544200044036,0,True,75
5.0,Apple charging wires,"The multiple lengths come in handy for different uses. The 3 foot wire is perfect for in the car while the 6 &.10 foot wires are perfect for the desk, couch, or bed.",B093D8MB4X,B0C5XK6534,AHOEIYJJHZ7ITX75BOFQYNXVVJQQ,1661433539246,0,True,165
3.0,nice,"very small which i wanted  but i only hear sound from ONE speaker on my TV  .. but for the price ill keep them  i like the size  ...  its for a 19""  TV  so  it works  sounds better than the TV speaker  i gotta see if i can figure out the settings inside the TV  maybe its just single  ill look on the TV remote later  but  sound from both speakers woulda been nice  i mean otherwise what is the point !",B06XDSMDKV,B06XDSMDKV,AHGAOIZVODNHYMNCBV4DECZH42UQ,1536880603696,0,True,402
5.0,Love this!,"With my laptop that has a touch screen, I gave up my monitor at my docking station and use this stand to allow me to easily see the screen and touch it while using a full-sized keyboard.  It's perfect for my needs and has held up well over the last 5 or so months.  HIGHLY RECOMMENDED!",B00WRDS8H0,B0753R71ZH,AG5Y7PRM4OD7TC23Q6S7KMNL2XNQ,1578769962297,0,True,285
5.0,Great devise!,"Very easy to set up and easy for all devises to connect to it.  This device, while expensive, really worked as advertised.",B0087NZ31S,B0087NZ31S,AGLQDDJTHRGIY4KWEXLA3YBD47PQ,1388074756000,1,True,122
4.0,Works perfectly,"This is advertised as an ergonomic keyboard.  To me, ergonomic is a keyboard that is split into two slanted halves, like the Microsoft Natural Keyboard.  This is a flat keyboard.  In spite of that, the keys have a good feel and response.  I only have wired keyboards, so I got this so that I could have a wireless if I wanted to use one sometimes, as you are then not confined with a cord.  Requires 1 AA battery to operate (not included).  At first, I thought they forgot to include the wireless transmitter, but it comes hidden in the battery compartment.  This is okay, but there is no place to store it once the battery is installed.  Of course, if you are going to store the keyboard and not use it all the time, you wouldn't typically want to leave the battery in anyway.  If you want wireless, probably better to get a wireless mouse and keyboard together, as they would probably run off one transmitter, whereas with this keyboard if I want to add a wireless mouse later, it will involve using a second transmitter which would use another USB port.  The keyboard is going to be of limited use to me, as I currently use a KVM-switch that allows me to control up to 4 computers with one monitor, one mouse and one keyboard.  I would have to upgrade to a KVM switch that takes USB to use the keyboard on more than one computer.  This is truly plug and play and I had it operating in no time at all.  Seems like it is quality made and should last a while.  Made in China of course.",B09N7532L7,B09N7532L7,AFAIJYOUO3NAWLBDIKTQSC3DASWA,1649383427515,0,False,1485
5.0,An amazing e-Book reader with numerous extras.,"I received a Kindle 2 as a gift recently. I'd had my eye on the Kindle since its launch, but couldn't justify the high price tag. I use several forms of portable technology including an HTC touchscreen smartphone, but the Kindle 2 was my first eBook reader. Opening the Kindle 2 was an experience: Amazon has cleverly packaged the Kindle in minimally wasteful packaging; the box itself is very clever and space-saving, and the USB cord is tucked into the two-prong adapter (so if, like me, you initially think that they forgot to include the USB cable, just pop the prong adapter off the end).<br /><br />First, the size: the Kindle 2 measures about 8 inches by 5 inches by .36 (it's literally thinner than a Number 2 pencil), so it's about the same size as a paperback without the thickness (or the weight). It weighs only 10.2 ounces, so it's easy to slide it into a large purse or backpack. The display is large and crystal clear, but is only in black and white, so if you're getting magazine or newspaper subscriptions, be aware. There are sixteen shades of grey, though, so photos and illustrations have a lot of depth and contrast despite being in black and white. There are six different text sizes available if you have problems with too-small fonts, but the Kindle screen isn't backlit, so this won't work in low light without a reading light. There's also the controversial text-to-speech feature, which is the same technology that's come with Windows OS for years; a synthesized voice (male or female) will ""read"" the text out loud (there's a 3.5mm headphone jack if you want to listen in private). After the Authors' Guilld threatened to sue Amazon.com over the feature, publishers have the right to disable it on Kindle versions, so be aware that the text-to-speech feature may not work on all Kindle books.<br /><br />You can purchase and download Kindle books instantly using the Kindle 2's free Whispernet (an EVDO modem with fallback to 1xRTT that uses's Sprint's 3G network). Most New York Times Bestsellers are available in Kindle editions, which are typically $9.99. There are no Kindle rentals; once you've downloaded the book, it's yours. However, there are numerous free Kindle books to be found on Amazon.com and elsewhere; simply click on the Kindle Books tab at Amazon.com and set to sort by price ($0.00 titles show up first). Many of the free Kindle texts are based on older (think 19th-century) authors and are transcribed by volunteers, so they may not be exactly what you were expecting. You can either purchase Kindle books from your PC and have them sent wirelessly to your Kindle, or you can browse and purchase directly from the Kindle, but be careful: Kindle books are purchased via 1-click, which means that you could accidentally purchase something you'd only intended to look at. The download time depends on the size of the book; for a text-only book, it took less than a minute to download. When  I downloaded a larger book with illustrations, it took several minutes.<br /><br />Reading on the Kindle is much like reading a paperback; the Kindle ""disappears"" as you read. However, the page turning is a bit jarring, since every time you turn a page, the screen flashes in contrast (at first I thought that it was some sort of flaw or bug). The previous page button is on the left edge, while there's a next page button on both sides of the Kindle, so page turning is easy (other than the screen flashing). On the downside, you can't flip several pages ahead easily without repeatedly clicking the ""next"" button. With a real paperback, you'd simply thumb through the pages.<br /><br />There is no expandable memory slot, but the Kindle 2 features 2GB (1.4 GB for user content) of internal memory that will hold up to 1,500 books as well as documents (PDF, HTML, DOC, JPEG, GIF, PNG, BMP through conversion) and MP3 music and AAX Audible audiobook files. You can even set up customized MP3 music playlists (it's under ""experimental"") by dragging files into the ""Music"" folder on the Kindle by hooking it up to your PC via the included USB 2.0 cable. If you have documents that are in another format (the Kindle native format is .AZW), you have two choices for conversion: either e-mail the documents to your Kindle e-mail (your regular e-mail ended with @kindle.com) for a ten-cent conversion charge (you'll be billed when your conversion balance reaches $3.00) or to your email @free.kindle.com (you then must drag-and-drop the file onto your Kindle from your PC, but there's no fee to convert the file).<br /><br />The Kindle also features a basic Web browser that handles text-only versions fairly well, and a built-in dictionary. You're able to highlight, put in page markers and add notes to Kindle books, making it a useful tool for study or research. There's a full QWERTY keyboard and a five-way toggle that takes some getting used to. The menu designs are drop down similar to Windows; you simply move through the various options using the five-way controller, then press down on it to select.<br /><br />The battery can hold a charge for up to four days with the Whispernet on; you'll get a much longer charge if you turn it off. It takes about three hours to fully charge the battery, but it's not user-replaceable; you have to mail your Kindle to Amazon.com for a replacement. The battery is covered for the first year after purchase, but it's $59 after that. The Kindle 2 also doesn't come with [[ASIN:B001JAH7OM Amazon Kindle 2 Leather Cover]], for which you'll have to shell out extra money unless you choose to store it in the box.<br /><br />If you love new technology and are looking for new ways to read / listen on the go, the Kindle 2 may be a good choice for you. But besides the initial expense, the Kindle versions of paperbacks are as expensive as their paper counterparts. Depending on your area, the Whispernet may not have a strong signal (and for now, the Kindle 2 is only available in the US, so overseas customers will have to wait). I love mine, but it's up to you whether it's worth the cost of the Kindle 2 and book downloads.",B00154JDAI,B00154JDAI,AFW2PDT3AMT4X3PYQG7FJZH5FXFA,1240780195000,2,False,6100
1.0,Stopped charging,3 of these cords stopped charging!,B01N9P860N,B01N9P860N,AHNTNORB4V4WEELIYXTSKV56Y4AA,1634080424805,0,True,34
4.0,Perfect!,"My son has a small record player and about a dozen albums. He and my husband put this together rather quickly. The directions were clear. They did use their own tools. It's sturdy and it looks great! It's a huge improvement over the small end table that he was using. Not only does it look better, but it has a place to store his albums. I think he'll actually listen to more records now because it's so convenient.",B09SPJGPVQ,B09SPJGPVQ,AHV6QCNBJNSGLATP56JAWJ3C4G2A,1655859459712,0,False,415
5.0,Great buy,Great variety of stickers. Stay on well. Smaller than expected but still cute. :),B07Y1SNHQW,B07Y1SNHQW,AHYB7U5MR2OG5BJPAVS5K5AZQCSA,1594180300597,1,True,81
5.0,It’s ok,"Works, but the ink is not evenly printed.  It’s still readable. I guess for the price , it’s ok.",B000GDGWWG,B000GDGWWG,AG7WKTZINOFIXMZJYIPKIB7PV7NQ,1621478890878,0,True,96
5.0,Economical replacement,"From the looks of it, this is an exact replacement for my original lamp which logged about 3800 hours.  Although my old bulb didn't burn out or pop, I got a warning message from the projector that the lamp lifetime was up.  And what a difference a new lamp makes. The new lamp was brighter the color accuracy was much improved compared to the old lamp I replaced.  Apparently these lamps lose their brightness and ability to provide true white over time.  The picture looked as good as when I first used my projector brand new.  It's better to buy the bulb with the housing such as this product rather than just the bulb alone.  There's significant precision in the design of projector bulbs and their housing.  The less you handle it the better. A drop-in replacement is the way to go. Strong burning smell at first which disappeared after the first day of use.  I recall similar smell when I first used my GT-750E.",B00ADJ4YQE,B00ADJ4YQE,AEDHXXX2F66EMWOSSPCQHS62UKNQ,1389601526000,5,True,916
5.0,Nice mic that is small,I used this with my Panasonic GH5. Sound is much better than on board mic and fits nicely on the flash mount. I do have a much more expensive shoe mic but it’s so big and hard to bring along when traveling. I don’t get the value for  Having to deal with the larger size. I’m sure audiophiles would disagree but it audio we critical I would use a wired lapel mic if I needed perfect audio.,B083FN1TFH,B097D5GXZH,AFJBKPK5W56XWSNPQU2WW66ISWYQ,1589250587588,0,False,388
2.0,Mine fell apart quickly,"I bought this for my mother and it kind of disintegrated when I touched it, lol! Definitely don't mess with the little Apple circle in the middle, because the glue will come off!",B01MTYGQ11,B01MTYGQ11,AG4AY3ZUV6CCSV3GPLIB4ASGKCYA,1506702326544,0,True,178
4.0,Not bad,"I wear a hearing aid, so they weren't the most comfortable, but the quality was pretty good.",B00KHA1ZTS,B00KHA1ZTS,AEYVXZF5TQB7IGLLS3HJTDWLSKJQ,1621189360595,0,True,92
5.0,A must have,"I like having everything on one system, love my ring....everything",B07M93Z1NT,B07M93Z1NT,AEXBIH7OOSNTF3NPJ262T4HDNXBA,1563128463628,0,True,66
5.0,I've fallen in love with this little speaker!,"I have fallen in love with this little speaker! It looks awesome on my nightstand and was incredibly simple to connect to my Echo Input via Bluetooth. I'm also surprised at how well it picks up my local FM stations. My audio quality needs are quite simple, but I do think the sound on this is fantastic - soft or loud, it's clear and rich. I keep it plugged in, so I can't comment on the battery life. I love that it's so tiny and portable, but honestly, I don't think my little guy is going anywhere. I love having this fun, functional piece right where it's at!",B07ZJM6TTS,B0BBMSYX16,AGGHHNTNWUXUG2LEOP4KGUMULISQ,1587566400775,0,False,563
4.0,Good quality keycaps--but came with an ink smudge,"These keycaps are good quality. They are pretty thick and have a nice design. The thickness helps give a deeper sound to your keypresses, which I like. There are multiple length space bars included to accommodate various keyboard layouts (i.e., Full, TKL, etc.) The designs on the keycaps remind me of the show ""Doug"" (I feel old). The set also comes with a keycap puller.<br /><br />Unfortunately, my set came with a blue ink smudge on the  ""3"" key  (see pics). The ink appears to be on the top part of the plastic case, but transferred to the key itself. All the other keys were in good shape.<br /><br />An overall fun set that I'd recommend",B0BJZRKHBG,B0C48XL8M7,AHUPTBY3F3UN2S5H7K5JLP6MAV5Q,1670014844210,0,False,644
5.0,"Feels premium, is premium!","Absolutely perfect for my car! No extra crackles, distortions, or other audio imperfections created by this cable, it sounds great! The cable itself is very flexible and can be smashed without damage! The ends are full metal and feel amazing to use, and overall makes me feel like I'm using premium audiophile equipment for a fraction of the price!",B00R124LAK,B00R124LAK,AHZOJQDTMJ6WIHY2RV7PB6K5TG7Q,1669777319550,0,True,348
5.0,Great option!,"Noctua thermal paste is one of the highest recommended thermal pastes by gamers, PC reviewers, and YouTubers. I'm here to confirm that it is awesome! The consistency is perfect, not to running not too stiff, so it's easy to spread and get an even application on the dye. Thermal transfers great, I repasted the CPU and GPU on my PlayStation 3, and the temperatures decreased by a good 5 to 10°! Highly recommend!",B002CQU14A,B002CQU14A,AHZOJQDTMJ6WIHY2RV7PB6K5TG7Q,1665514761740,0,True,412
4.0,Quality product. Not sure why space bar didn’t work with internet browser.,"We love Logitech and have many of their products including the beloved [and discontinued] harmony remote.  It was easy to connect my iPad to the device.  The ergonomic feel of the keys is fab, and great quality.  The light up is just enough without being glaring to the eyes.  It worked great with email, but the space bar didn’t work when you are using it to type this review via internet.  Also connected to android phone,  android laptop and Apple products.  Only issue was space bar when typing in internet browser of Apple iPad.  It allows you to switch between 3 connected devices, which was really cool.",B098JCTY32,B0BLHNNSGG,AHPFHP43AXWRYZZ4HPNCW7I7J3ZQ,1636672275107,0,False,610
5.0,Works as designed,"Fits in the wall outlet perfectly, and has plenty of plug/charger space for multiple cords.  It works as designed and I am pleased with its performance.",B07CCGBB7M,B0BCPC68J6,AELHB5QYXVSXZM263JIARJBWPOSA,1582551830192,0,True,152
5.0,Perfect angle!,This mount creates the perfect angle to see a little more than just a straight view of surrounding. I love it.,B09KNVBWNF,B0BP9Z1LB5,AHTEOSDSQUKSSIWFA3WYLFSSZBYQ,1656859882805,0,True,110
5.0,SILENT Not rechargeable requires 1 AA batteries (not included),"word of wisdom: there are TWO types of mouse for sale ""RECHARGEABLE"" and ""SILENT"" the SILENT is NOT Rechargeable. So be sure you are reading reviews for the product you want. Also, for some reason some people think this is a 'BLUETOOTH' mouse and it is not.<br /><br />Linked to my HP Chromebook and my Dell Windows laptop immediately. It fit very comfortably in my hand and glided over my mouse pad easily.  It performs exactly as advertised and as I needed it to do.  This model has 5 adjustable DPI (2400/2000/1600/1200/800), I have never used this function and don't know how it works but for those people who use it the 5 settings seems impressive.",B087Q8L2YQ,B09Y1PSVTB,AFWVN52MRBWOTIK7UGXBWGOY4HBA,1597284498559,0,False,653
5.0,Lightning Fast!,"If you're a gamer, you'll love the speed and the slick light effects you get with this product. It's compatible with both Intel and AMD processors. It's easy to install if you have experience. It takes your computing to the next level. I also like that you get to choose the color. The red reminds me of a racing car. This is top of the line quality. I highly recommend it.<br /><br />Thanks so much for taking the time to read this review.  I hope the information that I've provided helps make your decision a little easier.",B08T8ZG6Q8,B08T91YHPW,AFQQQ5LGNSQUEBGDCYBAZZE5T3DA,1614193223146,3,False,525
5.0,Great Background,"This background can be used for more than just birthdays. If you're good at editing, you can get rid of the letters altogether. It photographs very well. The fabric is lightweight and can be taped to a wall if you don't have a background holder. You can use an iron to remove wrinkles and folding seams. I highly recommend this product.<br /><br />Thanks so much for taking the time to read this review. I hope the information that I've provided makes your decision a little easier.",B083S3RB3W,B083S3RB3W,AFQQQ5LGNSQUEBGDCYBAZZE5T3DA,1584055137050,2,False,482
5.0,Makes Me feel Safer,"As a single female, I'm always concerned about my safety in certain places. I've often wondered what it must be like for men to enter a parking garage or go for a run at night without fear. This gadget makes me feel a lot safer in these situations. It's small enough to hold in your hand or place in a small pocket. It is INTENSELY loud. When I tested it, I could hear dogs barking from far away. It also has an LED light. If you want or need a little extra protection to make you feel safer, I highly recommend this product. Buy one for a friend while you're at it. It makes a thoughtful gift.<br /><br />Thanks so much for reading this review. I hope the information that I've provided makes your decision a little easier.",B07TT8C98W,B09S4C4CHW,AFQQQ5LGNSQUEBGDCYBAZZE5T3DA,1570473053275,5,False,724
4.0,Nice Video Light for Vloggers,"I selected this light for working with my camera, though I have other lights that are good for the tasks I have in mind. I have had good experiences with Logitech products and I had good expectations for this light. For the most part I am pleased with it.<br /><br />This is a small LED-based light that is designed to attach to a flat screen monitor and be used for video lighting. The target audience is very clearly vloggers and video makers, though it can be adapted for other uses with some thought. The main feature of this light which is important enough to mention is that it is a non-strobing LED, meaning no striping when at high shutter speeds.<br /><br />The light has a couple of settings that can be adjusted by buttons on the back. It can be brightened or darkened, and the color temperature can be adjusted as needed. I personally like using a warm setting more than a cool setting, but that's a preference and it changes based on what I am doing. There is some graduation in the levels though they are granular enough for my needs.<br /><br />The head of the light can be tilted forward and backward, so there is some adjustment that can be made. It is not adjustable from side to side, though. Also, it must be mounted on a surface where it can hang, not placed on a desk stand-alone. As such, it is specifically designed for hanging on a monitor.<br /><br />The one thing about this light that I do not care for is that it does not have any battery capacity. That is, it must be plugged in to a USB outlet to work. That's probably again related to being marketed as a vlogging tool, but it does reduce portability when a USB port is unavailable for use. It can be rigged to work with a power bank which is a sloppy work-around, but this is simply a patch.<br /><br />This is a decent light for video work and it is very definitely a tool for vloggers and video makers. It has no battery capacity so it must be plugged in to work, but otherwise it is a nice light that works well.",B097QZGRCQ,B0BWFQGY7C,AFLX66DKF6R3H6OEOC3TIVAYXZIQ,1645009420287,0,False,1998
2.0,Lasted 6 months. Magnets come out and won't close ...,Lasted 6 months.  Magnets come out and won't close so Kindle will not go to sleep.,B01M334NVP,B01M334NVP,AG3IIIN4QARMCMYS5TGLZUZ4HRUQ,1515681977041,0,True,82
5.0,Live the double charger,Perfect for as many cameras we have we always have charged back ups,B08CKJV9Z6,B08MRTZWJ5,AHPBIP5JNVD4ZDTULYEAAX2PBDGQ,1658638750982,0,True,67
4.0,Great but....,"I love it, but you can't download eBay to it.",B08F6HDRWN,B08YFJYD5Z,AHPVUPZYSW73GDFKTJQWM4HL3DRQ,1634763783207,0,True,45
5.0,Best bang for your buck headphones,"These are an absolute steal for the price.  You're not going to replicate the sound of $150+ headphones, but they'll do fantastic for a young kid or someone who just needs something for voice communication",B09QKC8KHR,B0BGP6R8XS,AE3C62JLCUWE273CJ3MNBXLJAJ6Q,1646256706441,0,False,205
5.0,"Nice 32"" LCD TV Mount","I purchased this for my 32"" Panasonic LCD TV which is in my bedroom. I wanted to get the TV a little higher up and off of the dresser surface. I asked my landlord to install it for me and he had no problems whatsoever. He works for Bosch Corp. so he knows a thing or two about quality hardware and he assured me that this thing was heavy duty. He was even impressed with the quality of the bolts that were supplied. He jokingly said that he could have mounted my Chevy Impala on that thing, so I have no doubt that this is a quality product which fit my needs perfectly. I paid less than $20.00 about a month ago on Amazon and bundled it with something else to get free shipping and I am glad I didn't wait any longer. The arm swings out from the wall and the TV also swivels so there are so many ways you can adjust the viewing angle. A 32"" TV is probably the limit, but for a bedroom, that is all you need. Don't wait, buy it.",B000WYVBR0,B000WYVBR0,AF6AJODJRJ4VMXE55IRLXKMUAXSQ,1292249593000,25,True,928
2.0,Nothing special,It's cute and fun but definitely not a tell all on the smells definitely could use some work and updates. A trip to the grocery store will prove more fruitful (pun not intended),0544005031,0544005031,AEJ2JQSEPTDNRU6TKQYZOUS6Y6PQ,1483546394000,1,True,177
5.0,Great,Got this for a game camera. Works great and no loss of pictures or being told you can't see them! Finally,B0143RT8OY,B07WMB4XS4,AHYWYS3ZCNA62VY2WPFMHZXYBU6Q,1511106096468,0,True,105
5.0,Best customer service,It does what it is supposed to do!,B08FXK18BY,B09Y55WW5P,AETXMYPV6KHWTNVRXNXFYQN2TZNA,1646073363381,0,True,34
5.0,Blink doorbell,"Bought to use with other Blink products, works great",B08SGR2G65,B0BM2YG2K7,AEXTSZOMHUDQZ46764RKBNZ2WANA,1664648763057,0,True,52
1.0,"Item not as described, did not fit my laptop","Did NOT fit my Dell Inspiron M5030. The tip won't fit the little jack on the side of my laptop. Bought a quality adapter/charger straight from Dell, cost $59.99 but 90w (better than 65w with this model) and it FITS.",B01MS1UZAZ,B01MS1UZAZ,AHIIIXITFYOOEPURI5DOA5DPDJ4Q,1561068897257,1,True,215
5.0,It simply works,"It's been holding my GoPro 9 on the windshield of the KW I drive at exactly the same angle I set it, for over a week, even though I've unclipped the GoPro mount from the windshield to swap mSD cards at least once a day. Unlike other solutions, once it's tightened down it doesn't move. That's all it needs to do.",B07D7TQ5VR,B07D7TQ5VR,AEBEVCYY3HASVJ2Z5Q2Q36TENT2A,1673977282258,0,True,312
5.0,Better than OEM,Quality.  Better than the original.,B01I2MXME8,B01I2MXME8,AHOUSIB6RBPP2QOAGC576XXTVK3Q,1479472363000,1,True,35
5.0,Good choice,I bought this memory for my Nikon camera.  After hundreds of cycles of still pictures and videos it is still performing like brand new.  Very fast transfer rate.,B00FB4657C,B01N0H8WUZ,AGK3NYKU3CARH7ECUIKNPLUMO4OQ,1426737175000,0,True,161
5.0,Five Stars,I am sure my granddaughter will love it,B01BHBL6US,B01BHBL6US,AEPS4PAETQFKIPROSTLJDHQJAVKA,1481253247000,0,True,39
2.0,Coding instruction are wrong to make it actually work,My son built it and liked the challenge but we are having issues because all of the coding is outdated or wrong. We have yet to get it to actually work and are researching what people are saying to do to fix the issue. The instructions provided are not real clear on the coding aspect.,B01K1UKI46,B01K1UKI46,AHKMQQJ4WQ42244ELUBC3DGX4WFQ,1548521004344,1,True,285
5.0,Perfect size for work,Bought this for work.  Fits on my salon station perfectly.  My clients love being able to change the music to their style.,B07HZLHPKP,B07HZLHPKP,AEYMK3KJY74JL6F6CXSCU77GX7TA,1636654586200,0,True,122
5.0,"Great for Watching Movies,  Netflix, and Playing Games","This is a really nice Fire tablet,  especially for watching movies/Netflix or playing games.  The screen is 10 inches. The color & picture quality are sharp.  I recommend it to people to use it in the Landscape mode.<br /><br />Unfortunately I want a Kindle Fire expressly for the purpose of reading.  I love seeing the colorful covers like on the actual paperbacks and hardcovers. I enjoy reading my books in portrait format & though I loved it, the Fire 10 was just too heavy to hold & read especially with one hand.",B00VKIY9RG,B00VKIY9RG,AFQW7QX2DREMFPK5WSMQKG27UOQA,1456805464000,0,True,518
5.0,Exact Replacement for Remote,"Looks and operates exactly as the Samsung remote, but much cheaper.",B081Y3WTPD,B081Y3WTPD,AFD2SYZ6L3OELGTTAK4K7CJIL4RA,1608128535884,0,True,67
5.0,Good quality at a good price.,"Good quality, good price and this brand holds up very well.<br />Looks nice, will buy again in future.",B06XSC7KK5,B06XRTFG29,AEXYAYKO4JSMM7ALG7YY3P67FXVQ,1657834168747,0,True,102
5.0,I really like it. Wish it would do video calling with phone calls not just will Alexa users.,Wish it would do video calls with all phones not just with Alexa users.,B07HZLHPKP,B07HZLHPKP,AHD3SGVRXFVGRKTMKSVOHAGVHRCA,1578270514585,0,True,71
5.0,User friendly,We are using it to share pictures of our newly born grandson with his great grandparents who are patiently waiting to visit him.,B01N7ENHO6,B0BV3FZ8KY,AHST4Y5HXCOAMAJPGQ6N6QXO5YMA,1622481979912,0,True,128
5.0,For now a 5 start rating. Will update my experience in 30 days or so,"Okay so I will start off that I only paid $49 for this device so a 5 star rating is simply because I'm not heavily invested in this from a cost perspective and for $49 it does the trick and more. I have purchased this inexpensive version to see if I'm a Dashcam kind of person. I purchased the Sandisk 32G card which was super cheap to buy (9.99 I think) and started my dash cam journey.<br /><br />Why 5 stars - It's only day 3 but so far this works as expected. Good resolution and functionality and it is small enough that I installed it behind my rear view mirror and just leave it in my truck. The accessory cord is really long so there is good flexibility to move the camera around my cab as needed and the suction cup mount is the way to go. The packaging was good but the instructions are HORRIBLE.  It's 2015 so I have no idea why you can't spend the time build a quality instruction sheet.  I have had to figure out how to operate the camera on my own which so far has worked.  Today I stuck the camera to the windshield, plugged it in and drove 1 hour to work and another hour back.  Worked flawlessly and I realize that I am a Dashcam kind of person now. Simply plug the mini-USB into your computer and view the video files straight from the explorer menu.  I'm not sure how long this camera will last. I will update as time passes. I recommend a 32g mem card if you plan on using this a lot and recording in HD. For $49 (plus storage card) this is a great insurance policy. 2 cars pulled out in front of me today.  If they had hit me I would have been able to prove them at fault.  Also, turn off the motion sensor while driving unless you want the camera restarting often.  I found to let it just run is the best solution. Maybe use the motion sensor if you are using the camera as a security feature or something.",B00XTSV0G8,B00XTSV0G8,AEK6AABY4MSTUZE43RRLERCDBXVQ,1438894608000,25,True,1828
5.0,Good price and quality,Very nice tv and a great sound bar.,B07F2YLMF5,B07F2YLMF5,AGGCOGRPBF6EW575FNSPKLJXYQAA,1633064678832,0,True,35
1.0,No elastic band,No elastic band so as soon as you open the case the iPad falls out.,B07BS8YGZH,B07BS8YGZH,AGNC4AJIUOOODBEV5ETDGG4GJO4A,1598700558625,0,True,67
5.0,Couldn't have gone through Sicily and Italy without it.,Worked great when daughter and I went to Italy,B001ISUCNI,B001ISUCNI,AH57UQ3IE2TH2COG2LKAIHVE6OKQ,1446525478000,0,True,46
3.0,"Recommend...Very cheap, works well, but I believe it crashes my laptop.","While I like the product and was able to get it to work with the help of user:/Greg's link to the drives...I believe this device crashes my laptop when plugged in.  I haven't done a proper root analysis on this, but when I had the device plugged in, my laptop crashed often...when not plugged in, no crashing.  So, I can only assume this device is at fault.  I have not determined whether it matters if anything is plugged into the ports or not...but I just found it easier to leave it unplugged when not in use.<br /><br />Overall, it arrived quickly, and works as advertised...I'm just not happy with the constant crashing/freezing of my laptop.  I'd still recommend over others due to price and availability of 3 vs only 2 ports, and no need for a power supply.  So give it a shot, it's only $15.",B00F875HK8,B00F875HK8,AFGG4RDQ6D5G3ZUI4AWT23VCXBHA,1436911288000,1,True,799
4.0,Have one plug and need some distance.,This guy does the trick and I like the sections can be turned on and off independently/,B01FHMPV1S,B0BBR71NCL,AFMKRGS25NE4HPMVPBDC6M2BKUYA,1592401626509,0,True,87
5.0,Best bra!,Always love this bra! Flawless! I would love to see a few more colour choices.,B006YNTJ6I,B006YNTJ6I,AEEFMGZPLL5SFSPYSXWDJXFSRTKA,1409248859000,0,True,78
2.0,Come with a worthless little stand,the stand that comes with the tv is a cheap plastic and it hard to connect to the tv.  nice little tv though but due to the stand I give this a two star because the stand is a pretty important part,B00BCGRZ04,B00BCGRZ04,AGNZOHSWVTKWQ2XAOWYIT5WMCNWA,1386512112000,4,True,197
1.0,It’s about as reliable as a bag of chips,I have gone through 2 of these in the last year. I don’t even play video games often and when I do it’s either Warzone or Dayz. Each CPU has had less then 400 hours on them and they keeping breaking. I’m not overclocked or any non sense. Don’t bother buying just go with an intel. They won’t replace your broken product either so enjoy a worthless chip.<br />You’ll love it until the very second it breaks and I assure you it will break. Absolutely livid!,B08164VTWH,B0B5HVBK4L,AFCDHQQOOP6W2XFH7NAREBET6OZQ,1654630720049,9,True,455
4.0,"Good, General Use Laptop","So far so good. I've had this laptop for just about a month now and it's done everything I expected of it. I'm not a gamer. I needed a machine to maintain my ebook collection, edit and manage my photography as well as general email and web browsing. As another reviewer has mentioned the keyboard is a bit flimsy feeling but I'm getting used to typing lighter and that seems to work. Everything on the laptop works the USB 3.0 port is screaming fast. The memory card reader reads the cards from three of my cameras. The touch screen is very responsive. The only thing I found lacking was no support for playing DVD movies. When I contacted Asus about it they first pointed me towards an uninstalled CD/DVD authoring utility that isn't installed but was put on the drive. When asked again about playing DVD movies they shrugged and suggested I go download something. I'm quite happy with my choice and for the money this does everything I really need.",B00K9PQMD0,B00K9PQMD0,AFUSWNVA72MMWHGYWJ652SYX2JJQ,1426964459000,1,True,950
5.0,Solid mount for Wahoo Bolt,Excellent mount for Wahoo cycling computers. Quality materials and construction.  Easily mounts to handlebars.,B0759TZQTR,B0759RNQ3Q,AGVN63Y4ZAL23AZZF3F76O5OG3LA,1654181059349,0,True,110
2.0,"Good Idea, Poor Execution","First of all the mounting holes are too small for standard case screws that hold in the blanks. I had to drill the  support holes out to get the standard case screws to go through the mounting holes.  The supplied screws are too small diameter to be able to tighten down the unit to the case blanks if you use those screws.<br />If you have a long card with three fans, the adjustment design stops the  slide from going fully to the end;so, you have to make a choice: 1.  Put the support  pad in the middle of the card or 2.  Put the support pad into a fan.<br />There is about a half inch of travel left in the slide when it hits a production tab that stops it.<br /><br />If you think you need one of these, just remember it is not ""plug and play""; must modify it to make it work. I tried it on three different cases by three different manufacturers.  It was the same there,too.",B08YYPSGMN,B092D3FBMR,AFRZT4CA3LWX5ITFOWONN2KPKCFA,1644624714914,2,True,880
5.0,When you need a corded mouse,"... this is a great and inexpensive choice. I am a researcher, and my solitary foray into the realm of cordless mice taught me rather quickly that batteries don't last long when paired with long workdays. If your need is for a sturdy, apparently well-made computer mouse, choose this one!",B009ZPS3WS,B009ZPS3WS,AHLRW7X4WVLZJDS6BM6J3YP3NNSA,1393569335000,0,True,288
5.0,No complaints,I'm using them now. No complaints. I like the red braided cord. Stands out from the basic black.,B07FK7LMCF,B08JQ42WFN,AHN535MBJTI4BGLTUORFR3TLABLA,1565821045170,0,True,96
1.0,Does not fit 2016,"Does not fit!!! About 1/4 inch too large, no spot for S pen. Waste of money.  Will be returning.",B01M6YE99A,B07DCRBMDD,AHDXCFTV7RS3AM6E2TRPWOG3A33Q,1639508249895,0,True,96
5.0,Well Priced Projector for Movie Nights,"With not being able to go out as much lately I wanted to find a fun way for our family to have movie nights. I had been thinking about a projector and saw this one go on sale low enough I figured I'd take a gamble. It has worked great for movie nights in our backyard. I've hooked a dvd player up to it, but most times we just plug in the chromecast and use our phones. We did have to get some unexpected extras to get the full enjoyment out of this: a 150in projector screen (the project goes up to 200), speakers (because the built-in one just isn't loud enough for outside), and a tripod.",B089NHQZGD,B089NHQZGD,AHQ227MFHJURWYG7X3X4KFHAPMSQ,1599393010843,0,True,591
5.0,"Fairly generic, but well made","Not too many years ago purchasing charging cables was hit-or-miss. No name brands like this one were usually shoddy and would not work will some phone brands. That has changed, so these days I shop strictly for price and have never been disappointed. I purchased these based solely on price and long length and am not disappointed. As an aside, I purchased this pack to power a device that required 5v via a micro USB cable. These cables do the job and are sturdy. For me it was a safe purchase.",B06XYH75NQ,B08DCYHFD4,AG3S4FROO422V5KP7DJCBXVUQLJQ,1618169741254,0,True,495
5.0,Perfect for low draw USB devices,"I received this as a free review sample. First, this is for low draw devices like mice, keyboards, thumb drives and the such. It will NOT support an external drive that gets its power from your machine's USB port.<br /><br />For me this is perfect because it's USB 2.0 only (although it will also kick down to USB 1.1). I am using it on an old ThinkPad T61, which immediately recognized it as soon as I plugged it in. I did not test the Ethernet connection (which needs a separate driver on my XP machine), but the USB ports are problem free.<br /><br />As a test I tried this hub on my Note 4 phone using a [[ASIN:B00LM4PDUU LinkS Micro-USB 3.0 OTG Adapter]] and the USB ports worked like they did on my T61. Again, I did not test the Ethernet port, but did populate two USB ports with a keyboard and mouse, and both were immediately recognized by the phone.<br /><br />Bottom line: this is a nice way to expand USB ports for low power draw devices. The Ethernet port is a bonus and especially if you need to direct connect to a router, but you may need to download a driver to get it working.",B00LM07HKI,B00LM07HKI,AG3S4FROO422V5KP7DJCBXVUQLJQ,1442330042000,0,False,1094
5.0,Great idea well executed,"For bicycle enthusiasts this is an excellent speaker/radio combination that has decent sound and a lot of convenient touches. I received mine as a review sample from the manufacturer.<br /><br />I'll cover the sound quality first. In a word, it's adequate. Not overly spectacular, but sufficiently loud to be heard over road noise while trekking through streets and paths. I do not view the quality as a problem because in most biking environments the sound level is more important than fidelity. Plus, the safety factor of having a hands-free solution is the major reason for getting one of these.<br /><br />What impressed me is when I turned this on all I had to do is scan for bluetooth devices from my phone and it popped right up. I did not have to press a multifunction button and chant, hoping the device would show up like other bluetooth speakers - it was immediately there.<br /><br />Another thing I love is the buttons are on the top of the case and when the speaker is turned on they light up blue. I have stationary speakers which have buttons that blend into the case so well I cannot readily find them, so this feature removes one major distraction when you are on the road. In the dark the lights are soft enough to not affect your night vision. The only improvement that I can think of is to use red lights instead of blue because those would actually promote night vision. Perhaps the designers will do that in the next generation.<br /><br />Some of the other nice touches are the ample inside space for a phone and other incidentals, plus a ring clip on the outside for your keys. I also love the three point attachment to your handle bar and steering post. It is easy to attach and remove. In fact, that takes mere seconds.<br /><br />Having a removable battery is yet another design factor that makes this a value. Most bluetooth speakers on the market have a fixed, internal battery that will eventually wear out. When the battery in this one inevitably dies you can quickly replace it with a new [[ASIN:B0006HP7NC BL-5C Extended Li-Ion Battery]] and you are good to go another 500 or so charging cycles.<br /><br />Finally, the semi-hard case, heavy duty zipper and construction are all first rate and clearly designed by someone who understands the rigors of biking when it comes to gear. This entire unit is built to withstand the outdoors in most weather conditions.",B00JDN86EM,B00JDN86EM,AG3S4FROO422V5KP7DJCBXVUQLJQ,1397404256000,12,False,2395
1.0,One Star,"This is our 2nd pair.  The first broke (after the 30 day return period) at the jack.  For this pair,  after 2 months, sound only comes out of one side of headphones.",B00R9DIOEU,B00RBFRY9C,AGPAUTMCNQ2HSHK7C4QSFFB5ZHMQ,1457191480000,2,True,165
5.0,Perfect for diabetes supplies-meters and lancing devices!,"We actually use this for my daughter's diabetes meter and lancing device. Its way cheaper than products intended for glucose meters. Fits everything perfectly and attaches to her emergency kit. Love it! This is the 3rd one we have purchased. We are rough on our stuff and it gets filthy, so we need to replace her meter cases about every 2-3 years. These camera cases are perfect!",B005X6F9Y8,B005X6F9Y8,AHTX7RVI3UUEM3ZYAOSV7POOYZBA,1435944981000,0,True,380
5.0,Sturdy nostalgic bag,Bought this for a chrome book and it’s holding up to some rough treatment. It’s cute and fashionable for someone who likes Nintendo.,B0922L7T19,B0922L7T19,AEJCRR4VQSO2535H64Z5GXJR3ZTQ,1655230861142,0,True,132
4.0,Not brand name gopro,Lots of different stuff some is better than others,B07K1RSNT4,B07K1RSNT4,AGAK2JGVHHP7ZTXOMZHOZRGZ2OGA,1586582820909,0,True,50
5.0,Great Sirius tuning module,"Plug module into radio and plug in your satellite antenna to the module, done. You get a satellite antenna for those who don’t have one on their vehicle.",B00NJTO4CY,B00NJTO4CY,AHIA5XPWTOJZDI54HLWISR5W43HQ,1560973384244,0,True,153
5.0,"Perfect fit, light weight","After many years, my 1st gen keyboard Kindle finally died. I replaced it with a refurbished 8th gen Kindle. Which meant a new case as well since the new Kindle is significantly smaller that my original unit. This case is excellent. The navy blue is a deep color that dresses the whole thing up. I love that the magnets put the Kindle to sleep and wake it up.",B07897S5D5,B07896PKZB,AHPOHKN4PU4W3V5PGFL7AGTAD2AA,1606856238316,0,True,358
4.0,Good size for traveling and charging more than one item at a time,"My husband travels with his job often and into a variety of countries and we have all sorts of adapters lying around. This one packs nicely. This one is a nice size and provides multiple outlets so you can charge more than one thing. The system seems to work well - he's only used it once so far with his phone and tablet. Both charged correctly and nothing overheated. Keep in mind though, that these sorts of adapters are never meant to be used with stuff like a hair dryer etc.",B07WKLSQDJ,B082R8BTLV,AHPOHKN4PU4W3V5PGFL7AGTAD2AA,1570309955334,0,False,480
5.0,Excellent Deal!,So glad I found deal on this! Prime member bonus!,B08C1W5N87,B08WJSHSLC,AFIYMEQWGFN6JR4ELE5YVDCRCPZQ,1666879780944,0,True,49
5.0,I am a Fan of MagSafe,"I am using this in one of those table-top stands, and it is very nice to have my phone connected to the stand via MagSafe, which makes it very easy to put the phone on for charging.",B08L5NP6NG,B0BVY4JVNG,AFUHQI57RBU4SVZEM55LB2FHAPWQ,1613282375332,0,True,181
3.0,Not real sturdy but fits perfectly!,"Most of the reviews on this case are actually reviews for the Vankyo S8 tablet. The case fits the tablet perfectly, but it is rather<br />flimsy and hard to hold. Probably the best of the few cases that fit this tablet!",B087KN39XQ,B087KN39XQ,AEU47A5R7NFWXCQLJMZA34AM63EA,1599162176658,1,True,219
5.0,Five Stars,"Great, The best of the Beast of cooling products",B002G392ZI,B002G392ZI,AFU6RT4UPFKAI7BFBTLUSYDWML2A,1454775468000,0,True,48
5.0,Adaptable to most smaller tv's,as bought for 32 inch and used it on 49 inch TCL,B073F8D8ZZ,B073F8D8ZZ,AGHQT3DXTUR3CK6FT36XA54GIOJA,1540552444774,1,True,48
4.0,Finally replacing the sticky note cover over my iPad lense,"These covers fit over my iPad front lenses very well. With the black cover, it hides in place very well.  The only draw back is that it can slip down, and dose so it times. So I do check it every now and then to be sure it is covering the camera.<br /><br />Please note that the picture included in this review was taken with the iPad’s camera in a mirror. The package does come with 6 of the covers.",B09YHJYBCR,B09YHJYBCR,AEJFGVOJDY43M34SKOQ73MR5LDOQ,1658685028807,0,True,400
5.0,Great set of Headphones,This earphone works great and gives a very good sound quality,B079RC9338,B079RC9338,AHQWK4NKFDKGBECSGREIYM2F3INA,1558892156383,0,True,61
5.0,Excellent Security Camera,"I owned several Arlo cameras before adding this refurbished Arlo Pro to my network of cameras. No problems with it at all so far after a month of use. Easy to set up and use, either from the web site or app. I would buy another refurbished one if i need to.",B079YDZ3QJ,B079YDZ3QJ,AEXG32OSTFFGCNM524KWEK24VFTQ,1550626234158,0,True,257
5.0,Cools GREAT!,Works absolutely great for cooling my gaming laptop! Excellent product!,B00NNMB3KS,B07JL18G1D,AFK4TT2JRBD6VFCVJMHXQDKT6HVQ,1624296261245,0,True,71
1.0,Confused clock,"With this clock, AM is PM and PM is AM, and if you set the alarm your stuck with it going off at the wrong time and then you can't shut it off. Plus when you do try and just use it in reverse and call it a day, it decides to go off at 9:30 twice a day.",B07MNXW1SJ,B07M65Q52M,AF7XPCZPUJEZBOQBLL7P4CVNB6UQ,1621375600886,1,True,252
2.0,all these styles no matter who its bought from lose their color/design,"The band quality and functionality itself is fine. Works perfectly with my Versa2. Good length, good secure band, plenty of holes. BUT, the design comes right off. Boo.<br /><br />Here's the thing. This style is just like that. So it isn't a one off situation. I took a chance on this because my experience with a similar style and from a different company for a different fitbit had exact same result- the design wears off quickly. Too bad because I think a lot of us would like a cute colorful band.<br /><br />And so, I am here to say that you should expect the design to wear away, particularly at the point of where you secure it down through to the end. It isn't a matter of not taking care of it or exposing it to harsh chemicals etc. It is just a color printed over the base material and it can't stay on for long. My colorful band is dwindling down to a solid white band.<br /><br />Buy it if you don't mind the design wearing off quickly. Buy it if you need/want a certain look for about a week before it disappears. But don't buy if you think it will last It just wont.",B08F7TXBWV,B08F7TXBWV,AF2BLE54TEMGZ546U763ZHZRXC4A,1604078877446,3,True,1080
5.0,"Perfect fit, well-made Beach themed iPad mini 5 case",Well made beautiful iPad mini 5 case with a gorgeous and calming beach scene. I love it.,B07QDM6XBG,B07QDM6XBG,AGESJTYAOUG7J5VQWKQZIHULXTNQ,1565698101355,0,True,88
2.0,Poor quality,Returned as it felt like I it was going to be first time used it,B07G7546RW,B09R3Z5BPQ,AET2MOXTFJ6J5XDYDYEZGAPQJXHA,1553973589666,0,True,64
5.0,A fun little microscope for young and old.,"Seeing things under a microscope is both fun and educational. This is a beginner level microscope, but it has the basic functions of the ones used in schools and some colleges get one, you will like it. Thank you for reading my review. I hope you find it helpful.  OZ",B08R6SJH32,B08R6SJH32,AFHPJTBQYQHQXIFBAODXDAIGCGMQ,1617321660455,4,False,267
5.0,"For those who still have cassette players, this is a must have...","[[VIDEOID:965384c821866d92d79f7efd5009542]] THE GOOD:<br />---------------<br />* Non-abrasive.<br />* Improves playback sound, provide more clarity.<br />* Dirty heads can eat tapes. Cleaning your tape heads will reduce those chances.<br />* This tape cleaner works exactly like the tape cleaners from the 70's, 80's, 90's,. Nothing has changed. LOL!<br />* Both sides can clean. No need to rewind if you need to clean again. Just add your solution and flip the tape and play it back.<br /><br />THE BAD:<br />------------<br />* Nothing at all. You can use alcohol and some q-tips, but since they're starting to make these again, I had to get one for old times sake. I haven't looked, but can you even get tape cleaners at Best Buys or something anymore? Anyway, this works, and it's 5-Stars!",B09KX429NB,B09KX429NB,AHR6RGZTLOMBD7EBF3OK43JWMGNQ,1648537202994,27,False,794
5.0,"Nifty idea, but slower charging speeds...","[[VIDEOID:79526b07ccdde970c8fc7ce20ed2a28]] This is pretty nifty, but at the end of the day, I'm not sure how practical it is. I think we now live in a world where we have a gazillion cables in our home, so most likely you are still going to reach for whatever cable you need. Theoretically, these could be useful when you're in a bind. For whatever reason, lets say your lost your iphone cable, these will come in handy. But if you have a choice of the real cable or using this cable with the adapter, the choice will always be the real cable simply because they charge faster. You lose a bit of speed using these magnetic adapters. I know myself, I know my habits, and I'm 100% sure that I won't be able to find the box with all the adapter heads when I need it one day. LOL! These little heads looks like they can easily be lost. Very nifty, and I give it 5-stars for being something that is a reflection for the sign of the times.",B08FR4VCPL,B08FR4VCPL,AHR6RGZTLOMBD7EBF3OK43JWMGNQ,1603062382300,0,False,934
5.0,Excellent!!!  Batteries don’t fall out of their slots!!!!,"[[VIDEOID:300c310b8ba97f538018a134c2af5387]] This case has everything for all my batteries.  No more scattered batteries in the junk drawer.  They all fit in this case.  The batteries do NOT fall out of their slots.  The case has a tough exterior, a good zipper, plus a handle to carry the case.  The battery tester works too!<br /><br />Trust you found this review honest and helpful:-)",B09TL6K4XF,B0B9S8G1RN,AFKMX6JZ655VPVYHBTATZQS4IBOQ,1656206261250,0,False,387
5.0,"Nice and Fast, plus it lights up!!!",[[VIDEOID:c29aa7cde870eadbf621aef592fb203d]] Works great and is blazing fast.  The casing feels average.  The lights are unique.  And it’s push/pull sliding connection stays protected and dust free.  It has simplified my pictures and video file transfers very quickly.<br /><br />Trust you found this review honest and helpful:-),B092M8VFDT,B092M8TDPK,AFKMX6JZ655VPVYHBTATZQS4IBOQ,1648781291737,0,False,329
5.0,Works well and easy hookup…,Great picture quality.  The unit sits out of the way and records front and rear. The rear cam help to cover almost 360 around the car when positioned with the front.  The unit itself is well built and provides safety video from within and without.  Good HD vid and pics.,B09KBCTWLH,B0C2YT2GF4,AFKMX6JZ655VPVYHBTATZQS4IBOQ,1646629074148,1,False,270
5.0,"Amazing Sound, Mechanics, and Aesthetics…","[[VIDEOID:1f1469dc7f1c9a0295244175ca6e824e]] This devices produces high quality sound at high levels too.  First, setup was simple.  Just remember to get the counterweight out before you throw away any packaging.  Next, connect the included wire speakers.  I like when you turn it on the light will turn blue for Bluetooth connection.  The red light is for the on position for the records.  The lid opens easily and stays halfway open for use.  The bottom has adjustable quality rubber feet on the record player.  The sound…all I can say is…WOW.  If you want to her every nuance of each instrument and voice reflection, this reproduces it like you were right there when it was recorded.  Overall, I’m blown away by this system.  It just sounds that good!<br /><br />Trust you found this review honest and helpful:-)",B095SQ1GP5,B095SQ1GP5,AFKMX6JZ655VPVYHBTATZQS4IBOQ,1633800164857,7,False,815
5.0,Perfect for touching up old painted speaker or bare wood,This paint has a nice heavy duty texture.  I lug my guitar amps around and they get banged up a lot.  This helped to touch them up and make them look new or close to new.  Highly Recommend,B07Z5SDZHD,B07Z569NQS,AFKMX6JZ655VPVYHBTATZQS4IBOQ,1609637814405,0,False,188
1.0,Review for FABRIC TAPE,"Seems all other reviews are not specifically for the fabric tape, which I bought. It is nothing like the Brother brand tape, and is not even fabric. I used the Brother fabric tape as labels for my kids clothes and this brand’s is so stiff and plasticky my kid is sure to complain. Don’t bother trying to save here.",B07HQHDW87,B0B24K5WND,AESPM4HQVZUV6LMKLDOLPJWAADCA,1556853526020,4,True,314
5.0,Great External DVD Drive,"This is an excellent external DVD drive which allows you to watch movies or burn CDs/DVDs. I do a lot of work with photography and I found the SD and TF slots to be very useful. I have an adapter, but now that this external drive is always plugged in I can just use the slot on that.<br /><br />The drive is very small and has an attractive black casing. The connection/power cable folds into the body of the drive for convenient portability. I do wish that the cable was longer because I use this with my desktop and I'd like to have the drive on my desk rather than perched on my computer. However, for portability, I understand why the cable is short.<br /><br />You do not have to install any software to run the drive, but you will need burning software and software to watch DVDs. These programs are likely already installed on your computer, and there are free versions available if you need them. If you have a computer that does not have a DVD drive, this product is  an excellent choice.",B0888NC3QS,B0888NC3QS,AFNL6B7KCS3NN3K5ADRPXO7EINUQ,1593012723240,0,False,997
5.0,Great stickers,"Great variety while sticking to it's theme. I really liked these stickers, they were a good size and none were missing or damaged/miscut. I like just how many different themes you can get from this company, and they are all so unique. No repeats. The stickers themselves were good quality, being well printed and cut.",B0BDXLW7BN,B0BB6DDV45,AE7YYSYFEWAYIUCAK4W33CHPP4JQ,1678056399153,0,False,317
5.0,"Super thin, lightweight, easy to see writing, love it!","This writing tablet is very large in size which I LOVE, very thin, very lightweight. Nothing but happy with this! The writing shows up as bright green, almost neon looking! Very easy to read the writing. It has a sliding lock function that holds in place well so you don't accidentally erase your notes/ drawings. The erase button works just fine. Very easy to use, I love this thing!<br /><br />The battery compartment is on the back and takes one little screw so it's not hard to access at all. Overall this is just a great writing tablet! This is like the 7th writing tablet I've gotten and by far this is my favorite!",B09DPQDR6W,B09ZXXPQRV,AE7YYSYFEWAYIUCAK4W33CHPP4JQ,1644206767021,0,False,621
5.0,Easy to set up and work flawlessly!,No more coming home to chewed up cords courtesy of the cats! These work great at clearing the clutter of the cords and keeping them out of easy reach of the evil cats that love eating them. Definitely recommend these cord covers!,B08KSLD2BT,B0C61VP3BF,AE7YYSYFEWAYIUCAK4W33CHPP4JQ,1614463944456,0,False,229
5.0,Perfect for the price! Nice little projector that won't break the bank.,"I love this little projector because it's not giant and bulky. It's easy to set up and use. The picture on this is really good for what you pay, just know you'll need a dark room for the full effect! If you want a projector to use with the lights on then you're looking at spending hundreds and thousands. For most people this projector is more than enough! I'm actually surprised at how clear the picture is on this- it's nice!<br /><br />We take ours camping and set a screen up and it's absolutely perfect for it! We have had people from other campsites show up and come watch a movie with us, it's really fun! Definitely recommend this if you're on a budget or looking for a portable projector that won't break the bank! As a bonus, if something happens to it while camping or something- at least you're not out several hundred or thousands of dollars on a more expensive projector!",B08G8KTB6F,B08G8KTB6F,AE7YYSYFEWAYIUCAK4W33CHPP4JQ,1609587922174,1,False,886
5.0,Great Kids Headphones,"My kid is totally loving these headphones. He plays way too much PlayStation with me and his dad and he loves using these to talk to our friends and talk to other people. They are super clear and no problems with hearing other people, the game, or music with these. We love that these have a safe volume feature so I don't have to worry about him hurting his hearing with these headphones. He is super happy with these and so are we.",B08BG2NPW1,B0C1BSJRYB,AGVXN42IKSKKBNVFGKCMKIZEBNSQ,1602818000661,0,False,433
5.0,Great Cable,Totally loving this HDMI cable. Have it hooked up to my tv from my PlayStation and it works great. Works just as it should without any problems so far. Great cable for sure.,B00X8ZB300,B087DXN6CH,AGVXN42IKSKKBNVFGKCMKIZEBNSQ,1600042806133,0,False,173
5.0,Five Stars,I'm really happy with these using my adobe premiere to make short movies,B0072C80WY,B0072C80WY,AF4VAHTAJUP5UY6BOZG623H7KOEA,1484089274000,1,True,72
5.0,Very good projector,This projector is very good. We were pleased with the performance. We were able to make the screen very big. We were happy with the company. They are very popular with these projectors. It worked without a problem. It was a big increase in quality from our last one. So far so good.,B07XF3Q3NX,B083RKM25J,AGZZXSMMS4WRHHJRBUJZI4FZDHKQ,1580682571529,0,False,282
5.0,Easy Way To Make CDs,"My car has a 6-disc changer, and I also DJ sometimes, so I need my music collection on CD.  I buy a lot digitally, so I need to burn my own CDs.  This is a cheap way to do so, this 100 pack is cheaper than 10 if you buy them one by one!  Any they burn quickly and play back flawlessly.",B00K6M5IL8,B07BJ8TR96,AGZZXSMMS4WRHHJRBUJZI4FZDHKQ,1579534891053,0,False,285
4.0,"5 Stars It Would Be, but....","I lvoe this as I have loved every Kindle I've had. It is intuitive to use and the picture quality is grand. My only gripe is that the power switch is impossible to see in the dark and even when you do find it, activating it is a pisser. Otherwise a great device.",B008GFRE5A,B008GFRE5A,AFXMJCVLRCGRAEC7P37FZHEB24UQ,1356704269000,0,True,262
3.0,Decent TV Ceiling Mount - Could be Better,"We recently moved in to a new house and needed this mount to install a TV on our patio. I measured the VESA holes on our TV and knew this would work prior to ordering so that was not an issue.<br /><br />This will hold a 55” Visio TV from a vaulted ceiling.<br /><br />Installation is not as straightforward as I have experienced with other mounts though not terribly difficult either.  The issues with installation really come from limited space to work to attach the parts together and there not being great instructions.<br /><br />A few tips we found as we installed that will help you - first locate your ceiling joist stud to mount into.  Then find the distance from the wall where your TV can swivel both left and right to the farthest point you desire - then mark your spot.<br /><br />As with all mounting brackets you want to mount into a stud with as many bolts as possible.<br /><br />In terms of use this works but there are features that just should be more user friendly.  For instance if the height is in the highest position the cables will be pinched in place and can not be moved at all - the cable pass through should have a notch so this is not an issue as it is never good to have cables being pinched.<br /><br />In addition if you want to either swivel or tilt the TV a hex key is required instead of being able to do this with a finger tightening knob like most mounts - this is definitely the worst design flaw in my opinion.  This issue has left us unable to rotate our TVs mount that is “able to swivel” when we’ve had guests at our house due to not being able to locate the correct sized hex key.  Ugh.<br /><br />This mount works, but I would really only recommend it for locations where the user does not intend to alter the tilt or direction of the TVs screen very often.",B08ZNWX6YQ,B08ZNWX6YQ,AEP4CUO23WOOOEYSJBXWYLLHD5IQ,1632362265406,0,False,1803
5.0,"Incredible sound quality, super easy set up - GREAT BUY!","I paired this sound bar with our Sony XBR-65X850E 65” TV and it could not have been easier.<br /><br />While my TV would allow me to connect to the sound bar via Bluetooth I opted to connect via the HDMI ARC connection to avoid any sound lag.  In addition to these 2 connection options you can connect via the included optical cable.<br /><br />I followed the instructions - plugged the HDMI cable (not included) into the ARC HDMI port, plugged the sound bar and subwoofer into the surge protector and turned everything on. The TV automatically recognized the soundbar and changed my output.<br /><br />All I had to do was press the “secure link” button on the remote and the sound bar wirelessly linked to the subwoofer without issue.<br /><br />I decided to move the subwoofer to another area of the room - I unplugged it, moved it, plugged it back in and it reconnected without any problem.<br /><br />I was able to pair the system with my iPhone without any issue and the sound is stunning. From the rich bass of the subwoofer, the vibrant midtones, to the crisp highs - every note is clear and distinct.<br /><br />While I have a true 5.1 surround system most of the TV broadcasts are not going to utilize that type of system and the sound is actually richer through a sound bar with a subwoofer.<br /><br />This soundbar can be easily wall mounted using the included template.<br /><br />The entire system is intuitive and user friendly. While many sound systems require hours to hook up and figure out how to use correctly this one is so straightforward. The remote doesn’t have a bunch of excess buttons that you’ll never need or use.<br /><br />In my instance my TV remote was able to control it immediately with no issues.<br /><br />I highly recommend this soundbar for anyone looking for an easy way to improve the quality of the sound from your TV - and you’ll be pleasantly surprised by the rich sound it will deliver regardless of what you play through it.",B07PL6LDP1,B0BYSG291N,AEP4CUO23WOOOEYSJBXWYLLHD5IQ,1557523572115,25,False,1971
5.0,Good product!,Bought this for my mom's birthday. She likes it! Good product!,B01CRPV94G,B08YF1VBYD,AHFJ7WJ3XI5DPRXCBT4UBG6VJJPQ,1490830012000,1,False,62
5.0,"Sturdy, well made and good sound quality","I liked the original version of this iPhone headphone adapter so much,I purchased a second UGREEN iPhone lightning headphone adapter. I have several sets of quality headphones (Sennheiser HD598, HD599, Martin Logan Mikros 90) and want the best possible audio signal. Using these via the UGREEN adapter, I can stream HD quality music from Spotify and Amazon Music HD. If you have an iPhone and want the best audio signal for your headphones, I would highly recommend this item.",B07Q49SVYR,B08GFCX4Y6,AHKZUTJMNGUWX3K2WSZZTPLMZSGQ,1597522744283,0,True,476
5.0,Does what I need it to!,"This is a decent sized stick, it performed similarly to an average HDD in read/write speeds. The capacity is generous and it makes a great tool for file sharing. I bring mine with me on jobs to transfer content from client's computers to my laptop for editing. Definitely something I recommend keeping around, and for the price it seems like a good value compared to big brand names that charge more.",B08C9XJZL2,B08C9XJZL2,AGDSEYGSA5K664EUHWKV3ARDXO2Q,1599026573953,0,False,400
4.0,Very comfortable,"I've owned many wireless headphones, so this isn't my first rodeo. I wanted something separate to leave paired with my work computer. Earbuds aren't comfortable for me to wear for long periods of time so over-the-ear style is important. I have to admit, I like these more than I expected to. The ear pads are soft and slow to reclaim their shape like memory foam- this makes them extremely comfortable to wear so I don't mind keeping them on for a good portion of my workday. It also has a rubberized cover for the charging port and 3.5mm jack, which is surprisingly nice to find on a headset in this price range!<br />The sound quality is about on par with what I expected for this price range- that is, it is very good. Not blow-your-mind-amazing like sets that sell for hundreds, but as good if not better than others in this price range. What I didn't like, however, is the microphone quality. Yes, it has a mic, but I'd like to pretend it doesn't. The mic is on the headset by my ears and doesn't seem to be directed towards my mouth. This makes my voice sound distant and muffled, with ambient background noise sometimes on the same level or louder than my voice is. For calls I'd rather use a different headset, but that's OK. This ends up being used paired with my computer rather than my phone. It is pretty decent at passive noise isolation as well, reducing sound around you naturally. The only things I wish were better are the mic and perhaps a physical on/off switch rather than a button, but honestly this is pretty normal for headphones in this price range so I essentially got exactly what I expected.<br />EDIT:<br />I loved these so much, I ended up getting another on in another color for a family member. A great value for wireless headphones.",B07WNP64ZN,B08K4PNJ7C,AGDSEYGSA5K664EUHWKV3ARDXO2Q,1588714201396,3,False,1764
5.0,Now I can hear my PS4,"I have wireless speakers set up for my projector that use an 1/8 audio jack.  PS4 Slim only has a single HDMI out for audio/video.  This extractor works beautifully to allow me to split the audio off to L/R audio outs which then I use a ""Y"" jack to plug in my single 1/8 audio jack for my speakers.  No delay, no lag, works great.",B00BIQER0E,B0BSF5LM3J,AETH4FWXRDOAYEHXAIXTCNXJHJ7Q,1548515905716,0,True,330
3.0,I hope it is easy to use,"It's OK, and will serve my needs. I have not used it, I hope it is easy to use.",B01AA5YR8A,B01AA5YR8A,AFOVXHX2G43W2ZJ6347OJFFECHJQ,1532802707904,0,True,79
4.0,Works great,It does what it is supposed to do.  A great way to make SD cards more functional - moves files quickly.,B006T9B6R2,B006T9B6R2,AHI3FRM3WTD6OC2GVU4VFHAMN2AA,1367595473000,0,True,103
5.0,Excellent iPad cover,"Bought this cover for my Dad for the iPad mini we got him for his 82nd birthday. Obviously he LOVES his new tech toy, but he says the cover is really good and does exactly as it claims. I have the same type of cover for my iPad 3 and love it. Looks great, protects the iPad very well and is well made.",B009QQMEEY,B00L9BUM48,AEMSAB6U4VWVVKCJATP3HJNI2DCQ,1361462737000,1,True,301
1.0,Bamboozled,"If you are a teenager body builder, this is for you.  It is very difficult to bend or adjust.  It is on the closet shelf.  Where it will stay till I  throw it out.",B01AUQ33K2,B07N5ZPYFK,AG3CUTOQYEN4MR52RPX6ZEOPRNNQ,1608040998589,0,True,163
5.0,Perfect Backup,"This bag is the perfect sz for daily use. Fits my laptop perfectly. The bag is also lrg enough, but not oversized to fit a notebook or 2 and other paperwork along w my large wristlet. The addtl pockets perfectly stores writing utensils, hand lotion, etc.",B07KBXBV7C,B099WDLRTQ,AH5O4OVZD6CHWQ5NARIBEBHIRN7Q,1579438663913,0,True,254
5.0,Good quality photography essential...,This is just what my grandson needed for his photo studio when he is taking still photos of products.  This pretty much gave him everything he needed to do a professional job.  He tells me that “light is everything” so this reflector allows him to get just the kind of light he needs where he needs it.  Very sturdy and he is very pleased with the material.  Good choice!,B082KDF2N6,B09PHLPCVY,AG5FGCIM6PBJX3JNDRKQMITZTIMA,1583254197896,0,False,371
5.0,"For the serious, physically active...","Not being a runner myself, I can only report the reactions of my grandson to this watch.  He’s practically obsessed with it, as it gives him all the info he’s been recording in a notebook about how far, how fast, etc. in his quest for good health and strength.  He hasn’t been a watch wearer, but he wears this one now.  For the serious, active, health “nut”, this is a great gift.",B075RYCPJD,B075RYCPJD,AG5FGCIM6PBJX3JNDRKQMITZTIMA,1514654692737,0,False,381
5.0,Adds a whole new dimension to life!,"This couldn't have arrived at a better time - my granddaughter left to study in London for the spring semester, so I can attest to the fact that this hooks up easily and quickly.  We are spending so many wonderful times not only hearing from her, but seeing where she is living, seeing her and her new friends and generally being part of her ""action"".  As advertised the sound quality can't be beat, and the picture is clear and crisp. What a difference this makes in our lives!",B005UA65YA,B005UA65YA,AG5FGCIM6PBJX3JNDRKQMITZTIMA,1327345733000,0,False,478
5.0,Great HUB,I love this hub!  Sleek looking and works great!  I use it on my Retina 5K iMac since I never seem to have enough USB 3 ports.  Now I have some extra!,B014ZQ07NE,B014ZQ07NE,AHJOKJQEYWRJQSWYGDWUFLUPQUUQ,1466884128000,0,True,150
2.0,Poor design with loose parts,This product would be great but the plastic part at the end of the screw is not connected and will fall off!  This is very poor design.  I will be using this in a way where I will be adding it to my video camera tripod to hold my headphones---that means breaking it down and setting it up all the time.  This end piece will be lost in no time.  See the pictures for details.,B008FW74J0,B008FW74J0,AHJOKJQEYWRJQSWYGDWUFLUPQUUQ,1466883892000,0,True,374
5.0,Great!! Satisfied with purchase.,Great product. Reasonable price. Clear picture. Easy to install. It turns on as soon as my car starts so I don’t have to worry about forgetting.  I will be purchasing another for our 2nd car. I have no problem with my data.  Everything works perfect. I have no need to use the mic. I’ve tried it and it works! I will use occasionally.  Try it!,B07KJ9LPG7,B07KJ9LPG7,AFKJ4BJGSN2BFEZVW4QH7FRUGR3A,1550953982783,1,True,343
5.0,Solid product,This product cover the keyboard.  It is a good tight fit and offers a lot of protection of the keyboard.,B00CO2AJYO,B00CO2AJYO,AGQPAYVT3UXTUMSX5NTDVXMUIIVQ,1377147640000,0,True,104
1.0,0 signal piece of crap im returning,the router was inches from my desktop which had this..0 signal piece of crap im returning it,B00JDVRCI0,B00JDVRCI0,AE572L6F2U2BHMMHOQJPP44QOTVQ,1474429051000,0,True,92
5.0,Adorable!,"This is a gift for my cousin's two young daughters.  They have the iPhone too figured out for all of our good, and besides going to Netflix to watch a show, they like to take pictures.  This camera is SO cute!  They are going to love it.  I love how easy it is and much more kid-friendly than one of our phones.  :)  Also, as a digital camera, it's easy to take the images and delete or create a folder for them on the computer.  Again, just a great camera.<br /><br />Once the girls actually use it, I'll update my review, but so far, I opened it and tried it out and it's pretty awesome!",B0852PZ23N,B0852PZ23N,AH74XLC3QBXVC6UCOAQOJH3WJYGA,1605039871859,0,False,589
5.0,Perfect Length and Durability,"I needed a way to quickly charge from my MacBook Pro without having to dig out a port to plug in.  To be honest, not only did I NOT need anything fancy, but I also just wanted a shorter cord without paying a ton of money for an extra cord.  I teach high school, and I have a charging station for my students (trust me, if they're phones are charging, they're not on them), but sometimes the cords disappear. I don't think they mean to take them, but I find that unless someone returns one or gets me a new one, we're left without cords to recharge for half the year.  This little cord is so specific to Mac that I can just keep this one with my laptop--nice!  :)",B07RZZ6ZXY,B07RZZ6ZXY,AH74XLC3QBXVC6UCOAQOJH3WJYGA,1564529189218,12,False,662
1.0,"Cheap, won't last a month","We've had this remote for less than a month, the buttons were stiff and make a clicking noise when pressed, but still it functioned as needed. Today it just stopped working for no reason.  Battery replacement didn't make a difference.  There's a return offer but due to quarantine I'm not willing to go out or have pickup here so I'm out $10.  Just ordered an actual SONY replacement and hoping that lasts longer.",B083PPLR5R,B083PPLR5R,AFESKOMMQDHTKIMQKUEDXW4OQGZA,1588292209432,6,True,413
5.0,No  Pairing Button  Read description on what type it will work.,"If all else fails......  go back and read  the description.  Apparently,  I was trying to hook this up to the little square  Roku box,  and it did not work.  There is no pairing button!  There is a voice and mute control,  but  not pairing button!",B09GY8YCS2,B0CBPXRPNC,AETTCQ34XRYAYKLWZZJZVRQM5MSQ,1673792974670,0,True,247
4.0,"For the quality of the camera,  works as good as it is.","This is a good little camera for the price.  First of all,  it was an easy set-up...zip zip zip.  The picture was nice and clear.  I sent this to California for my upcoming visit.  We plugged it in, and got a great view of the little kitties at play.  There is a second or two delay of the voice, but at least the voice was working,  and it was strong enough.<br /><br />At one time,  coming into the home from outside, I did get a freeze action, so, not sure well that works.  But,  this is a simple home camera, so don't expect a ton of bells and whistles.  The camera does stay in the same position as it was placed,  so place it correctly, because you cannot move it from the phone.  But,  you will get a good size angle for this camera.  It will cover a large area.<br /><br />Experiment for a while.  Learn how to use it best.  Then, you can add more.",B07228PZZ7,B07228PZZ7,AETTCQ34XRYAYKLWZZJZVRQM5MSQ,1508769825235,1,False,857
5.0,"Handy, attractive, lightweight, efficient","The camera case is capable of toting many small and personal electronics.  I like the softness of the weather resistant fabric called Neoprene.  The soft case features a hand wrist strap, which appears to be durable enough for general activity.  Also there is a belt loop plus, with a small ring hook, I attach a key holder that attaches quickly to a belt loop without using the belt strap.<br /><br />The fit is comfortable around the waist.  I have slipped it onto the belt loop of pants and frequently use the case for my cell phone.  The smaller Ipod fits easily, plus, the outer pocket fits a small pair of reading glasses for reading the Ipod. The case holds my Nano Ipod plus the larger Ipod with a thicker skin covering. I have also used this for the small FLIP camera when I need it.<br /><br />This is handy, attractive, comfortable and efficient and lightweight. The only drawback is the color black.  When I put this into my bag, it is difficult to locate, to spot within the purse/bag.  A bright color would be preferable. ......Rizzo",B002VPE1X4,B002VPE1X4,AETTCQ34XRYAYKLWZZJZVRQM5MSQ,1278722463000,0,False,1047
2.0,"Cheap looking, not the best I've purchased.","Would not recommend these. There are smaller, sleeker, similarly-priced alternatives on Amazon. I got these thinking I was replacing my last ones, but the difference is notable. It's bigger and clunkier looking, and has an ""exposed"" area when in its closed state (if you close it on a white surface for example, it will show a white circle inside of the black perimeter, rather than having a closed, opaque closed state).",B07CZDL788,B07CZDL788,AHYG2SDLVSDVQFQAST4KXN644KZA,1578525169673,0,True,421
5.0,Great product,"I bought this for teaching my colleges course which has been distance learning for this semester. Works very well, a great upgrade from the laptop camera.",B085TFF7M1,B09M7P15SR,AFASVL4H24QLUXJTTRK3GQFWI4RQ,1614485771197,0,True,154
1.0,Stand,"Very cheap, it seems like the smallest TV would tip over I'll pass.",B07KQ2YGZ3,B07KQ2YGZ3,AH5G7XAAWPMSGANBMPMSPFZSMI3Q,1585258556751,1,True,67
5.0,Good for the price and easy to use,"ARTECK HW086MW162 Wireless Keyboard and Mouse combo, still charging that's why there are cables. Pen in the photo for size reference, along with the box it came in.<br /><br />Unboxing was “frustration free” as advertised. I recycled my Logitech cord that connected to my desktop and inserted the USB receiver in it and it worked.<br /><br />I plugged in the Micro USB charging cable to the keyboard and mouse. Only one Micro USB charging cable came with the combo so  I used an extra Android Micro USB charging cable to charge both at the same time.<br /><br />I was able to use the keyboard and mouse in a few moments. My computer automatically updated the files needed in a few minutes.<br /><br />All in all the unboxing and set up was quick and effortless. Now I am going to explore the keyboard.<br /><br />This keyboard has no number side keyboard that makes it smaller.<br /><br />It has a blue function key to access page up, page down, home, and end, on the lower right where the left, right, up, down keys are.<br /><br />Along the top with the F keys are blue function commands:<br /><br />Escape has “Media” – when pressed opened Wave Pad, a NCH program I have installed.<br /><br />F1 has an >/||, which did nothing when pressed<br /><br />F2 has |&lt;&lt;,  which did nothing when pressed<br /><br />F3 has >>|,  which did nothing when pressed<br /><br />F4 has a speaker symbol )x, That mutes sound<br /><br />F5 has a speaker symbol - which lowers volume<br /><br />F6 has a speaker symbol + which  increases volume<br /><br />F7 has a symbol for home, which opens a new browser tab<br /><br />F8 has a symbol of a magnifying glass that opens a search side window and uses Bing for search, when I clicked on one of the search results it opened a new Chrome tab. I had Chrome already opened.<br /><br />F9 has a symbol for a folder, which did nothing when pressed<br /><br />F10 has a symbol for power which turned off my computer. Since I had programs opened my computer asked for permission so I canceled.<br /><br />F11 has “insert” on it which is pretty self explanatory<br /><br />F 12 has “PrtSc” for print screen<br /><br />The action on the keyboard is nice and a lot quieter than the Logitech keyboard I am replacing. The mouse action is good and also quiet.<br /><br />For less than $23 this is a good keyboard and mouse. I never used the number keys on the side of my Logitech keyboard, which needed batteries, as did the mouse that came with it. The mouse had begun to do double clicks when I clicked once and the keyboard “enter” would stay down. That's why I replaced them for this Arteck Keyboard and Mouse combo. To be able to stop buying and replacing batteries and the small space it takes up, along with it is quiet, makes my money well spent.",B07MCTZ3LZ,B07MCTZ3LZ,AGQPOJRRMVIZRU6MIVFJETYPDK6Q,1564689721934,24,True,2778
5.0,Nice system,"Easy setup getting all three up and running. Single story 1800 sq. ft. house with full basement.  I was able to get all my TP-Link receptacles, cameras, Honeywell thermostat, Sense, garage door controller and a phone. Upstairs or basement all is good. I have coverage out back on the deck and out front on the driveway.  Way better than the stuff AT&T used.  App is easy to navigate and full of good information.",B06WVCB862,B0C26NRH8Z,AF7TPVRATKMWPZKKQHML4GRANNWA,1615432336955,0,True,412
5.0,Large Cooling Monster!!,"This was such a fun build for me to put together. This cooler came well packaged and on time. However Carrier threw the box onto my porch (Looking at you UPS).<br /><br />Pros: Instructions are very clear and came with diagrams. Came with pre-applied thermal paste. Keeps my i9-12900KS Cool!! Fans are quiet!! Like Startlingly quiet!<br /><br />Cons: Was a little bulky to maneuver into a mounting spot.<br /><br />Overall this cooler upon turning on my build kept my CPU under 20C until i installed Windows. Running 3DMark it did not rise above 55C. If you got a full tower and the money, Buy this cooler!! It is definitely worth the cost to cool your CPU!!! Kudos Corsair!!!",B09HDPTRCQ,B0BX762Q35,AEQKKHGPQHHB4X2WM2HKPPWBPR5Q,1670062254553,2,True,676
5.0,Finally a dual that works with Apple,"it took me a while to find these. I did searches and it wasn't until my husband came across this. I do have bluetooth B&O headphones but they only last for 4 hours. So I use my Westones to listen to my meditation music or my Apple playlist alone. I love that Apple allowed a company to make this because I spent a lot of money on westones for best quality listening. AND I love the ability to charge my phone at the same time. so this little thing is worth the money!<br /><br />Now I know many other companies make a similar thing but I ran into the problem of not compatability and I spend money on 3 different ones. so yes, these Belkins ARE the bomb!",B074WDWVX1,B09K7JMBYK,AHDSEQNTSVKKO6RDLRWCNRDNCC5Q,1530558123485,3,True,654
1.0,"Has no corner or drop support at all, flimsy material, not as strong magnets folding in on itself.","This has no corners.  Your iPad sticks to it from it's own magnets, nothing else is holding it in place.  So there is zero protection from falls on three sides.  Zero protection for the corners.<br /><br />I use my covers like a folded magazine to hold the tablet.  After a couple of years the material usually start to sag, this one is doing it right now from the start, the very first time I've used it.<br /><br />It's own magnets, which help stick to itself to create a triangle when folded, aren't very strong compared to others.",B07H79HC18,B087M2NL4L,AGYPJI2W4ZRQIEJSAIQCVRG7KIRA,1642980235583,0,True,534
1.0,bad microphone,"Bad microphone, never understands what I say, but never forgets to ask if we want premium services. Doesn't work when your internet is down. speech2text has been around since the 1952, had it in my Commodore 64 (1975 computer) ; can't do offline speech2text translation? Spend more time repeating myself than enjoying the fruits of technology.",B07XKF5RM3,B08DMXDPW5,AGSXCHNNVJLYG5BAWA73RYEIGKYQ,1641584611921,0,True,343
5.0,An excellent value!,"Easy to set up, reliable and compact. Does everything I wanted it to do!",B01I2IUKCY,B01I2IUKCY,AEVYYOZKW7NNUI77YPOCWJLSLXJQ,1483539476000,0,True,72
5.0,Worth the extra money,I had bought another mount for my Odyssey g9 that worked ok.. However I could not tilt the monitor up and down. It's surprising how easy this is to tilt in comparison. keep in mind there is a limiter that does not allow the bottom part of the arm to pass flush with your desk. Wish there was a way to disable this however I have not found a way. Other than that this arm is the best for odyssey g9,B0959D7XDM,B0959L332L,AFT5UPZIUAW6ZWLXNGOH3GI7KY3A,1673457108936,0,True,397
5.0,2 weeks of use - 2 semanas de uso,"It is going very well. No any annoying sound, works and it is silent<br /><br />Update: 10 months, it keep working very well. I have no conplain.<br /><br />Va muy bien. No hay ningún sonido irritante, funciona y es silencioso.<br /><br />Actualiza: 10 meses y sigue funcionando bien.",B087NLK5K4,B087NLK5K4,AHS35E5OOTK2M73QJA5LWIVIIELQ,1643828390048,1,True,284
4.0,Working well,"I got this to use with my tv and it’s working well. It was a bit problematic for me since the keys feel like they are slightly different than my regular keyboard but it’s just an adjustment. No trouble hooking it up or using it. I’ve also hookup up a mini pc to my tv which I’m using as a monitor for it and this comes in handy for that. Small footprint, it’s easy to put it where I can find it.",B09KLPJQPD,B09KLPJQPD,AHTLWVDXSMG5YMVMEIWWOU6XBZMA,1670813594064,0,False,395
5.0,C to Lightning - hook up your iphone to your c adapater,So I purchased all these C adapters and realized I couldn't charge my iPhone unless I also have a Qi option. This is my solution. It plugs right into the C adapters and I can connect my phone without using additional chargers. Nice to have especially when traveling. It works perfectly and does fast charge.,B07XS4LK28,B07XLD8HN8,AHTLWVDXSMG5YMVMEIWWOU6XBZMA,1591380604553,0,False,307
5.0,Check your settings for the motion detection,"We didn't use this for a baby, we had a very ill person staying with us for a couple of weeks and we used it to keep track of him. He was supposed to stay in bed but didn't want to so we set this up so we didn't have to go running every time we heard a sound (now we only ran when he was trying to get up). It made some long nights way more bearable. We hooked it up and set it up without the instructions and at first every little movement was pinging us.  Not quite when he was breathing but we got every twitch. We finally adjusted the setting so that normal movements were okay but ""big"" movements we were pinged. Once we got  that figured out it worked perfectly. Better than a standard baby monitor because we could hear but we could also see what was happening. Great night vision (it was dark but we could still see) and we had no trouble hooking it up to our wifi. The app went right onto our phones and we were notified when there were changes. If you are using this for a baby, you'll find that it works well and is very easy to use. Highly recommended.",B07Z6QJRRD,B0845W4CWD,AHTLWVDXSMG5YMVMEIWWOU6XBZMA,1582738852056,0,False,1064
5.0,Easy to use,"Have thinkpad laptop for my job sometime need to run some CD but thinkpad computer doesn’t has CD DRIVER ,so I try to find CD DVD Drive plug , and this produce is doing great!!!, for someone that has computer but without cd drive you don’t need a new computer just get this produce!",B07G55X5MW,B07G55X5MW,AH62AN5A2I62HIVJKUSLSSAB5X6Q,1555312339821,0,True,282
5.0,Love it!,I had a 250GB Toshiba Ext. Drive and lost it and that one was good but not as good as this. I just got it today and it is awesome. It makes no noise like my Toshiba and it does not get hot like the Toshiba did. I have put more than 10gigs of stuff on this thing and it is only warm! I love it and would recommend it to anyone looking for a ext. hard drive.,B001CBNH4C,B002A9JDC0,AG7GTQLAMNWSFHI6GB6V56DEOUMQ,1302574505000,1,True,356
5.0,There Is SO Much You Can Do With This Set- It Is FUN!,"Please check in with this review as I plan to expand it greatly as we continue to explore the uses of this fabulous action cam Live View remote kit.  We have been working with this kit as much as we can, but the weather has been horrible so we have been limited on the action filming we can do with it.  I plan to update this review very often in the next month or two as we experiment with the different uses of this camera set with more detail of our experiences.<br /><br />WHAT IS THIS LIKE?<br />The set comes with the camera which looks very small- smaller than a pack of cigarettes.  There is a waterproof case as well as mounts, a wrist screen to monitor and control what you are filming because you won't be able to look through the camera window on the camera itself.  This is designed to use the wrist screen for use.  It is not like a traditional video cam that you look through the screen on the camera as you film.  I am using a microSD card that is 64GB with this camera.<br /><br />DOCUMENTATION AND LEARNING CURVE<br />The documentation was a bit challenging for me to wade through.  It was printed on what looked like recycled paper that is very cheap and not sturdy.  It came in a bunch of different pamphlet forms and other languages too.  I found that this camera was a bit challenging to learn at first. If you are a hands on type of person who tends to jump right into things without reading directions well, you might find a bit of a learning curve with this set.  It is not like a traditional video camera.  It has a few different ways of doing things that I found challenging at first to learn how to operate.  My kids (the techie fanatics of the house) also had a bit of a challenge to operate it at first, so it was not just me.<br /><br />WATERPROOF CASE<br />The waterproof case is easy to get on and off of the camera.  It makes it so that you can film in the rain or the presence of water without any worries.  The enter and hold button is rigged so it operates through the camera case as well as it does on the actual camera.  The previous and next buttons also work well from the waterproof case as they do on the actual camera.<br /><br />LIVE VIEW REMOTE (WRIST BAND)<br />The live view remote as a great picture on it.  It is pretty easy to see despite it being very small, it is sharp and decent enough so you can direct the filming to where you want it to happen.  The camera is controlled from the live remote so that you don't have to be near the camera to make it work.  That means you can use it on your car, helmet, or bike, etc.  The wrist band works well but has to be recharged via mini-usb connection that you can get with the cord that came with the unit.<br /><br />CAMERA<br />The camera was a bit of a challenge to work at first.  The screen has to be rotated through various settings quite a bit at first to get the idea of how it works.  It is black and white and quite basic in nature.  You can use the camera without the wrist band, but it seems to work best together.  You need to have the camera recharged via the USB to mini usb connector cord that comes with the set.  I have not had the camera run down yet so I can not comment on the recharge time.<br /><br />FILM QUALITY<br />This is where I was truly amazed.  I was not expecting this camera to be too great, but I was so WRONG.  The quality of the video we got is fabulous.  VERY high quality HD video and sound for the size camera it is AND used in the waterproof case that we have had to use constantly due to rain we have had ever since we got this set!  We did notice that the sound on the recordings is exceptional too.  It picked up birds singing, all kinds of sounds around but at times footsteps were magnified heavily too.<br /><br />MOUNTING<br />The mount can be transferred from one place to another in various applications.  There are clips, bands, and all sorts of mounts you can use which will allow you to use on helmets with air holes, helmets that are solid, and in a variety of ways.  It is very versatile.  We also have some car mounts that weather permitting we can test out as well and I will update with results.<br /><br />WHAT WE HAVE USED THIS FOR SO FAR<br />So far we have had our daughter strap it on her bike helmet and take it for a ride in the rain, but she could not go far due to the rain being too strong.  We have tested it on a helmet walking around the yard and running.  We have used it to film fish outside a tank, and a variety of settings outside, but have not been able to test it in a very fast moving nature yet.<br /><br />EDITING SOFTWARE<br />So far it has been pretty easy to use and view the videos from the software.  I went online<br /><br />WHAT WE LIKE<br />-filming through waterproof case is fantastically clear<br />-clarity of camera is excellent<br />-mic is very good- almost too good.  Picks up tons of sound(including footsteps which sound rather loud)<br />-extra gear is fantastic so you can slip the mount in and out easily so you can transfer from one place to another easily<br />-wristband is comfortable with great picture and is easy to use when you can not reach the camera<br />-can still use the camera without the wristband although not quite as nicely as with the camera only<br />-editing software is intuitive and easy to use with a small learning curve<br /><br />WHAT WE DON'T LIKE<br />-learning curve at first is a bit bigger than expected<br />-wristband can get hot<br />-instructions can be confusing if you are not a highly technical person<br />-mic can pick up footsteps or other background noises loudly<br />-enter button on the camera is sensitive so if I drop it in a bag, it will turn on even inside the case<br />-putting camera on the side of helmet can get a bit heavy which might bother some<br />-paperwork is cheap and in too many pieces.  I prefer a good solid manual that you don't have to go online to get<br /><br />THE BOTTOM LINE<br />Due to weather, we have not been able to film in as much variety of high action as we plan to do.  As it is right now, we have used it in mildly active circumstances and in a lot of rain. The film quality is AMAZING and the sound is also very good.  The online videos and instructions do help some to understand how to use it and what to do with it.  This camera can switch between video, loops, and photos- all of which can be controlled through the live remote wristband.  If you are a video fanatic, you have a lot of possibilities with this camera set.  If you are a dabbler who wants to have some fun, I still think you can have a lot of use for this set.  This camera has  a lot of possibilities and we plan to continue to explore them as our horrible weather lightens up and we can get back out and do some fun videos.  Hopefully I can upload something to show you the amazing quality of this camera.<br /><br />I highly recommend this action cam and Live View Remote kit.  The quality is excellent and it has a lot of fabulous possibilities to journal trips, capture action accomplishments on film and find new ways to document action and interesting video.  The size and mounts make it possible to do MANY different things and I can see years of fun with this set.<br /><br />As I said in the beginning, I will be updating and streamlining this review as I continue to learn and use this camera set.  My entire family is really excited about this and we are all enjoying having it. There has even been talk of strapping it to the kitty to see where he goes all day.<br /><br />I don't think I really want to know.",B00R1CO9X4,B010L8I3K4,AHMG3ALUBE3FEBHODTBHP5J24YDA,1428588364000,3,False,7577
3.0,Way overpriced,"If you have TV Ears, you'll need to keep replacing the tips. These are the official tips, but the price is pretty steep for 10 little pieces of foam. I find the TV Ears product in general unsatisfying (mono sound, not very comfortable to wear), but my mom likes it pretty well.",B002KJ4EMO,B002KJ4EMO,AG5F4B4NU6DRMAKP743BDE5S3T5Q,1375856434000,0,True,277
5.0,"For the price, well made","I ordered a 'Vegan Leather Backpack for Women Men, 15.6 Inches Laptop Bookbag with USB Charging Port, Vintage Daypack with Drawstring Closure, Brown' for review.  My wife liked the style and was pleased with the quality when it arrived.  Now this is not a luxury bag, but for the price it is well made.  It is durable and handles my wife's laptop, ipad and work papers easily.  It has a large main pocket with a sub-pocket to place the laptop into.  The straps are wide and comfortable on the shoulders.  It has a plastic clip open and close 'port' to feed a charging cord through to be able to attach a power brick to for recharging your devices.  The color was a bit darker brown then pictured.  Overall for the price it is well made and works efficiently for my wife.",B08W43825W,B08W43825W,AFLBMDZDIPCHMWWA7CXQXITPBJKA,1621186403740,0,False,770
5.0,Great solid build.,"I ordered the 'Wimberley AP-7 Universal Cold Shoe Mount Adapter with Anti-Rotation for Flashes, LED Lights, Monitors and Other Accessories - 1/4-20 - Made in USA' for review.<br /><br />I am really impressed with the quality and usefulness of this little Universal Cold Shoe mount. It is a pretty simple design but is not just a cheap build. This really has been well designed and works great for my needs and will be a permanent addition to my go to camera bag. Overall I am very pleased with this Wimberley AP-7 and think it is absolutely of great value and well worth the price.",B06XGZG923,B06XGZG923,AFLBMDZDIPCHMWWA7CXQXITPBJKA,1585438401321,0,False,581
4.0,"Cute design, Surface Pro 7 fits perfectly","I ordered this Funky Planet 13"" inch Laptop Sleeve Case in purple with butterflies for review.  The Design is printed on and is quite cute.  The colors are vibrant.  It is constructed well.  It is a rather thin Neoprene which will keep my wife's Surface Pro Scratch free but not completely protected from a drop.  She plans on putting it into her backpack, so with both she is pretty well protected.  It fits easily over both her Surface Pro with keyboard and standing case.  The dual zippers zip smoothly.  It does have a pretty strong chemical smell to right out of the package.  Overall, my wife will get a ton of use out of it and loves the aesthetic look of it.",B07HYZH7F6,B07J1RNXL8,AFLBMDZDIPCHMWWA7CXQXITPBJKA,1578722193779,0,False,666
3.0,On the fence still...,"First, let me say I purchased the Powershot 510 and the Powershot 310.  The 510 is a much more solid camera and a lot less plastic than the 310.  I think my two largest complaints and frustration comes with the touch screen and the 12 power zoom.  The touch screen drains the battery faster than my other Canon Powershot cameras and the zoom is incredibly difficult to get stable when at full 12 power and my pictures haven't turned out as well as I would like at that distance.  Overall, I really didn't like the Canon Powershot 310, so I am on the fence as to whether or not I will keep this one.  I have a few more days to think about it.  For now... here is a more detailed list of pros and cons:<br /><br />Pros:<br />- Takes incredibly good photos with regard to color.<br />- Easy to use.<br />- The vivid setting is great for flowers and fall colors.<br />- I love the fisheye effect without having to carry around my Canon DSLR camera and lenses.  I also love having the wide angle.<br />- The miniature setting is kind of fun to use.<br />- Feels incredibly heavy and solid, unlike the new 310.<br />- Fits easily in my purse and pocket.<br /><br />Cons:<br />- Can't stand having finger prints all over the screen when I go to take my picture.<br />- Touch screen drains the battery pretty quickly over the other Canon Powershot cameras.<br />- When zooming out, it is very difficult to keep it steady.<br /><br />Not sure what to order if I send this one back.  So, I am still on the fence, as I am partial to Canon cameras over Nikons.  The red color is not as it is shown in the picture.  It is more of a rust/burgandy color of red... it has a bit more brown to it, but I actually like it.<br /><br />UPDATE: 12/12/2011 - I ended up sending this one back and kept the Canon 310.  I am really glad I did.  I get a great battery life and when I compared the photos on this camera vs. the 510, the photos had better color and looked a lot more crisp from the 310.  I am happy with my decision.",B005I6DU7G,B005IQ33XC,AE2BLXPEH643OUNYUROLEJOHCMWQ,1319150903000,120,True,2004
3.0,Will not charge my iPad. Works fine with cellphones.,"Meh. Too expensive for what you get which is mediocre sound and mediocre charging ability. However, living in San Francisco I bought it for an earthquake kit. I use it to listen to podcasts and it's fine for that and it does charge my cellphone, but is not powerful enough to charge an iPad. It isn't exactly light either so not something I'd want to take backpacking.",B00B8PRRTI,B00B8PRRTI,AHQ7KCZEFKEN3KQC2NJKBM4D2UTQ,1506304379354,0,True,368
5.0,The tactile feel is just right and these simply last.,"These work. Just always. And they last. Not the latest bluetooth, jet-propelled, whiz-bang, but they always work. They last.",B009SPWCFY,B009SPWCFY,AGSXMEKFKM2HDFZ4UNE676O6D5LQ,1420825362000,0,True,124
5.0,Love the quality of the camera!,"I love this little penguin looking camera, very easy to set up, the picture quality is sharp. i dont know much about hanging on the wall, but its nice that you can rotate it from your phone. I just have this placed on a TV stand, on my elderly parent room. This gives me an extra eye to watch them. My younger daughter usually look after them when she comes back from school. I wanted to install one of those surveillance cameras but one of the electrician quoted me $800 to the job, its bit steep. but this one took care of that. Great product!",B075WQRSQY,B075WQRSQY,AHJBGU27F3O32FD55WEGOLV6L4GA,1507781442184,5,True,545
4.0,a very nice option for the ipad air 2 if you want an always-attached keyboard,"I've been using this keyboard for about a week now, and haven't found any flaws yet.  It just works as expected.  I can imagine a few improvements, but this is really a 4.5+ star product.<br /><br />Pairing was dead simple.  The ipad was simple to fit in to the back, and stays securely inside.  Folding in and out (or z-fold) is also about what you'd expect, no nasty surprises.  And when you're typing, you once again get just what you expect from a keyboard.  I find the touch and responsiveness to be pretty good -- the only trouble I have is adjusting to such a small keyboard, but that's also to be expected, it's not a flaw in the product.  The various function keys at the top of the keyboard are pretty handy as well.<br /><br />I haven't tried the feature that allows you to charge your phone from the keyboard's battery, I don't need it.  But it's a nice idea.<br /><br />Very minor criticisms:  (1) It should have come with its own charge adapter, not just cables.  (2) A way to carry a stylus might have been nice. (3) A visual charge level indicator would be helpful (not just the led).  (4) In the z-fold mode, it's not the most comfortable thing to hold in your hands -- maybe a way to detach the top would have been better.",B00ODYYFO6,B00ODYYFO6,AFBTEUJ64WBMX6OGWXMX3LYMTXOA,1423090694000,0,False,1240
4.0,"updated: works well, no problems","I got the newer variant of this (last 3 characters in model name are 20U not 10U), which is supposed to be the same except for more power for the T5xx series.  (Lenovo website says both are compatible with my Lenovo T410 computer.)<br /><br />I thought I had a serious problem because the ethernet port simply would not connect.  But I've since figured out that it had to do with some configuration problems on our office network (I won't go into details here, but they were obscure).<br /><br />The minor problem I find is that the sound seems muted, but I am not worrying too much about that.<br /><br />So no issues: buy one if you have a compatible system.  (Check compatibility on the Lenovo website.)",B002DUD0FC,B002DUD0FC,AFBTEUJ64WBMX6OGWXMX3LYMTXOA,1270758200000,4,False,706
1.0,is this for real?,"What a horrible product, I've tried everything paring, and paring again, updating firmware, nothing works... the music just sounds like a broken record, awful product!!!! Do not buy!!! You have been warned!",B005FVNHBI,B005FVNHBI,AG5XRWTKLUWKRM3O7POLY7AEEXHA,1375804746000,2,False,206
4.0,Seems good,Still in the beginner user stage. Good so far.,B013SATG4O,B013SATG4O,AE24GJD7LU2CDYQLP6PYTC3XZNAA,1593396035001,0,True,46
5.0,This is a great cam! Works great and image is really great,This is a great cam!  Works great and image is really great.  Great price too.,B00VFLWOC0,B00VFLWOC0,AGKVMTJ76JPTDF2NTEOD672VROCA,1495807828000,0,True,78
4.0,orange,doesn't seem as solid and sturdy as expected but it does provide protection and vis easy to put on and remove,B01DFW1S9Q,B06XSXFJHB,AH6SXZQHSALWUBECPXKEM4THI6JQ,1485502696000,1,True,109
5.0,Very easy to use and excellnet content,"Very easy to use and excellnet content.  Comparing to the Apple TV that I already have at home, Amazon TV is definitely a far better product.  Good job Amazon!",B00CX5P8FC,B00CX5P8FC,AH4WRFTVXYNG6ELJFHKD6MUEKDRQ,1431148847000,0,True,159
5.0,Excellent!,"I bought this model a while ago, and looking back,  it was the best one I bought so far.  Highly reliable and you don't get any lost of WIFI.  It was also easy to setup.  I think they have newer models now, so do be aware that this is more of a yesterday's technology.",B005KG44V0,B005KG44V0,AH4WRFTVXYNG6ELJFHKD6MUEKDRQ,1400277404000,0,True,268
4.0,Great protective cover for a Galaxy Tab S4,"I purchased this for a basically new Galaxy Tab S4 tablet I purchased a couple months prior, in order to protect it from damage and incidental environmental exposure. I am quite content with it - the frame is quite rigid, protecting the tablet from flexing. The front cover isn't flimsy, and the material feels like it is high quality, with strong, distinct stitching. The case allows the tablet to be charged without issue. The internal pen holder - for me - is indispensable, as otherwise I would never have the S-pen and consequently never use it.<br /><br />In terms of positioning, the cover is fine. Even sitting back on a recliner-like chair, I can find a position which is comfortable for viewing. It also works fairly well on a table. In terms of weight, it adds a bit to the tablet, I'm guessing 20% or so. Considerable, but the S4 isn't all that light to begin with and you'll have trouble beating this case's weight without sacrificing rigidity or durability. In terms of aesthetics, it is on point - hard, clean lines, subdued texturing and coloration, quite refined.<br /><br />As for complaints, not many. It is hard to get the tablet out of the case once you put it in there, so make sure you have your SD and/or SIM card installed before you pop it in. It takes some time to get used to how the stand works, and it isn't the best at staying upright if you are moving things around on the table, though I have only had it slde flat a couple times. That's about it.<br /><br />This isn't a case you want to use for a child or teenager - probably - or for a tablet you intend to bring out into the weather or while traveling in less-than-ideal environments. They have tablets cover for that purpose. This one is better for people bringing the tablet around the house, leaving it on the kitchen counter, maybe taking it by car to the office and back in a padded sleeve - I bought ASIN: B07Z4JZFWF, which works well for that purpose.<br /><br />Would recommend.",B07GF8K8ZW,B07GF8K8ZW,AHNOLQG5SZLLNGPOF3GAVRMQMQDQ,1610139452477,0,True,1973
4.0,Good idea,"Good idea, great value. Arduino and board work fine. However, the rubber feet that come with the baseplate are not large enough to support the baseplate, so it can't stand properly.",B01KZN2YPK,B01KZN2YPK,AEJDKJNB7LOSFDPWDDGBXSHWOYOA,1552064660432,0,True,181
5.0,I like them for some music,"I was not sure I would like these after reading the reviews, but I do. They are a little harsh, but for some music they are great.  Mellow, NO.  Bright, Yes.",B007KZPM8I,B007KZPM8I,AEMI74JHKARVZR5F3DVAK4FMANXQ,1504669283992,4,True,157
3.0,It shipped quickly,Product as described - I didn't realize I'd have to charge the keyboard.  I didn't have to on my last keyboard so I don't like that,B07KT3M68N,B07KT3M68N,AHAD7RQZSTGDBXWH6OJ3JRF6DBAA,1588260041543,1,True,131
5.0,Easy to use,[[VIDEOID:f3253f4f1268938cdb17b628a210bc70]] I bought these for a recent camping trip.  I wanted to do some bird watching while the family went on a hike so I needed some good binoculars.  These are a great option because they are good quality at a bargain price.  They are waterproof so you can use them near water.  They also have night vision so you can use them in low light as well.  They come with caps to protect the lenses and eye pieces.  They are easy to adjust to get the right fit.,B095WT1XY5,B095WT1XY5,AHJYOD56GVUHGUW6NV4US7JR6NDA,1627540181532,16,True,493
5.0,These Open Back Headphones Deliver,"If you're looking for closed headphones, the Sennheiser HD 598 Audiophile Headphones with High-Gloss Burl Wood Accents are NOT for you.  On the other hand, the open back design of these headphones is perfect for my needs, providing clear and consistent sounds.  With an open back headphone, you can hear outside sounds and what you're listening to can be heard by others around you.  The sounds through these are clear and true, making them a great asset when listening to spoken word as for transcription purposes.  Because they are so true, when hearing some older or poorly mixed tracks, the obvious difference in location recordings can often be jarring.  I can get by that since these are wonderful when used in true stereo or hifi, well-mixed applications.  They really do mimic a hifi speaker system in the small space of my head!<br /><br />I'm not a fan of the burl-look in cars, and I'm also not crazy about the burl-look of these headphones or the beige band.  Since I'm not looking at the headphones but rather listening through them, it's not an issue for me.  The velour covered ear pads are thick, comfortable and have shown no signs wear since I've been using my set.  I've spent many hours at a sitting listening through these and have yet to have a problem or complaint with the fit, feel, or sound.  The band is rather easy to adjust, the pads tilt smoothly and once I've settled in, I've not needed to readjust unless I've removed the headphones.<br /><br />I've used Sennheiser microphones in film and video production, both in the field and studio, having trusted them for providing great sound for a recording, but I've not used Sennheiser earphones until the HD598's in the Audiophile series.  I wish my studio headphones were as comfortable as these, but then I'd need a closed set!  With a long 10 foot cable, I'm able to move more than a couple steps and if I want to extend the distance, I can add on a longer cable.  Coming with an attached gold plated phono (1/4"") plug and a gold plated mini (1/8"") adapter, I'm set for use on laptop, ipod, amplifier, television or professional equipment.  I like them a lot and find that they improve every day!",B0042A8CW2,B016MAOS5E,AGCA64OUVM2TJGNN3IUXMEU7KF6Q,1314049794000,2,False,2177
5.0,s...l...o...w - revising original review to 5 stars,Another reviewer commented on my original review and suggested a simple fix. This router now gets speeds even a bit faster than our old router.  I searched online and found out how to go in and change WMM in Qos from enabled to disabled and the router is now fast.  Very happy and want to thank Absolute Sake for the advice!!!<br /><br />Old review: Our D-Link router died when there was a power outage so we had to get a replacement. I bought this Linksys E1200 based on many positive reviews.  Very sorry I purchased this router as the wireless speed is veeerrry slow.  I just tested speed and got .42 Mbps while the old D-Link router was 20.0 Mbps.  This Linksys E1200 router is not worth even a quarter of the $49.99 price!,B004T9RR6I,B004T9RR6I,AELXZY5KE5RVD5LCBAK6IZ77SNXQ,1332606281000,0,True,727
5.0,Excellent Cable,"I needed a new cable for my in car dock, wanted it short to keep down clutter, wanted it high quality, but low price. This cable's quality surpassed my expectations, I noticed a difference in the audio quality coming from my cell phone through my car stereo's aux jack right away. Perfect length for my setup.",B005UNFRU0,B013EKI2DY,AENEYCW36LJFUFYNOIOHJSOHGZPQ,1336511160000,0,True,309
5.0,A Great GPSr,"This GPSr is very accurate to within 6ft worldwide.  It has use of 5 of the 6 GNSS Satellite systems. (Chinese BDS one not available.) You can add maps, routes, geocaches, waypoints, and tracks to your hearts content. The 64sx will get you within 14ft while it is 6ft with this GPSr.  In canyons, tall buildings, trees this GPSr keeps hold of the signal.  The price varies from $349 to $399.  You'll have to set it up for your needs as it has a lot of choices and settings.  Uses same protective screen as previous models. You can't go wrong with this GPSr.",B0BGQM62M9,B0BGQQN278,AEYACMMQ2LMCJRDKWVMQNBMK57DQ,1670313948432,1,False,557
5.0,Five Stars,I gave this product as a gift.  No problems noted.,B00008IHOZ,B00XJ5FWHE,AEEFDYZJ73IITJUDMZFIWI4ZGM3A,1526501268248,0,True,50
1.0,Don't get these if you actually sweat.,"3 pairs, one replaced under AMEX warranty. They work fine until you actually sweat in them. All three pairs broke after me running for 20 minutes and sweating. They work fine if you don't sweat.",B08QR82RBK,B08QR82RBK,AE76ERPKLFXCO2CTQAZ5NXUVTGKQ,1653326842179,0,False,194
4.0,I've used it for more than 5 years now and ...,I've used it for more than 5 years now and it still works quite well. Although I've used it much less now that everyone has a smartphone.,B0021L9C00,B0021L9C00,AGX7RQ534JF43FBCRANIGJXOJCCQ,1451795688000,0,True,137
5.0,It works so quietly,"I absolutely love this fan~ From the moment I unwrapped it and held it,  felt it’s’ light weight, yet durability, I lIked it~ And was truly impressed when I hooked it up to my laptop and turned it on~ So quiet, and yet was perfectly able to do its’ job very well~",B07N1FF2GT,B07N1FF2GT,AFCPDOHZOOBN3SPHLKF3XKFZPSVQ,1611938976774,0,True,263
5.0,great for small ofiice,"Bought 3 of these for the office, NO problems easy set up great price",B00FE8MKTM,B00FE8MKTM,AFOKJM3S4Z3FPUBXL6B3WTWEOWAQ,1446152076000,0,True,69
5.0,Great iPad cover,Looks great and fits perfectly.  Good protection for my iPad. Highly recommend M,B0078V6REW,B0078V6REW,AFKISZUGNLZOD7PHM7QRBLXWKEAA,1484851615000,0,True,80
5.0,Reliable Seller,Delivered timely and as described. Thank you.,B08CZ1FYBD,B08CZ1FYBD,AEG3ERPC5K6H7LHMLJ47WFKF4BCA,1664628082012,0,True,45
4.0,Replacement power cord,"The power cord works fine, I haven't had any problems.",B00NIYIXB8,B00NIYIXB8,AE4IFWRMFN64JUUE5KBCF5H76FUA,1613879671795,0,True,54
5.0,Better than I could imagine,"This is very sophisticated equipment with easy installation and use.  Router needed.  No cable wires are used.  Powered by wall outlet.  I suggest printing out the installation instructions.  They will come in hand when setting up your cameras and account on computer so you can receive real-time surveillance event notifications on your mobile phone and email.<br /><br />These cameras are fabulous!  Videos are clear, monitored zones are set up to my needs easily, and I can log on and see what is going on currently at home from anywhere I travel. I am very happy with my purchase.  Tech support is readily available, but using the on-site directions I figured things out myself...and I have virtually no tech ability. Absolutely love these cameras!!",B002ZRPYC0,B002ZRPYC0,AEGOR6KGHWMBZYC32MWBMQCSGRWQ,1299378323000,4,True,753
5.0,Best I've used.,How wonderful! Free of problems. Easy to install. Recognized by technicians for excellence!,B07YVVYDMJ,B07YVVYDMJ,AFK5K37XINHSOUS2BD73CPCGFSUQ,1675622498950,0,True,91
5.0,Really good,"Good sounds and comfortable, excellent battery life.",B08KG21NY9,B08KG21NY9,AHN77DNFR75ENR6TJLQSBCAPSGFQ,1632632421766,0,True,52
4.0,Headphone for grandchildren,I needed a flexible pair for when our grandchildren come over. This was excellent,B019Q02YD0,B01K1W9S90,AFIGWMYRENRUV4YVXEVS7FOOYG7Q,1623550809705,0,True,81
5.0,LOVE IT,"Wasn't sure if I would like this case but I love it. Just wish it came in more colors but that's secondary to all the other positive attributes....material, duribility, versatility, etc.",B07CXR8YVF,B07V2RK8ZB,AF4EBSG3BVJOLQAQODL2OAMGGR5A,1538442007525,0,True,186
5.0,Well Made,These are well made and comfortable.  I returned them only because I have airpods and not airpod pro's.,B087NY9T66,B08XWD65SZ,AFXAGPUJFX2OBOVXNOTMM2EDX3PQ,1605281376187,0,True,103
4.0,Overkill,"I bought this for my Android phone. It has enough capacity to hold the entire Library of Congress, apparently. It was recognized right away by the phone and it looks like I will never out of memory again.",B004G60AD6,B004G60AD6,AFTZ6YGG6HEANT2F7QLJS72M2WFQ,1378695956000,1,True,204
4.0,Flexible end didn’t work,For some reason none of the ones with a flexible tip worked for me but other than that they are awesome,B09D7ZSCCT,B0BFB4NV9V,AEXXF5LDFSBIIXZ7LYSOMDGBWSZQ,1641214280887,0,True,103
5.0,Nice improvement.  Perfect fit.  Feeling of security.  See installation video before doing anything.,"This is our fifth OtterBox, dating back to my I phone 3GS.  This version has a major improvement,<br /><br />Pros.<br />  1.  The plastic screen finally looks good.  There was always a gap between the screen and the I Phone glass.  That gave it a cheap look. That gap is gone.  The plastic screen goes flush against the I phone glass and looks much better.<br />  2.  We have never dropped our phones, but this case gives us a great feeling of security.  At $ 800 or so per phone, it's really cheap insurance.<br /><br />Cons.<br />  1.  Installation and removal.  We don't install these often enough to remember how to do it.  The case comes assembled, and must be disassembled before use.  Couldn't remember how to disassemble it. I finally went to You Tube to watch a video.  Search term: &#34;installing an OtterBox case.&#34;  A comment to the video jogged my mind.  It's like changing a bicycle tire.  I used a miniature screwdriver to separate the rubber from the case at the corner.  Nothing sharp.  The rest of the rubber came off easily.  The plastic parts separated easily enough.  Place the phone inside, after cleaning both screens.  Click the plastic pieces together, then place the rubber on.  Keep massaging the rubber until it fully envelopes the plastic tightly.  Had a few gaps at first.<br /><br />  2.  Takes away the looks of the I Phone.  Steve Jobs must have hated OtterBox.<br /><br />  3.  Apple has a neat stand up charger for about $ 35.  I bought one.  OtterBox was late to the party with the OtterBox 6 plus,  so I purchased the Apple 6 Plus leather case. Not much protection, but looks sharp.  Worked great with the Apple stand up charger. Looked sharp together.  Unfortunately, neither the OtterBox, nor any case that recesses the apple phone insert will work with this charger.  Only a very thin shell will work with the charger. Back to using the regular Apple cord.  I also have the OtterBox Strada for my I Phone 6.  I like it.  Although much thinner than the Defender, it doesn't work with the stand up apple charger either. Looks great.  Many compliments.  For those that don't like to carry a wallet all the time, the Strada has a pocket that contains both my license and one credit card.  Great for trips to the gym.  My wife has the Defender.",B00Z7SX51Q,B00Z7SX51Q,AGVAFSJVSPGXMBKR4N6PEOAXNGFA,1446672525000,3,False,2283
5.0,My 5th Ivisor.  Grid complaints commented on.,"Had one for my IPAD 3, my mini, my 2 Iphones, and now one for my IPAD Air.  They are great.  No bubbles.<br /><br />When I sold my IPAD 3, I forget I had one one, until I was cleaning it and noticed a grid effect.  For Ipads, I recommend the XT (clear).  For Iphones, which are often used outside, the AG (anti glare) is a good choice. Every other protector out there has given me frustration with bubbles.<br /><br />A number of one star reviews mention the grid effect.  When I sold my IPAD 3, I cleaned it and did notice a grid effect when the IPAD was turned off/asleep.<br />It is not noticeable when the iPAD is on and you are using it.  So really - who cares?  A bubble free screen  protector with a grid effect that is only noticeable when the device is off.<br />Or - would you rather have bubbles?",B00GJ6ITPC,B00GJ6ITPC,AGVAFSJVSPGXMBKR4N6PEOAXNGFA,1392681848000,1,True,807
5.0,10th one,I love them charge fast. If only I can get my daughter to stop bending the cords. I love them.,B08VVTWH1X,B0C5XHYGGJ,AESRJOHMTHQ5BNBYQMNXBSGFLJVA,1646286092753,0,True,94
5.0,I would definitely recommend.,Fantastic product.  Easy to use.  Easy to set up...,B07MN67BCR,B07MN67BCR,AHBPJ7M26BUGEOMXRKDGQZPBOR6Q,1592409938576,0,True,51
5.0,Exactly what I needed!,"This keyboard is AWESOME! I love the fact that you can program 3 devices and effortlessly switch between them. The keyboard is a bit bigger than I thought it would be, but I'm actually a bit happy about that. I'm not a petite woman, and my hands are far from small, so I appreciate the size. It isn't small and flimsy, but is quite heavy and sturdy. I use it for several of my Kindle Fire tablets and my Samsung Note. This is exactly what I was looking for and it is well worth the price! I've seen cheaper keyboards out there (and even bought one for compairson), but this Logitech keyboard is miles above those, especially since you can program 3 devices without having to constantly switch settings.",B00MUTWLW4,B00MUTWLW4,AFLAPQQSNRQLZQY2UOGVDNKPHOHQ,1554386275343,1,True,702
1.0,Be cautious if you're buying this used.,"I bought these headphones ""Like New"", and for 50$, these sound great, but whenever they are adjusted or moved slightly, the right ear cup creaks loudly, which made them almost unusable for me..  Buy these used at your own caution.",B00ENMK1DW,B0BP88GJVZ,AG2T4B2VB7D6QEXSLORFGVXTU27A,1656019417571,0,True,230
5.0,Five Stars,i use these for all ipads in my family,B00G4SA1FG,B00G4SA1FG,AFAQZ732NOPHGMU3OMFA2VXILXQA,1527104159795,0,True,38
4.0,Being holding up for over two years,"Works great for our house. Remote falls apart daily since purchase but always works. Wish it was better made but for the price it’s oh wells, not a big deal  Had this set up for about 2 years and works great.",B00ZV9RDKK,B075X8471B,AEY7KTVUE2J7IKGZLRTFU36EASXQ,1571606715406,0,True,208
5.0,Highly recommend,"I have 4 of them and they are amazing! I use them inside and outside. Besides the newest software update, best camera ever! They do everything I could ever ask for and more!",B07G2YR23M,B08RLW7918,AGDFYQVFBXD67GOQORHRNLXXKPIA,1582709963676,0,True,173
5.0,Stylish backpack,It's very light and sturdy. It also looks good.,B08TQQJ33H,B08HCXS2L5,AGVZS4KVWHAWCSBKHFJJ2ZLEYC7Q,1654869175514,0,False,47
3.0,I miss the old platform,"So far it does everything I need. I am a little concerned that there is a dot in the middle and it's growing. (Provided in the picture) Also the touch screen is a little hard to maneuver. It lags quite a bit and sometimes isn't responsive at all. Other than that, this works great. Took less than 5 minutes to load over 400 songs.<br /><br />Update: No matter how long I charge this thing, it will not turn on unless it's plugged in. Since I'm using this for my car any way and its plugged in regardless I guess still works for me. And in just a few hours of posting this, the dot got bigger.",B06XFKKMZT,B06XFKKMZT,AEHANEZYFTVZKWKP7KWNAWWP3YUQ,1495658618000,3,True,592
5.0,Five Stars,"Works great, durable and the screen protector is an added bonus!",B00KQHH7PS,B00KQHH7PS,AGIIM4Y2QTSERVSMWJGXTT2GOZWQ,1468600382000,0,True,64
4.0,Still working after many years,many many years later this still works. Tho they wanted me to pay to update! I figured &#34;roads don't change so... &#34; and was not going to pay when I already bought it! That made me mad. But guess what? Roads do change! They ad new ones. and ones that exist change. I was driving and was told by this lady in the box to turn left and there was an island LOL now there... umm??<br />One funny thing is she sounds like she is talking down to me and sighing...&#34;sigh... recalculating....!!!&#34; if you go the wrong way. I feel like she is a snobby relative or friend implying I am being stupid. Or my son when he was a teen. It is funny when I am not totally lost when in a hurry or in a place where I think I might crash LOL etc.,B000EXS1BS,B000EXS1BS,AEKPXGAS7MDLNHMCEZMOOQUOYJLA,1531167672990,0,True,736
4.0,Important to me.,Haven't had to use but I can only assume it will be a good plan to have.,B00YBC7E0W,B00YBC7E0W,AG3MCMWR4REIP5CCK6AHZPOD7VEA,1527335415449,0,True,72
5.0,Space saving 6 outlet power strip with surge protector and 2 USB ports,"This is a fantastic replacement for my corded power strip. Now I can finally get all of my computer equipment and electronics plugged into the wall, and behind my desk instead of using the bulky power strip that sits on the floor, This power strip uses one outlet and has a center screw for added stability. It provides 1080 Joules surge protection to 6 outlets and 2 USB ports located at the top. I have never had any issues with my AmazonBasics products, and you really cannot go wrong for the price. I highly recommend it.",B07DL8RJ4Q,B07QKPCWN5,AGYRMITUSD6IEQMJDPHYMA7CJI2Q,1565535399621,0,False,525
5.0,So far so good! Note to buyers with costar stabilizers,"Nice quality for the price, easy to install, keys came in a plastic tray so you can store your old keycaps in order if needed. Note to those with costar stabilizers, the key caps do not come with MX Keycap Stabilizer Inserts... so if your old keys are like mine and the old ones are apparently glued in, you'll need these to finish the keyboard. You can find them to 3d print pretty easily.",B0BHN2BVV4,B0B92CBBRB,AHTO6WQRMTTZBNYLNCMTCOCBGHWA,1674683605365,1,True,390
5.0,Full WiFi coverage !!!!!,Extremely easy to set up .. I was getting WiFi everywhere in my house but a couple rooms and garage were only a 2 bars reception.. lots of buffering.. after I installed it .... there are full bars reception anywhere in my house .. definitely worth it ... I would recommend...,B08D6932FF,B0B3M94LG1,AFYZJ6EXOZ7EDY6QVOVNPRQ2PQAQ,1597710118276,0,True,275
2.0,Don’t waste your time..,It didn’t pull any channels at all .. and I’m not in the mountains .. I’m in a very suburban neighborhood..,B06WRW8QXC,B06WRW8QXC,AFYZJ6EXOZ7EDY6QVOVNPRQ2PQAQ,1575078876563,0,True,107
5.0,WHY this IS or ISN'T the Riser for You,"I looked at a LOT of risers before choosing this one.<br /><br />I don't have a huge monitor, about 22 inches, but it is on a ROUND BLACK stand and so I wanted a stand that it looked good on.<br /><br />My experience:<br /><br />ADJUSTABLE! - THIS was a BIG deal to me because I wasn't sure EXACTLY how high I wanted it (I have an adjustable computer chair re height).  I have degenerative discs in my neck and while they don't bother me a lot, I realized constantly kind of looking DOWN at my monitor wasn't helpful and I wanted something more eye level.  I put it on the LONGEST setting so it was up high enough.<br />IT'S PERFECT and that's partly why I chose this one, it was adjustable.<br /><br />SUPER EASY to put together - you take the little caps off the screws on the platform and then just screw the legs in and really easy to adjust whatever height you need.<br /><br />STURDY! - No bends in the middle and while my monitor isn't that big or heavy, seems it could withstand something fairly heavy.<br /><br />LOOKS! - I love how the stand of my monitor just blends in with the modern looking black riser.<br /><br />HAS VENTILATION HOLES - for those wanting to put their desktop on it, this could be important that it has the holes in it.<br /><br />BOTTOMLINE:  I got it when it was two dollars off, so a total of about $15, but would have gladly paid more because it's perfect for what I wanted.",B07H4DMLVH,B09PY2KCZF,AEZIW242EBVLBV24LA7FKYVN7YUQ,1620768819938,2,True,1410
1.0,Easy to assemble,"Items are very specific. What goes into bag, not everything fits, so pick and choose what you want to go with. One light umbrella was bent/broken/curved. One lightbulb was broken upon opening.<br />Isn’t very sturdy either, clips break easily. Doesn’t seem to stand properly, doesn’t fully connect, I believe I got different stands put into this package. Wasn’t impressed and don’t feel ill be purchasing or recommend",B08HK7VHN2,B08HK7VHN2,AF3QKQDBPOQRR3YKMXXVW5CHWFMA,1635877712309,1,True,417
2.0,Stick,Apps don't load good very slow some apps can't get to work,B00ZV9RDKK,B075X8471B,AHMRTIXJUJF27GQGZYZNCN4UF5IA,1485868276000,0,True,58
1.0,Defective,Second time this was a replacement now the battery did not charge,B011JBHFV0,B011JBHFV0,AHMRTIXJUJF27GQGZYZNCN4UF5IA,1458861330000,2,True,65
1.0,The nub next to your ear hurts it.,They messed up after only a week of using them.,B0742KM73T,B0742KM73T,AGZZ7EI6ZCZFYVLVGHDD7DRLJVFA,1636596110039,0,True,47
5.0,Great holder.,Easy to install.  Saves counter space.  Looks good.,B07YZGX6RT,B0925JJX6Q,AHOMZA6S5M3XTVVLMAMADDP5LE7A,1602445668765,0,True,51
5.0,works great very nicely made,"works great very nicely made.<br />Features:<br /> 1. Slim and portable design with aluminum shell<br /> 2. USB type-c port can be inserted from both sides<br /> 3. Compatible with Windows, Mac OS, Android<br /> 4. Compatible with Type-C laptop<br /> 5. Compatible with smart phone through OTG<br /> 6. Support OTG with USB Micro Mobile Devices.<br /> 7. USB 3.1 Type C Compatible: Connect your TF / SD card with the latest USB-C devices, including the new Mac-book, Chrome-book Pixel, Nexus 5X, Nexus 6P, Nokia N1 Tablet, One-plus 2 and more.<br />Technical Specification:<br /> Size: 75*22*11mm<br /> Material: Aluminum + ABS<br /> Weight: 30g<br /> USB type: 1* USB 2.0; 1*USB Type-C<br /> Slot type: TF/SD<br /> Color: Silver<br /> Support Function: TF/SD card reader, OTG<br /> Weight: 18g<br /><br />Instruction:<br /> 1.How to Turn Out the Micro-USB?<br /> Press Blue Grooves (As The Picture Shows)with Your Finger or Something Sharp, Then Pull Out The Micro-USB and It Will Completely Out.<br /> 2. How to Hide the Micro-USB ?<br /> Press Blue Grooves (As The Picture Shows)with Your Finger or Something Sharp, Then Push Into The Micro-USB and It Will Completely Hide.<br /><br />Please Note:<br /> This unit do not support hot plugging, please insert SD or TF card first before connection.<br /> This unit do not support two cards at the same.<br /> Please make sure your phone support OTG function and the maximum external card it support, or your phone won't recognize it.<br /><br />I received this product at a discounted price in exchange for my honest and unbiased review.",B01E7119YI,B01E7119YI,AFX3PQKCUSYZ7NRRQR7NGPBTLO4Q,1468621706000,2,False,1587
5.0,Perfect for chargers!,Took this on our cruise and we loved it! Keeps all of our chargers nice and organized! No more tangles and wondering what is what! Great value! Great product!,B07KQVBV8K,B07PYFZYNH,AG7QSJQU54AS4OUYD447FLN5WYPA,1580379701937,0,True,158
5.0,Good choice for PS5 external,"Bought this and a better cable to used with a Samsung SSD as external storage for the PS5. Works very well, moving PS5 games and playing PS4 games. I’ve had no issues with the enclosure.",B07D2BHVBD,B07D2BHVBD,AE4NJ32BCSI3T3W7YQHLKLIPOZCA,1627942993293,1,True,186
5.0,Stuck this into the floor outlet,the husband kept telling me that this will not work in the inground outlet. It did and I have a much smaller electrical outlet with enough slots for my electronics.,B09ZVFHMJN,B09ZVFHMJN,AG73BVBKUOH22USSFJA5ZWL7AKXA,1675381503231,0,True,164
5.0,Much needed addition for your laptop,"If you have purchased a laptop lately, you have probably discovered that they quit including dvd drives as part of the laptop. So, you want to burn your pictures to a rewritable cd, what do you do? You get one of these and proceed as if it is part of your laptop - just placed to the side instead of in your laptop.",B07HMWD21T,B07HMWD21T,AG73BVBKUOH22USSFJA5ZWL7AKXA,1539726414712,0,False,315
4.0,Worked great for me,"I opened up the box today and got the power usb cord and inserted the usb end to my computer and the mini hdmi to the microscope. Then I went to the website and downloaded the drivers for Windows. Because I have Windows 10, I didn't require the camera or the video software. I took out the onion slide and looked at that. It was easy to make adjustments for a good view - all while looking at my pc. Then I took a picture. Easy. The only thing I don't like about this is the power usb cord. It moves around in the usb slot and doesn't feel like it is totally attached to the microscope. In fact, the first time I inserted the part into the scope, I thought something broke. But it is working. I didn't get to play with anything like this when I was a kid, and it is great seeing up close views of things you normally don't get to do. This came with several blank slides and cover slips so you can set up your own slides. It also takes batteries for the bottom lighting. I found this quite enjoyable.",B072N96D24,B072N96D24,AG73BVBKUOH22USSFJA5ZWL7AKXA,1508526069698,0,False,999
5.0,great case for iPad Pro,"If you want the best protection for your iPad Pro, this is the case for you. It has a snap on lid to keep the screen protected and the case uses the front and back of your iPad to assemble properly. It has the cutouts where they belong. When you remove the top, you will find a storage area for the iPad pen and the top also acts as a stand for the iPad. I have one for my iPad air 2 and once it is on, you can drop it and nothing happens. Now, if you need to remove it, you will have to work a little. Instructions for installing and removing the case is included.",B00Z7TDCCM,B0761QRTFD,AG73BVBKUOH22USSFJA5ZWL7AKXA,1506306470944,0,False,565
3.0,duplicate?,"second time reviewing this, software is better than sonys hardware is comparable",B09TDLKVXH,B0971YMVC8,AFGHZCBYAK4DTERRUJP7OLC6FXSA,1666390670387,0,True,80
5.0,Good price,Nice product has worked a long time.,B0143RT8OY,B07WMB4XS4,AFQIG2GQEYM5FKUOOQ4JQLCT7Q3A,1534433325648,0,True,36
5.0,... just got this today and it is so cute love the car mouse and the lights in front do ...,I just got this today and it is so cute love the car mouse and the lights in front do light up and it light weight and easy to use I would recommend getting this dragon pad ferrai car mouse,B002WLHPNK,B002WLHPNK,AGLHVUMWDEJXVM5EVUJX4IWP546Q,1421551572000,0,True,189
5.0,nice,I can charge my cell on this one along with running two ext HD,B005NGQWL2,B005NGQWL2,AFDLDYXNZKE5ST34ZO5R6TCXOTZQ,1445449331000,0,True,62
4.0,Good,Doesn't have a locking lid which may be an issue for some.,B082WNR71H,B082WNR71H,AGIY5IJARHWCKL2JNVGPELPBLLZA,1638917337144,0,True,58
5.0,High quality,High quality and much thicker than the last one I purchase.,B000HDJY7K,B000HDJY7K,AFVQVNWGZKPTAG4GRIFGK4EA3YCA,1469792531000,0,True,59
4.0,A good little HTPC case,"All in all, this little case is a good buy with the 300 watt PSU. The PSU is also very quiet.<br />The case could have another fan mounted on the other side for additional cooling. One of the<br />things I did to help in cooling was to install a hard drive cooling fan. I also upgraded my CPU fan and heat sink.<br />My other complaint is the removable drive cage could be designed a little better for the 3.5&#34; drive bay to facilitate<br />various internal hardware such as a 3.5&#34; card reader/extra USB ports, 3.5&#34; bay housing<br />with 2.5&#34; HDD's, etc...<br />Other than that, this is a good case and it looks good lying horizontal or standing vertical.<br />If you plan on standing the case vertically, make certain your CD/DVD/BD can do the same.<br />I installed an ASUS blue ray burner that does both.",B004EMSH9Q,B07PL1YM6T,AFVQVNWGZKPTAG4GRIFGK4EA3YCA,1371058005000,0,True,822
4.0,A great case for the price,"A good looking cost effective case with lots of space.<br />I have 4 red led fans on speed controllers (3.5&#34; 4 pot slip in) and a high flow PWM at the bottom, it and the CPU cooler run off the motherboard. All said, 6 fans.<br />This case is designed and manufactured for the task. 7/29/16 I still love this case but Thermaltake, if you could add another 1/8&#34; head room at the top for fan clearance it would be more perfect.",B007BDJ5SM,B007BDJ5SM,AFVQVNWGZKPTAG4GRIFGK4EA3YCA,1371054047000,0,True,432
5.0,Impressed,"I'd like to recommend this headset after I had a trip to Austin with it, the ANC feature was impressive. Also, it is light, comfortable and not expensive. You will get much more than you paid for!",B07ZJD662W,B07ZJD662W,AGH4I7RYWOM3MACGCLC44AWIWH7Q,1575556435551,0,False,196
5.0,"Great buy, recommend to friends and family!","These are the coolest headphones I’ve ever had in my life by far. Not upset. Definitely recommend. They also fit pretty comfortably for me, but I also have an about averaged sized melon lol.",B018XNGQOE,B07R2QKTK5,AHJF5EXEB7E4CHPDVEXSYKC7H75A,1590046154817,0,True,190
5.0,More Than I Expected,I was pleasantly surprised with how well it looked with the small screen. Doesn't take up much space and does exactly what I want it to do. If you have a small space but want the Echo then this is the one for you. Great price and works amazingly.,B07HZLHPKP,B07HZLHPKP,AFOAD6UIYNMBRDRSBR46XCZCHZNQ,1611089911826,0,True,246
5.0,Bought as a Gift,This was purchased as a Christmas gift. My daughter loved it. She said it was easy to set up and made using her iPad easier.,B0B4JBPXJZ,B0B4JBPXJZ,AFSYLSITUKYVA3B2HF22RFHGJSPQ,1672080757061,0,True,124
3.0,They become less responsive over time.,"They're ok, but I'm upgrading to Sonos.  Decent if you have a small place and are concerned about being considerate towards your neighbors.",B084J4MZK8,B08F1P3BCC,AERS7Y7NLENBH3MWIUI4L4MDDKHQ,1642279142058,0,True,139
1.0,So now a PRINTER needs to see every web page I visit??,"There is no reason to link a printer to the internet that will serve anyone but HP and it's stalking methods. A printer connects to your computer. End of story. But no, HP has a required app, and you know what comes after that- a forced agreement to their ""privacy"" (publicity) policy.<br /><br />Stop it while you can folks. Get a printer that . . .prints, without wanting to know your private browsing history.",B083ZZ96PT,B083ZZ96PT,AERS7Y7NLENBH3MWIUI4L4MDDKHQ,1612831956712,0,False,412
5.0,"Good Sound, Comfortable, Fantastic Buy","As other reviewers have noted, they're a tiny bit flat in the mids, but that can easily be tweaked with a little EQ adjustment. The materials seem robust, and there's no 'feedback' from rubbing the cord. There is a noticeable difference in sound quality on the two cords; the longer, coiled cord is good. The other, not so much. I really like the look of them, they look like they cost two or threes times as much. I have pretty large flappers, but the ear cups are generous and I can, with periodic adjustment, wear them comfortably for several hours. The only nit, and it is just that, is the tiny grooves cut on the sides are dust collectors as expected from the photos. Bought these for the office. May pick up another pair for the house as well. Overall, nice cans!",B01N6ZJH96,B091K4WYD1,AGCEYWN3HLUTAQLQ6BNOUYFYBTKQ,1585966000072,0,True,770
3.0,Didn't work for me but only because the description did ...,"Didn't work for me but only because the description did not say that they MUST BE LOCATED ON THE SAME CIRCUIT BREAKER to work. So if the outlet attached to your router in the living room that you plug one transmitter into is not on the same circuit as the receiver up in the guest bedroom, then sorry, no luck.",B00AWRUIY4,B00AWRUIY4,AGYOJB44MZSCT5FJWIOKMFSKFVQA,1538637267376,0,True,310
3.0,Meeeeh.... you get what u pay for,"If you need something quickly I would recommend these. However, you get what u pay for I’ve been using them for 2 weeks. The volume control is there just for looks, I manually turn up the volume on my phone. The mute works. Sometimes my clients can’t hear me I push the mic closer to where it’s touching my lips and raise my voice, that I exhausting to say the least. But for now they get the job done",B00ZP2H49I,B00ZP2H49I,AHKNO3FQ5BG2S5JWLTIMKEJHFBGA,1564942241219,0,True,401
5.0,I couldn't be happier!!,"remote control came in two days, and works like a charm.",B00V3UX2PG,B00V3UX2PG,AEE2F4CPHWCZCRFK7CJEKRIGKTPA,1475003210000,0,True,56
1.0,Alexa worst girlfriend i ever had,The worst product ever purchased. Instructions are faulty. I'd rather go with Google. Or a knock off brand.,B01DFKC2SO,B01K8B8YA8,AES252HK7NBGLV6UXI6MP2F3G2PQ,1529024972794,0,True,107
2.0,Very difficult to set up the radio stations since the dial goes Inverlat fast,"Sound is good, reading of digital time is great however the setting up go of the radio stations is almost impossible since the dial goes super fast",B08P4F4D2Z,B08P4F4D2Z,AF63OQN44UFSMTT3D5A63UIEAEZA,1644443024619,0,True,147
4.0,Good price,"Wish I knew what I really needed. I bought something that didn't work but it was because it was the wrong item. But using it for the right reasons, this us a good item for good price",B00N2VILDM,B00O1RTQJE,AG2KNFQSXTTNZ7MOVZCIAWBX27DA,1568021818252,0,True,182
4.0,You can't go wrong with Amazon Basics,"good like cable to extend my headphones, you can't go wrong with Amazon Basics",B01CNAUYBY,B01GTH5Z3E,AEDKOKY2JWONAYLFUZMFP627PEPQ,1516417544084,0,True,78
5.0,WORKS GREAT!!,Need this for Ring doorbell. Worked just as was intended. The ring doorbell camera can view a wide range around.,B08JH9PD1C,B084Y1Z5RL,AHBO7RF2OSYENJGQ4LPUCMPZSCHQ,1668374245071,0,True,112
5.0,One of the best gadgets invented,"These are great, easy to install, work well and it's a night light",B07CWRQ51N,B07CWRQ51N,AG52LQTOOZRPUDBH4MALVV3G22NA,1584777209167,0,True,66
1.0,Volume buttons are inaccurate,Volume buttons are opposite then what they say,B09GGGVMVL,B09GHBF55X,AFIREJPOKKRPUHUO347OVQDO4KRQ,1641292080564,0,True,46
5.0,great labels for the price,Worked great in my label maker and the price was right. Will buy these again in the future.,B0151E7EG2,B09KC8DB35,AE2VCO4Z6PTVAFGO2DZEP6U6D2JQ,1587141137703,0,True,91
4.0,Fairly good quality,Really good cables for the money different sizes fit your need and yes I would buy it again,B0178FMW6Y,B0178FMW6Y,AGUDCLMYKNJOMSSSKFICVIUTGVTQ,1583587175036,1,True,91
5.0,Five Stars,Worked great. Just be sure to buy a long enough back drop,B06X3X1TZF,B06X3X1TZF,AH24UFUU35JTJKP4IWU6BCJGPUNA,1523819654736,0,True,57
1.0,Mine is dead as well,Mine is dead as well<br />Will not recognize media to burn. Cannot format.<br />Very sad.,B07MW2S8DY,B07MW2S8DY,AF67LX7VURVGV6MV7GH3HHDLKZ7A,1554264722545,0,True,89
5.0,Know your battery's charge before you fly.,"Such a simple tool. But, probably one of the most important for you to carry when you take your RC out to play. I have several RC aircraft and vehicles that use LiPo batteries. I charge the batts before I go out. Then, check each one, before I connect it to the RC.<br /><br />This battery checker from Fly RC checks the overall battery charge and the level of each cell. This helps identify a dying or defective battery and prevents the failure, damage or loss of your aircraft or RC vehicle. The checker works with five different battery types and has near perfect accuracy. Five stars.",B0744LVX76,B0744LVX76,AHTDYGXHONM2BHENDRMKMC34ZZZA,1676684830035,0,True,588
1.0,"Junk. Wasted money and time.,","The software (driver package) was easy to install from the website. Everything showed up in my computer, exactly where it was supposed to. But, my laptop would still not recognize the dongle and nothing would connect. So, this was a total waste of time and money.",B00VWEK4IG,B09NWGVKZ3,AHTDYGXHONM2BHENDRMKMC34ZZZA,1564319419256,0,True,263
1.0,Only lasted a few months.,The charging was fast but after a few months the head piece started to seperate from the cord and the wires starting becoming visible and stopped charging. This happened on both!,B07DC5PPFV,B0C2PVFRWV,AGPCJHRPFARKZULVPS5F4P4TVKNA,1650215806879,0,True,178
4.0,but still not seeing the speeds I'd like.,"Works as intended, but still not seeing the speeds I'd like.",B00KT7DOSE,B00KT7DOSE,AHYI3O22APDQVJ3CXEJRHUYYR2BA,1524345496361,0,True,60
5.0,Was worried I would not be able to get these ...,"Was worried I would not be able to get these working with my Vera Secure, but after doing some googling, got them to work.",B00LVQ7IWA,B00LVQ7IWA,AHYI3O22APDQVJ3CXEJRHUYYR2BA,1502472331189,1,True,122
4.0,I love this watch,"I love this watch! I couldn't bring myself to buy one at full price, so when a refurbished one came up for sale here, I grabbed it. The only thing I changed was the watchband and that was amazingly easy to do.",B00WUKULAC,B00WUKULAC,AHYI3O22APDQVJ3CXEJRHUYYR2BA,1472669931000,9,True,209
5.0,Zip it together,"The zip ties are as described.  Easy to use, good variety of sizes",B07KYTF1R2,B07KYTF1R2,AGUQDCDE6EIGWJCFRVKOKOYR2J3A,1577746653469,0,True,66
5.0,Greatest art tool EVER.,"Incredible. Best art tool EVER. Works great. IT'S BIG which is what you want! I had a 6x8 Wacom and it just wasn't big enough. You want ROOM TO MOVE YOUR ARM while you draw. Buy one of these and treasure it! And do yourself a favor and check out SmithMicro's &#34;Manga Studio&#34; which is now renamed &#34;Clip Studio&#34; for some reason. Works MUCH better with a graphics tablet than Illustrator, Photoshop, or Painter. Painter has a history of very weird behavior and bizarre crashes... Manga Studio is stable and tablet friendly!",B0003009AI,B0003009AI,AE2ODZ4VYQ5FNNCONSHSNZM7PHSQ,1440429192000,0,False,535
4.0,Decent signal extender - hard to setup dual band with WPS,"Like the other reviewers, the basic setup is super simple - I was able to get it connected at 2.4G (802.11g) pretty easily with the one touch WPS setup, but using the same setup process to connect to 802.11n and ac modes over the 5Ghz spectrum didn't work, even with the extender right next to the router. The WPS light kept flashing and eventually timed out with no 5Ghz signal. Not a problem, had to login to the interface via the built in webpage and connect to the 5Ghz hotspot manually. But in the end, I ended up disabling 5G on the extender to router side because it was actually slowing the connections down because the 5Ghz band has a harder time going through walls than the 2.4Ghz band. Overall, this range extender works as well as one can hope for the 22 dollars it cost. Was able to expand the indoor range of the router's signal by at least 50 feet in a brick, wood and stucco house.",B07N1WW638,B0BL6788GP,AHNA4Y4ZEUD5TKJASATY35LBA7YA,1580196284133,0,True,898
1.0,These are terrible headphones with poor sound quality,You get what you pay for!  These are terrible headphones with poor sound quality.,B005FDOVPM,B00BS5HMAC,AGYR3PZNLGOMHCLPI7IAFV64TTGQ,1497994414050,0,True,81
4.0,I went with these cases because as any smart parent would,"LifeProof definitely has the iPad case thing figured out with one exception.  The power and up/down volume are extremely difficult to operate for my kids.  I went with these cases because as any smart parent would, you protect the heck out of that $400 piece of electronics you've just entrusted your children with, right?  Of course!  Even I have difficulties powering down the iPad's using the power button so while these cases have genuinely protected the iPad's, the cases can cause some frustration.  Thankfully my children have figured out how to use the buttons on the screen to power down their devices but for their not-so-iPad-savvy mom those dang buttons are now pesky!<br /><br />If you want total protection and can live with the small nuisance of difficult button operation, this is the perfect case.",B00CJYA95G,B00H2AH21G,AHFEJDJFUEP5CERQBHC53QL4ZSVQ,1425617575000,0,True,814
2.0,Black screened after a week.,"Was super excited to get this for my kiddo, reviews were decent and thought it would be a good starter tablet for my 5 year old. First week worked than it just wouldn't turn on. Wasn't dropped or mishandled in any way. Highly disappointed definitely won't be ordering again.",B07Z48G4G6,B09W4DP1GV,AEKDUGIUU2YDU2EYRPVAX32IT6GQ,1653964552619,0,True,274
5.0,loved it,Well this sure went over great for halloween. We set it up on a projector along with the lap top and the kids loved it. We had it showing through our front living room window. We just did one set to have it repeat over and over.<br />The quality appeared to be really good. We will use it again next year and buy a couple more as well. AtmostFEARfx has really good quality products. We are very happy with this purchase.<br /><br />► I did NOT receive this product at a discount nor for free. I paid full price. My opinion is my own and I was not influenced by anyone in any way  of my opinion of this product.,B012HFHE1S,B012HFHE1S,AFTOQEL223UUVVLEQZ3O4PTCXIHQ,1447628401000,12,True,610
2.0,Too Big,Way to big for the MacBook Pro 13' inch.  My laptop is basically swimming in the case.,B06XPMVTDM,B06XPMVTDM,AELOG36QR6WGKS2YOT62CSKZUGFA,1565800949270,2,True,86
5.0,Enjoy,One of the best purchases I’ve ever made. Now that I have Amazon prime I’ve cut back my cable bill substantially.,B00ZV9RDKK,B075X8471B,AFNF2Z3MUSN44ULCMEM6HATYBGNQ,1541822079465,0,True,113
5.0,Perfect,Thank you for introducing me to baby shark do do dodo do do. Lol. The 3yo I bought it for is in love with it.,B01J90MSDS,B01M4NU4OM,AHRTBP4HEDQYC24IOCGHOZLWE44Q,1538403370729,0,True,109
5.0,Does the job well,Does the job very well. bought this as a replacement for the one that came with my Nuvi 1450 unit and fits perfectly. a bit shiny but that's ok,B009NWSKIA,B009NWSKIA,AHH6ZGXHPZXRP7IWH4HVNLBRJEIQ,1505386415790,0,True,143
5.0,Good,"I had to make a minor adjustment to mine. I wanted it to hang on the front of a seat. But this is specifically designed to hang off the back. My issue, not the product. Ended using twisty ties to secure it the way I needed. Hangs onto my tablet well.",B074YYYNJ5,B074YYYNJ5,AHOXBM3RFHY5THP5DMXJICMEQJBA,1539830510479,0,True,250
5.0,Worth it!,"I was blown away when I first used this!!!  First, it actually came with a battery.  So, I was able to use it immediately without having to run to find a battery or go to the store.  Using this allowed me to have the freedom to move around without being &#34;stuck&#34; by a computer and board!!!!",B0057KL2AU,B0057KL2AU,AGRMNH5C4SLB3ND35NDDOGYYLJGA,1533236205138,0,True,297
5.0,Love it,"Worked, good value, and I’m really pleased with it.",B072BK74X4,B072BK74X4,AEMSBRGQAMYQPDUSQ5COFVEEA5MA,1519920581856,4,True,51
1.0,Be warned: Razer's products are over-priced with poor build quality and poor reliability.,Purchased an Razer Orbweaver Elite Mechanical for over one hundred ten dollars.<br />1. Palm-pad failure within 3 months---glue everywhere.<br />2. Multiple key failures just outside warranty time on advertised &#34;20 million keystrokes&#34; switches.<br />--Razer's products are over-priced and do not hold up as advertised.<br />--I'd rather buy 3 of the cheaper gaming boards than spend money with Razer again.,B00N2ROG30,B00N2ROG30,AH5F2CW6PMSHHNXFKOMHYHQG66AA,1512632818623,4,True,414
5.0,Beautiful,That's simply the best word to describe it. Apple already made an amazing piece of technology and design that with this added sturdy protection it adds a gloss finish Which makes it pop. I completely fell in love with it and it came with a screen protector which I absolutely did not like at all the finish was terrible along with the adhesive and there were so many air bubbles it was insane. I contacted the seller and he sent me a new top and screen protector and this one was perfect I must've received a defective item cause the difference is night and day and all this for the price is what makes me give it 5 stars great customer service,B01MSLWTGP,B07FNGV2MG,AESPNEULYGZTZDDVCN7GQ33RFA7A,1551670338512,1,True,644
4.0,Not An Expert,"OK, so this is the first plasma tv that Ive ever owned. I took it out of the box and had it assembled quite easily. Turned it on and got it set up just as easy. Picture is incredible compared to the Phillips 37"" that this one is replacing. The price was very good compared to what I found while shopping for tv`s with similar features. the sound from the built-in speakers leaves a little to be desired, but home theatre systems are pretty affordable these days I guess. Now just waiting for the cable guy to hook us up and we`ll be all set. Very pleased with this purchase. Would`ve gave it 5 stars if the speakers had been a little better.",B003924U7A,B003924U7A,AG6CKI7YUWRICXGO36WXTKZVCSEQ,1293389642000,0,True,641
5.0,"Nice riser, does what I wanted it to do!","I was looking for a wooden riser that was 8 inches deep or shallower to free up some writing space on my desk. This fit the bill. Assembly was a bit challenging for me (small hands trying to hold the pieces in line while working a screwdriver is not my strong suit). But it's beautiful and functional. The moving pieces are held on with short dowels and come off really easy when moving it but it's a very sturdy unit over all.<br /><br />For me, my monitor overlapped with my laptop. So I had to extend the left side and move monitor piece over. It's not symmetrical which messes with my brain a bit. One reason was I also have a plug-in panel on the top of my desk for USB and 2 outlets. This interfered with the riser causing me to have to extend it on that side.<br /><br />Overall, a great little unit. Solid build. Looks nice. Functions well. The piece where my laptop sits moves easily for adjustment. My laptop is an HP 15.6"".",B07GV6F19F,B07SJ3MCJW,AGOGUB6N6ALHDMJ6HLMOTD32T5NA,1586913609292,0,True,934
2.0,Good table but be careful on pricing policy,Pros:<br />-Best touchscreen available<br />-Strong battery life<br />-Solid build<br />-Access to Apple app ecosystem<br /><br />Cons:<br />-Mediocre value versus alternatives<br />-Amazon/Apple pricing policy (reduced price $50 days after purchase and will not credit; will see if they lest this truth through),B08J6LJMT4,B08J93K6ZC,AFFNEXWOXUVEY6FAFT35COP5IVXQ,1609064202128,0,False,312
5.0,Five Stars,Awesome sounding. Blocks out surrounding sound.,B004MWL1TQ,B0BDMMJR8Y,AGMCF57E6Z75G5B5BLU4QZCCATAA,1465421959000,0,True,47
5.0,"The best GPS I ever had, and I've had thousands.","Well maybe not thousands but I've had plenty.<br /><br />The software that runs this voice activated GPS is the best EVER.  Many annoying features of other programs- not in evidence!  So helpful and clear in the least obtrusive and informative way.  In cities, it even tells the COLOR of buildings in driving instructions. (i.e. &#34;Take the next left, after the white building&#34;)<br /><br />Voice activated from a phrase that you program.  Mine is &#34;Hey, GPS&#34; and it responds &#34;Say a command&#34;  Not perfect, but very good voice recognition rarely confounded by ambient noise. Learn the commands and you have a steady co-pilot!",B00PBEWR88,B00PBEWR88,AGCT7PJDOJ6OW3H5VY5XLTUTXVNA,1420847439000,90,True,644
4.0,"simple but solidly built cable, very fast data transfer speeds","This cable does not have fancy housing or connectors, but it feels solidly built and works great with my USB-C laptop. Data transfer and charging speeds are very fast, as I would expect from a USB-C 3.1 cable.",B085SBGMLG,B085SBGMLG,AHDZKPPKUT7HD47LXCBN7RQNN6KQ,1600212769089,1,False,209
5.0,great for adding USB-C ports to older computers,These little adapters feel like they are solidly built. The connectors on both sides give me solid secure connections. Works great for using new USB-C devices into an older PC that only has full-sized USB ports. Windows 10 is smart enough to configure my USB-C devices plug-and-play through these adapters.,B0861Y5LF6,B096SPZWRR,AHDZKPPKUT7HD47LXCBN7RQNN6KQ,1592353502059,0,False,306
3.0,"cheaper, but worse sound quality and much worse battery life compared to LG or Motorola necklace-style bluetooth earbuds","I also own and enjoy LG Tone and Motorola Buds necklace-style bluetooth earbuds. These iHome earbuds are cheaper than LG and Motorola, but you get what you pay for. Battery life on the iHome product is much worse than LG or Motorola (6-7 hours vs 10-12 hours) and long battery life is one of the main reasons I prefer the necklace-style earbuds vs the simpler styles. Music volume is louder on the iHome buds, but LG and Motorola were loud enough for me. At similar volumes, iHome has noticeably lower clarity than the other brands.",B07C6HDPYH,B07C6HDPYH,AHDZKPPKUT7HD47LXCBN7RQNN6KQ,1527722970260,2,False,532
4.0,great job for such a small antenna,"I bought one of these to replace a 30-year-old full-sized UHF/VHF rooftop antenna. The old antenna works great with HDTV, but it was beginning to deteriorate from age. The C2-V is no better than the old antenna, but it certainly is a lot smaller and lighter weight. If your space is limited or you have an odd mounting location or you think those old-style antennas are too ugly or difficult to install, then give this a try. I bought a refurb for a bargain price and it seems to work just as well as the old antenna (mounted on the same pole). There is a mini mounting pole in the box, but I'm sure the antenna will work better on standard rooftop antenna pole.",B007RH5GZI,B07W5WFNY3,AHDZKPPKUT7HD47LXCBN7RQNN6KQ,1365892088000,2,False,662
5.0,Definitely recommend,"I bought 4 wireless headphones and ear buds off Amazon and I reason is cause the left ear on each one kept breaking randomly and I only had them for awhile so I got to annoyed and purchased these wired headphones, delighted I did I love the look of them and the quality etc is brilliant I'm very happy with them! And the packaging was really nice. I would recommend.",B0170RBJ9Q,B0170RBJ9Q,AFEPBOR77XTL3FS3MIT5MHJIJM7A,1590381248577,2,True,366
5.0,Easy to use,"Small, easy to use, large storage capacity.",B01M0QR22B,B09V36QXT6,AHMULXMEMCHPSCD5ANF4PE74UREA,1558138333737,0,True,43
5.0,Great quality & value,"My daughter LOVES these. She got sick of normal earbuds for listening to music on her iPhone, and these have been a fantastic replacement.",B01KIIZGMU,B06XKVSX25,AFCKN7G26GYGSCJVJH7SEAZORFSA,1592465731433,0,True,138
5.0,thank God for replacements.,this works great and is a life save when my sons kill their old one.,B07H6XMVLW,B07H6XMVLW,AFAWKIRFIPP6GBID57U75SEEM3RQ,1598061506717,0,True,68
5.0,A Great Gift,I bought them as a gift for my husband. He loves them! He likes to watch movies while I watch tv. It cancels the sound out and the talking is on time.,B08L7D38ZL,B0928R4WXG,AHCJQADO2FA26QHC2KPN34RTQ2PA,1643543678458,0,False,150
5.0,Easy to use!,"Buy! Buy! Buy!<br /><br />Fast delivery, Brand new unopened box.  Easy pairing.",B016NY7784,B0BJPSZ739,AEMBS6HBBPFH6JQILNA6LJF4R75Q,1654969672922,0,True,79
3.0,You can't see the light! You don't know if she heard you,I bought a couple of these for Prime Day - as replacements for older ones - but the fact that the light ring is now on the bottom has everyone in my house is constantly yelling because we never know if she heard us or not.<br />Huge annoyance.,B07XJ8C8F5,B08F1P3BCC,AFUIYIPWUCMREWW5RTZ4SSVCRXGA,1624804157274,0,True,243
5.0,Bubby gotta chill!👈,Got in 2 days for a neighbor whose dog agree her last one. Separation anxiety and even a thumb scent gets the heat for leaving an anxious 🐕.,B077N1CNN5,B077N1CNN5,AHGFQRPKXK7FG5V3UZTZ7BEMPX2A,1540172488887,0,True,140
3.0,Not a good fit for my ears.,"It might just be the size of my ears, but I have trouble keeping them in.  They are hard plastic and do not form to one's ear cannel.",B07WJ96N21,B07WJ96N21,AGAORU2H6YY5BP2XVTLVCFZ2URUQ,1613255606582,0,True,133
5.0,Amazed at how well this works.,"I wanted a mouse I could use while sitting on my sofa with my computer located on the other side of the room.  Display the computer screen on my TV when I watch Netflix or other videos.  I thought I might have to point the mouse directly at the computer, but even with the USB connector on the other side of the computer, and sitting on the sofa with the mouse on the sofa next to my leg without a clear line to the computer, it works great.  I really like this.",B003NR57BY,B003NR57BY,AG3HEY7A72KKVSZJKOKJRRRRF4EA,1373715487000,0,True,462
2.0,Definitely not great,"I have the newest 2020 13” MacBook Air. The zip case is OK; nothing special. The outer hard case fits well. Mine arrived with a chip in it, by the apple, however. The keyboard cover is useless. It doesn’t line up with the characters on the keys at all. The monitor protector arrived bent at the corners, and does not stick flush to the screen. To me, this is overpriced, and poor quality. I would definitely return it, but I bought it with a gift card, and I can’t be bothered with the hassle.",B08L8SN51Q,B0BSNCKKSJ,AHFTTJLUAIMBXKTALRQW2CQMZY3Q,1610487920485,4,True,493
4.0,"compact & good travel companion (for laptop, tablets and mobiles)","My wife bought it for me 2 weeks ago. I have been using it regularly. The seller must know what it is....it is not a high-power adapter.... just for medium power like laptop, mobile, etc... It is very compact but has enough ports (1 power socket, old three usb hub, and one usb C) for your laptop, cell phones, tablets, power backup.  This charger is particularly useful for me when I travel back home. It is small, light and easy to carry around.... and thus does its purpose. The sliding button that pops out the socket plug is a great design serving the compactness issue, and also smartly labelled. It would have been the best product if would support high powered equipment like heater but for the given price its a reasonable product.",B07HQ79GRH,B07HQ79GRH,AE5L7OOT6WUU2IVRKPSHS64YIOQA,1555550256975,0,True,740
5.0,Great buy,This was the second time I bought this product for my lap top.  Works perfectly.,B07QFR8C62,B07QFR8C62,AEHJXZS7CQFB3PL726OZTT3SDVVA,1667110407004,0,True,80
5.0,Great value,Incredible deal compared to my old gopro 3 black +. Batteries lasts longer. Extra battery. Built in screen. 1/10th the price!<br />Simplified case locking latch.,B07F7MQ462,B07F7MQ462,AGPGXSO3TUT5DZEMWXKMOJRGT3UQ,1554577837289,0,False,161
5.0,Five Stars,Good speaker for the price.  Would definitely recommend.,B010OYASRG,B0BW4PFM58,AHP5VT6WUQBZ5FTLJYQL5F6XUDPQ,1487309432000,0,True,56
1.0,Don’t stay on ear piece,"These are awkward to get onto ear pieces and then they come off, and I didn’t get any benefit from them",B08J6N9W8W,B07YBGPT5B,AEXRF42KQCEJQGMGPCOQ4KM3OFNA,1618835599265,0,True,103
2.0,Reduces graphics a lot,This is fine if you are really just looking for a paper like screen protector. This really lowers the graphics for movies/video. Not too happy with it. Will be removing.,B07QMV54LY,B07QMV54LY,AHPHCZHQRUPLNKP4HCCWU4YW2BLA,1597499336895,0,True,169
5.0,Good - Universal for USB 2.0 Printers - Any Brand,This is a good cheap but well made cable that will work for just about ANY printer manufactured during this century (this may change as USB 3.0 becomes more common). It's not just for Canon Printers.,B00404SUZ4,B00404SUZ4,AENH6LSB6BM7XLPEYUL43WBOD6JA,1445297628000,7,True,199
5.0,Works as intended,Keeps my laptop from overheating. I do like it.,B01L8M215A,B01L8M215A,AEYF7DAMJJUD6WEHKN3WVZU4UGVQ,1621359934291,0,True,47
2.0,Careful of your keyboards dimensions.,"Decent product, but does not do what it said it would. The title of the product said it fits ANKER bluetooth keyboards. It does NOT.",B00MRMGN7S,B00MRMGN7S,AGHYTSSR4JMXZJAMIZIOY4I7DXJQ,1423618065000,0,True,132
2.0,oversized for a smaller ear.,If it's attached to the inner ear w/ a sticky substance like a clear silicone adhesive that conforms to the ear piece it prevents the very slippery ear pieces from falling right out of the ear.  They don't seem to get the design flaw as most have the same issue and of course they always fall out at the worst time in the worst places... lol,B082XGKKHK,B08J83TR22,AEWIMGJZ7H4Z7CPQES57Z2KFSTVA,1590093974639,0,True,341
5.0,Love the light  telling me I have power,"My socket plug is dying on me so i can't tell when its powered up or not, but with this adapter I don't have to guess anymore.<br />If just make sure to see the red led glowing then I know its powered up so I can plug in my detector or whatever I need to use it for.",B089FDS47P,B089FDS47P,AGTWLAGIEGQYVDXC2HC7VSI3H5IA,1622043899182,0,True,266
4.0,Works well for where it is being used,I like the Mind Reader Extra Wide Monitor Stand. It is sturdy and holds the weight. It is a good width for where it is being used. It is a simple and utilitarian design that doesn't clash with other items in the area. I like it a lot.,B0741TTKGT,B078JGK21B,AGSP6LSQK32SQEJO3YVVNACPWMSQ,1525027900916,0,False,234
5.0,Works well for our household,"My first external drive ever was a Western Digital so I have a soft spot for the brand. Since we needed to back up an older laptop that was starting to fail, this WD 4TB My Passport Ultra Portable External Hard Drive with USB appeared at a perfect time. It has two things that we need: ease of use and storage space. It was easy to use for back up of the laptop's data and had so much storage left that we could use it to transfer files from the other PCs. We still have a lot left for storage. We aren't a big cloud using family but I imagine if we were, we'd use it as a back up for the Cloud as well. Overall, it has worked out well for our household.",B072PVR8B6,B07HHS78P1,AGSP6LSQK32SQEJO3YVVNACPWMSQ,1510672665898,0,False,654
5.0,loving it so far!,replacing my 20 year old tripod w this 255c2; compacts down real nice and is slightly taller that my old one! time will tell how it holds up!,B0B2R9CL88,B08Z3H3GHR,AHZRRVMZDX4BT57ERFUHWGEQ7N5Q,1661395913740,1,True,141
5.0,So far so good.,"Compact, reliable. No complaints.",B072HW3WSS,B0C2TNCHQD,AEKVAFLMWUB44FWO4JM6FDFFFAOA,1538828121658,0,True,33
4.0,Good value for mini discs,"I'm using these DVDs in my computer since I don't have a video camera and having no problems at all.  They write smoothly and quickly in my DVD.  They are easily rewritable.  And they play perfectly in my Blue Ray player.  I find them a bit small for my needs, but since they're intended to be used as video discs first of all, it's not something I can reasonably complain about.<br /><br />The price seems to be on the low end of the mini disc spectrum which is nice.  And I like Fuji products, so I think this is probably a good deal if you use a lot of these in your video camera.<br /><br />Disclaimer:  I was sent this product in exchange for a review.",B0002MQ75S,B0002MQ75S,AGUGXIJLHKXL2JQWVQ32CCXDBYFA,1421092620000,0,False,657
1.0,Bad connections,I bought 3 of these.<br />All three have terrible connection for the power supply.<br />I have to push and hold the input power with a piece of tape.<br />Unreliable.,B088KQ19YB,B088KQ19YB,AHVS62VRYSH72NDZ5ODROFPUULQA,1614341118878,0,True,166
1.0,"Does NOT work with devices it claims to, blocks neighboring ports","I guess it’s good that somebody makes this adapter, but it doesn’t work as described and its housing is so much fatter than a standard HDMI, it renders neighboring ports useless. I thoroughly checked the product info before ordering and it didn’t work. I called tech support, who insisted it would work, and sent me another. Now I see in the comments, this item often does not work with Apple LED Cinema Displays. I believe one reviewer may be correct, that this is not mini display port, but thunderbolt (and while there are times the two work together, such as plugging a MDP monitor into a TB port on a Mac, adapters are a situation in which it matters which is which).<br /><br />Even if it did work, it’s so much fatter than a typical HDMI cable, it blocks the ports next to it. In this case, it blocks my thunderbolt connection, turning my solution for using 2 MDP displays back into, only being able to use one.<br /><br />I’m not sure if it’s relevant that the input on the adapter is strangely shallow, so the MDP doesn’t even slide in all the way.<br /><br />In short I imagine this is fine for a narrow margin of the people seeking this adapter. But it does not work on all the devices it claims to, it might not be MDP after all, and it causes as many problems as it solves in a crowded input situation.",B07H29J86N,B07H29J86N,AFR2LYPKKDDYJU2NIHH5EDANHDHQ,1606250291143,2,True,1315
5.0,Cool cover!,"It is a good quality case with economical features. The magnetic stand is very useful, along with the 180 swivel capability. It also looks great, I recommend this. The inside is like suede while the outside is like vinyl or pleather.",B00C3GIQU0,B00C3GIQU0,AHMGRS7F7IA4HM2AYAEU42MFFDCQ,1410301743000,0,True,233
5.0,Five Stars,great case purchase for JBL boombox fix as expected with plug - secured storage...love it.,B0769GC4BY,B08T974FL4,AHAS6OTNXX5CGA7LA2JE4WPJKVEQ,1531837213905,0,True,90
5.0,This case is just perfectly designed. I was wondering ...,This case is just perfectly designed. I was wondering what the top 3 way switch was until I purchased 2 top case fans. They plug into the extra case fans' power plugs which allows the top case 3way switch to turn then off or half power or full power.,B00MNSEAK8,B00MNSEAK8,AFHQWKMOOHSDODJI7A4TRGXBC3LA,1435887776000,0,True,250
5.0,Great,Great card. i did not encounter problems with it. i bought it to use it with my blackberry q10. worked fine,B0046XAROG,B00E5TQ3OY,AHHENT2VWJDJ6PDVOJQJWYWYOGDA,1387488087000,0,True,107
5.0,bought for my daughter,"Okay, I bought my daughter an I-pod to get her away from my computer.  It worked, for the most part.  To protect it, we looked around for some kind of case, and after seeing them for waaaay more than I thought they were worth, I found this generic one.  I figured $5 was worth the risk.  It came in quickly, and the ipod went into it and it does exactly what the more expensive ones do (we checked it against her friends' ipod cases).  Now her friends want to know where to get this one because it comes in more colors than the expensive ones.",B009OUFOFI,B009OUFOFI,AG7HEFYWO3GBIFLMXGDBM4MCIGKA,1370963552000,0,True,543
5.0,Great tool!,"I honestly never would have imagined that a plastic box over a flash could make such a difference in my photographs, but I am pleasantly surprised to find out it really does. My flash works better than ever before now and I am very glad I listened to the many positive reviews and made this purchase.",B000CLNHXY,B000CLNHXY,AHDROYZKEVOVLHHIHZ7XDKD7XZJQ,1393174640000,0,True,300
5.0,Love this camera!,"My mom and stepfather bought this camera for me for as a graduation present a week ago and I must say I am in love with it. The camera is just wonderful! The pictures are gorgeous and so clear! I upgraded from a Panasonic FZ-18, which I also love, but the Canon T2i is just on such a higher level of picture quality! Despite the more advanced features, the camera is very user friendly, which is a plus for the beginner Digital SLR user. I am investing in a T2i manual to become better aquainted with the many features the camera offers, but even with my lack of prior use of a Digital SLR I have found the camera quite easy to use. The video feature is what finally really sold me on this exact model and I am glad it did. The videos are also very clear and the sound is amazing.<br /><br />My first real camera was a film SLR, but that was 15+ years ago. Since I have not used a detachable lens since those days, I really cannot give a great review of the kit lens. With that said, I do like the lens. I shoot my children and pets mainly in outdoor settings so the lens works wonderfully for my photos. The anti-shake feature is such a necessity for me since I have shaky hands without holding a camera and it really does a terrific job in even poorly lit settings.",B0035FZJHQ,B005MUHJ4I,AHDROYZKEVOVLHHIHZ7XDKD7XZJQ,1273502463000,1,False,1267
5.0,a charging cord that is sturdy and works well,"Finally, a charging cord that is sturdy and works well!  I would definitely buy this product again.  It's great!",B01KSCZHQG,B01KSCZHQG,AGO6DSXIOWW2VHKHYGDGCZD554FA,1496841865000,0,True,112
5.0,Perfect!,Just what I was looking for. Good value. Very happy with my purchase.,B072LW1RGG,B07LCVR5BW,AFK2WCO57W64MQTRZ2KLEF4QZFRA,1589215263445,0,True,69
5.0,Great Value for the Money,"Of course, in 3 years we will all be using terabyte drives, but for 2014, this is a killer value.  Fairly quick on USB3.0 and 2.0, plus the swivel keeps the cap from getting lost.  For the money, you get a very nice drive that has decent transfer speed and a hefty 32GB for storing tons of photos or music.",B00H7PBWK8,B00H7PBWK8,AH4W7AUDHCSRDHCJKME6U5X3BW4A,1402897374000,0,True,306
4.0,A shot of canned air,"Learn from my mistake and use a shot of canned air to ensure that there is not any ""hard"" bits on the screen before using them.  Do that and they should work pretty well.",B0BPBC3R4B,B0BPBC3R4B,AF67FO64FOGX3VVVHV7M2OV4ISIA,1675736449802,0,False,170
5.0,Outstanding iPod-to-home-theater solution,"The Philips system was simple to set up and works flawlessly. Remote is easy to use and RF transmitter has great range. The small LED screen is a minor inconvenience, as many album and song names must scroll. I have not tried using the remote to control other devices, but have read on several online reviews that the functionality is solid and comparable to a mid-level Logitech Harmony remote. I still can't believe I got this for around $25.",B002R8VKTI,B002R8VKTI,AFXCITKHDIWFTVAFZTNFTXQZSNDQ,1325040521000,0,True,444
4.0,So far good; a bit flimsy,"Used to secure cords/ cables for technology at home & school, and to contain CPAP hoses to behind the pillows to they don't strangle (really).  They do the job so far but seem very thin- probably not very durable but a handy thing to have and a good price.",B001E1Y5O6,B09TWVB2TH,AH5FE4PTJENHXFD2TDB4GPGRQ2HA,1545911891809,0,True,256
5.0,Great TV for the price. Better in some ways than more expensive TVs.,"The picture is spectacular. The colors are vibrant, and the darks are dark. Especially if you have it properly calibrated.  It's very light for its size, thin and easy to set up.  The remote is a bit on the light side, not having a backlight, and the buttons are hard to see in the dark.<br /><br />The smart capabilities of the TV are fantastic. It comes with programs like Netflix, Amazon Prime Video, and iheartradio (all have buttons on the remote for fast access) as well as others. There is also a store where you can access and download other programs like Accuweather and Plex, among others.<br /><br />It won't quite eliminate the need for a chromecast, as that is just a spectacular piece of electronics, but you'll be using it less and less.<br /><br />It has 3 hdmi inputs. I use it with a sound bar, as the TV sound is a bit hollow. If you use a Vizio sound bar it will recognize it immediately and you can use the TV remote to control the sound on the sound bar.<br /><br />The stalk is a bit flimsy feeling, but otherwise a well built TV set. Great picture and wonderful features. The only drawbacks I see is the flimsy stalk, cheap feeling remote, and the IR sensor is a bit weak.<br /><br />For proper callibration and superior screen use the following settings:<br /><br />---Picture settings menu---<br />Picture Mode: Custom 1<br />Auto Brightness Control: Off<br />Backlight: 90<br />Brightness: 49<br />Contrast: 80<br />Color: 50<br />Tint: 0<br />Sharpness: 50<br /><br />--Advanced Picture submenu---<br />Color temperature: Normal<br />Black Detail: Off<br />Active LED Zones: On<br />Motion Blur Reduction: Off<br />Reduce Signal Noise: Off<br />Reduce Block Noise: Off<br />Picture Size: [no change]<br />Picture Position: [no change]<br />Film Mode: Auto<br />Wide: Normal<br /><br />---Professional Picture submenu---<br />Color Tuner:<br />Red [Hue, Saturation, Brightness]: 0, 0, 0<br />Green: 0, 0, 0<br />Blue: 0, 0, 0<br />Cyan: 31, 0, 0<br />Magenta: -36, 0, 0<br />Yellow: 20, 0, 0<br /><br />Red offset: 0<br />Red gain: -4<br />Green offset: 0<br />Green Gain: 0<br />Blue offset: 1<br />Blue gain: -1<br /><br />11-point white balance:<br />[Red, Green and Blue gain]<br />5%: 6, 6, 0<br />10%: -20, -20, -20<br />20%: -50, -50, -45<br />30%: -50, -50, -45<br />40%: -50, -50, -50<br />50%: -50, -50, -45<br />60%: -25, -25, -10<br />70%: 0, 0, 0<br />80%: 0, 0, 0<br />90%: 0, 0, 0<br />100%: 0, 0, 0",B00GTE0VJ6,B00NUS8QQY,AE6AUO3Z6Q5N5VK2JDWGZEGFW4GA,1421334422000,19,True,2441
5.0,"Great features, even connect your Chromecast to it!","A lot of modern features. You can connect this to your computer through traditional VGA or through a more modern DVI or HTMI cable (not included).  It has multiple ports and options for connecting to most any way you'd like to connect.<br />The thing I was MOST impressed with is that it has a the HDMI port and a powered USB port so I was able to connect my Chromecast to it, we watched Doctor Who on the bedroom wall with my kids, and it was like we were at a drive in. Very much fun indeed.<br /><br />It is also very bright, so you can use this in bright classrooms. Color is very good, so if you are showing color intensive images like movies, shows, photos, or whatever, they'll be true.<br /><br />It's light, easy to set up, and tear down. A must for presenters.",B00M8XKAA2,B00M8XKAA2,AE6AUO3Z6Q5N5VK2JDWGZEGFW4GA,1412605331000,0,False,770
3.0,"It is what it is, an elastic stylus holder ...","It is what it is, an elastic stylus holder.<br />I got it to go on the type cover for the ipad and found that it just didn't ever really sit right when folded up. It was just a halfway solution for what I was looking for so I eventually went with a case that had a molded pen holder.",B01CX3URH2,B07212HNM9,AHAHGO3S5VBZCHOZP232VIFMATRQ,1481563812000,0,True,283
3.0,"CQ, CQ, CQDX!","wish the directions for the software were a little more detailed, i have my license, but i am not a total frequency person, so SOME more documentation would have been nice",B00CW7CQTM,B00CW7CQTM,AGN5LGSWOPXDRUGMWCIURXUYXINQ,1386546761000,1,True,171
1.0,Don't waste your money,Cheap craftsmanship... product did not work for very long,B00023KG4A,B00023KG4A,AG4CP7TWGP6IODY773MR7OKSOYBQ,1477150329000,0,True,57
5.0,Great fun,"For the price, I didn't have soaring expectations. First I tried it on my phone. The magnification wasn't amazing there, since my screen is only 2&#34; wide, so you get a circular image the width of that. Then I tried it on my laptop! It's great! The detail you can see is great! We're using it for homeschool and looking at various objects. It's not powerful enough to see single celled organisms, but it's a huge step up from a simple magnifying glass. Fun new tool! Please note that it doesn't seem to be the most durable thing, so if you take it places, definitely pack it in something protective. I haven't tested the waterproffness of it, but I would say just the tip should get wet.",B01IV0TV50,B01IV0TV50,AGX2YIH2LZ2IVUY3BJIDZSQXV4CQ,1525546990000,4,True,689
5.0,Lot of value for the buck,"The picture is as vibrant and bright and sharp as advertised. It works with Google, Apple, Alexa out of the box. There's even a Google privacy agreement printed on the outside of the box before you even open it.<br /><br />It's excellent for movies and streaming video. Gaming performance is very good. Not quite excellent, but very good. It did lag very slightly when there was a lot of action on screen at once.<br /><br />The built-in sound is decent but you might want to add a sound bar.<br /><br />The only negative is the screen on the unit we received had two dead pixels but it took some scrutiny to spot them. They're not really noticeable, and not worth initiating a return or deducting a star in this review, but if you're a stickler, you might want to give the screen a close inspection when you receive it.",B08QXV8TWZ,B08Z31SKBB,AE4QO4BZ4S4DD3A2EXHUCIECTYWA,1620078233769,1,False,820
5.0,"Solid, sturdy","I kind of expected this case to be smaller---almost wallet sized. But it's actually more the size of a small EDC bag.<br /><br />The shell is thick and sturdy, obviously durable. The hinges and latch are robust and look like they'll last a long time. I'm not sure I would trust it to be waterproof, but it certainly looks water resistant.<br /><br />The interior dimensions are about 2.75 by 4.5 inches by 1.25 inches deep. There's enough space for several flash drives and a USB cord. It's not quite big enough to hold an HDD enclosure.<br /><br />Nice case.",B07KQ7RQS1,B08MQKHGVN,AE4QO4BZ4S4DD3A2EXHUCIECTYWA,1553893337745,0,False,559
5.0,Worth it!,"Slim, fast and it works great. I run a business and needed the number pad that is not included in the new computers. This gets used often there is no lag and it works beautifully.",B07RMT3RFL,B07RMT3RFL,AHDHU5OGIUCVONYQX7K3NKAHOJLQ,1608152326838,0,True,179
5.0,Very  nice case!,"I couldn't really see the fabric in the photo but it is a nice micro suede which feels much nicer than microfiber. The pattern in the fabric is trendy but will last. The 7"" Kindle HD fits nicely and the stretch band keeps the cover closed and the device snug inside. It's a simple and stylish cover, highly recommended.",B00BOTAI0I,B00BOTAI0I,AGZYNKTWTUPP4ZLJ77LH7TFL6Y5A,1370791552000,0,False,319
4.0,Solid choice but not the best,"A good option but not the best option depending on your situation. This Chromebook is a solid choice and physically well built. It's sturdy and attractive for the price. However, it is noticeably slower with a much shorter battery life than the Chromebook I had before this one which is this ASUS option -  http://smile.amazon.com/gp/product/B00VUV0MG0?psc=1&redirect=true&ref_=oh_aui_detailpage_o02_s00 - The ASUS option has gone up in price since I bought it but there seem to be other ASUS options with similar specs. The ASUS Chromebooks are physically a little flimsier, but I would recommend an accident protection plan for any Chromebook. My old ASUS (before I broke the screen hinge) was perfect for me. Consistently fast and a crazy long battery life. It was worth the extra money for me.<br /><br />This Acer Chromebook is still a good choice for someone who doesn't mind the shorter battery life, prefers a sturdier build, won't have more than a few browser tabs open at a time and wants to save that bit of extra money.",B00MMLV7VQ,B00MMLV7VQ,AFAPIX2Z3OISFHQ2SFISCRVYFENQ,1445956642000,1,True,1031
5.0,Expensive but worth it to me,"While the case is more than twice as expensive as a knockoff August Lion case, it's definitely twice the quality. It fits the Paperwhite perfectly, and the front cover is perfectly shaped and flat (unlike the other case). It snaps close just right and is easy to fold back and hold with one hand for reading. The cut out at the bottom is exactly the right size to allow easy access to the power button and charging port without compromising on protection. The auto sleep and wake has worked perfectly every time so far. It even knows to keep the Paperwhite asleep if I've left if open long enough for the Paperwhite to go to sleep on its own and then close the case.<br /><br />I was able to get gift cards through Swagbucks.com to purchase the case, which was great.",B007R5YGII,B007R5YGII,AFAPIX2Z3OISFHQ2SFISCRVYFENQ,1382185271000,0,True,767
1.0,This mic doesn’t work,Doesn’t work as advertised. Can’t return it.,B07ZNHVWZT,B07ZNHVWZT,AHMWFC6ZWFFJKSIPMCAOTOWGE7HA,1597753491263,0,True,44
2.0,"Meh.  It's just ""OKAY"". Performance sucks.","I wanted to use this in photoshop and illustrator for graphic design work.  It's not great for that, if I'm honest.<br /><br />So here are the issues:<br /><br />1) It lags. BIG TIME.<br />2) It also uses a LOT of RAM, causing background apps and services to crash, at times.<br />3) Sometimes it will register a stroke in a weird way, and will cause a blob or a darted gesture to register instead.<br />4) You apparently can't manually set the orientation, so even if you are designing something in long-orientation, you have to use the pad in wide orientation, and it really reduces your usable area.  I haven't found a way to pre-set the orientation one way or the other.  The default is wide orientation.<br />5) it's not as stroke-intensity sensitive as I would like it to be.  It either registers a stroke as firm or almost non-existent.  There doesn't seem to be a middle ground.<br />6) The quick &#34;buttons&#34; around the frame are TOTALLY USELESS.  They don't work in a single program I've tried so far.<br /><br />Plus side is, it's Windows 10 compatible, and does work in both Photoshop CC and Illustrator CC.  But that's about it.  Performance-wise, it's far less than impressive.",B00A40U0OC,B00A40U0OC,AGTVTC3QVSRN7VPXGQKHOKVHNEVQ,1519573319066,1,True,1196
5.0,Best Earbuds I've tried,I've had 5 other earbuds in the under$100 category and these are hands down the best pair. The battery life is great! I typically use them while listening to audiobooks and I might need one charge in the whole day of listening. And the fit is very comfortable.,B09B45W5CW,B0BY32J7TK,AHQNVFRC672XTCAXAENDUKQZBFZQ,1672719809711,0,True,260
5.0,Super Thin and Useful,"I saw several youtube reviews on this product from Korean and Japanese tech channels and decided I had to try it.  But instead of using it for my laptop, I really wanted to try it for my iPad Pro 12.9"".  I attached it to the back of my ipad case and it works like a charm.  I placed it closer to one side so that I can stand it up as tall as possible.  By flipping my device over, I can also make use of the side of the stand that has several settings.  This is perfect for writing and drawing.  There is virtually no wobble when placed at the right angle and when the stand is positioned correctly.  It's a good idea to experiment with what works best in your desired angles before actually installing the stand.<br /><br />Just a word of caution, the other listing for this product has several reviews that talk about how hard it is to remove the adhesive from the product.  I decided to use double-sided tape to cover the adhesive since I know I will be able to remove it without problems.  I hope they replace the adhesive with one that is reusable and easier to remove.  If not, I'm still considering a second for my laptop!  I'll just use my own adhesive.",B094Q1LYC6,B098SXD1Z3,AE3XDZ6HRFI2P5MR27KOW6OYD6ZA,1630205332398,2,True,1161
4.0,Love the store color.  Does the job.  Needs a strap or handle,"Wish it had a handle.<br /><br />Love the striped color.<br /><br />Has good padding.<br /><br />Can shove an iPad and cords in front.<br /><br />Fits 13"" Mac book air fine.<br /><br />Needs a handle.  I ran a carabinier through the lable and that sort of works, but it's not a great substitute for a more sturdy way to carry the bag independently.  Fabric is kind of slick to carry by itself.<br /><br />It's a good bag worth the asking price. Just wish it had a handle or wrist strap!",B00K0ASQDS,B00M8RT4WS,AGMCBABCIR6GCZXVX4XDWIFEKCOA,1544557496470,2,True,486
5.0,Works good on my PS4 & XBOX One!,"Great for cleaning electronics such as PS4, XBOX One, PC & any electronics dusty inside and out!",B00DB8NSG6,B00DB8NSG6,AE4ACSEKJYS64UVRAPXPIOMTXE6Q,1535841138481,1,True,96
5.0,Works very well!,"I had a few FD lenses that I really liked when I was shooting film. Bought this adapter to bring them out of the bag again. Very good quality glass insert that lets you focus to infinity. Not F-series quality of course, but that is to be expected. Overall a well made adapter and a good choice for your old lenses.",B005JPWIAQ,B07XLY9TYJ,AGVXNBXT7WM2SPPBSUI25HRXNZ7A,1673874415252,0,True,314
3.0,Nice stand but out-dated charging tech,"I wanted to like this stand. It seems like a neat idea, and the way that you can connect them makes it great for desktop storage of charging cables. Unfortunately, the charging is slow and out-dated. It takes hours to charge some of my devices. This would have been nice a few years back, but it needs an upgrade now.",B07DPJB4VX,B0C25CVMJS,AHJNW3RHHFQUH6I7FECKWHRC44HQ,1588184371581,0,False,317
4.0,"No tactile bumps on F and J, amazing for backlighting","I have the “White” color option in this set of keycaps from Akko. White is a bit misleading, the color is actually glossy and nearly translucent. This is actually what I wanted, I was looking all over for nearly clear keycaps, but I did want to point that out.<br /><br />If you like maximum backlighting, this might be the set for you. I was using white pudding caps before, and I thought they let a lot of light shine through. The difference is night and day. These Akko caps show backlighting on all sides and the top of the cap. I’ve included a picture of a white pudding cap surrounded by the clear Akkos to show the difference.<br /><br />I’m using the keycaps with Akko Vintage White (MX) switches. The keycaps fit well, but they took a bit of force to fit on the switches.<br /><br />I am disappointed the F and J keys do not have ridges or bumps. I’m a touch typist and using an ergo board with 56 keys, I rely on those ridges to help me orient my hands. This set has so much variety that I wish Akko had included doubles of F and J or even blanks with the ridges.<br /><br />Speaking of keycap variety: the set has some great 1u options! My current keyboard is an Iris Rev 6, all keys are 1u size. But most keycap sets don’t have 1u keycaps for Shift, Control, Command/Windows, and so on. This set does, which is a big help. I also like the cute animal keycaps, they add some fun to my board.<br /><br />I believe the ASA height is original to Akko. They have a helpful height chart on their site, comparing ASA to OEM, JDA, OSA, and Cherry. I was using OEM before, and switching to ASA and the glossy feel of the keycaps took about two days of adjustment.",B09WQYWSM7,B09WR1YPBB,AFVV7CLXY43P3Z3F7SROBZATZVSQ,1657141161944,4,False,1666
5.0,Phenominal,"This is a beautiful device.<br /><br />I’m not in love with the case. It connects via magnets and that isn’t very secure. I plan to upgrade that in the near future.<br /><br />The pen is excellent. You do get the writing on paper not a screen feel from it, which is perfect. The button as highlighter is a nice feature, especially given highlighting is a common thing for books. The eraser feels a little harsh, no rubber and you do need to press down enough to depress it, but it’s not a stopping point. It’s an excellent pen. The Staedtler digital pen works, including the eraser, so if you lose the one that comes with it, there are options.<br /><br />I am disappointed that waterproofing and cellular, both included in the Oasis, are missing in this.<br /><br />I see a lot of comparison with the competition, with some disagreement as to who the competition is. Contenders are dedicated e-Ink writing tablets such as the Remarkable 2 or SuperNote and the Kobo Elipsa. I’ve used all of those, so let me try to break down how I see this stacking up.<br /><br />For the Remarkable 2/SuperNote family, it depends entirely on what your goals are. Those are dedicated note taking devices that threw in some ebook capabilities. The Scribe is a reading device that enhancing the note taking and threw in some notebooks. The difference in the focus drives the difference in user experience. The e-note devices have multiple virtual pen options, from pencil to fountain pen, to brush pen controlled by the pressure of the stylus on the screen, where this has a very limited selection. You can add templates (with Remarkable 2 that’s a bit of a pain and you need to redo it with every software update, but you can do it; with Supernote it’s simple). E-note devices offer OCR and the ability to synchronize with multiple services, such as Evernote, OneNote and DropBox (Remarkable with a subscription). Kindle Scribe has no OCR I could find and sends notes only via email to the account of record. I see no way yet to add templates, but I bet, as with Remarkable 2, someone will design a workaround.<br /><br />Where e-note devices are better at creating and sending documents, Kindle Scribe is better at receiving and reading them, especially with the updated send to Kindle website. Remarkable, best of breed for that, can send with a Chrome extension that sometimes flakes out and an app that requires almost constant logging back in. Kindle can go through a Chrome extension, a web page, an app, email, or, for Kindle books and library books, right from the Kindle store.<br /><br />In addition, the Kindle Scibe has a superior reading experience. The screen has a higher resolution, which makes for a more comfortable reading experience. Where, with the exception of the Boox Lumi Max which is in a totally different price category, those devices have no front light at all (they’re for working, where the environment is presumably well lit) this has 35 leds (I find that excessive, but I’d rather too many than none at all). These lights adjust depending on the ambient light and can become warmer either manually or automatically as the time of day changes. This is ideal for reading in bed or reading before sleep.<br /><br />Technically, I think the e-note devices are faster in response, by an order of a fraction of a millisecond. In practice, this makes no difference.<br /><br />If you want to take notes primarily, go with an e-note. If you want to read primarily, go with an e-reader. If it’s an even split, I think the Scribe is the best experience. You have the option for the most memory with this. You’ll need to do workarounds one way or the other, and this is the least burdensome.<br /><br />Now to compare e-readers. The Kobo is 0.1” larger, so little I can’t count that as a major win. The Scribe offers adjustable light temperatures. While some Kobo do, the Elipsa does not. I’m singling out the Elipsa for its note taking abilities as it’s the closest match to the Scribe. Neither are waterproof, which is odd for both as both have sibling products that are.<br /><br />The Elipsa allows you to search your local library system and download a book right from the device. The Kindle lets you borrow a book, then send from the Amazon page for that book. There are wins on both sides here. For the Kobo, this is far more convenient as long as you only use one library system. You can put a book on hold and check your place in the queue right on the device. However, you can only use one library system. I have a library card for the Brooklyn Public Library and the NYPL. I borrow from both -- a thing Kindle can do, and Kobo can’t.<br /><br />Elipsa doesn’t have Bluetooth, so no headphones and no support for audiobooks (Audible would have been locked into the Amazon family in any case). Scribe works perfectly for Audible, but I have to wonder, given the size of the device, if that’s the best way to listen to audiobooks. I’m not going to score that as a major win. Kobo lets you use DropBox to wirelessly put books on the device, but honestly, Amazon has been winning that game since the start and they continue to win here. There are just too many convenient options.<br /><br />Kobo often has more sales on books, as they are Canadian and not constrained by the agency model, and you can save points for free books, but it looks like Amazon is heading in that direction as well, so that has no clear winner either.<br /><br />For my purposes, I prefer the Scribe for the multiple libraries, for ease of transfer of books, and for how comfortable the device feels.",B0BG1LYRQ3,B0BGN73W4Z,AGLHRQLAWKWQKEF6VRO2Y3MRS4JQ,1670518983053,41,False,5588
3.0,Too expensive for a disposable pen.,"The ink is smooth and flows about as well as one could hope from a ballpoint.  Mine is black ink.  No smearing.  No mess.  I like that it is a twist action, because it would be hard to pop the cap on the top, and I'd be the kind of idiot who would try to use the stylus with a cap sitting on top of it.<br /><br />The biggest issue I have is that it is not refillable.  There is no way to open it, so far as I can see, thus it's a disposable pen.  This is a bit too pricy for a disposable.<br /><br />A smaller issue is the company name blazoned across it.  It looks like a promo item from a trade show.<br /><br />The stylus is perfect.  It's just firm enough to be precise, and it works splendedly with the Kindle Fire and the iPad.",B005EM6IAA,B005EM6IAA,AGLHRQLAWKWQKEF6VRO2Y3MRS4JQ,1344428865000,2,False,734
5.0,work as needed,Solid brand. Chose these to hold hubs CPap machine hose out of the way. It is exactly what he wanted.  I imagine they would be good for other purposes.  Hold well.  Well made.  No complaints or regrets.,B09QT1Y48G,B09QY7YYBJ,AEF4QCBYMXQN3RDFNM4ZXM67UTJA,1647521316709,0,False,202
5.0,"Well Made, Easy to Use","There are cheaper lights out there, but you get what you pay for. This product is well made and sturdy.<br />I wanted something multi-purpose. Not just for video and photography but also a ring light for doing crafts. This fit the bill. When using it to take photographs or video of people, it's amazing what a difference it makes. You can warm or brighten skin tones, and make the ordinary glamorous.<br />Sets up in minutes. Easy to sync remote.<br />This kit is perfect if you don't have help when you do your videos.",B0863L38LM,B0863L38LM,AEAXAJACFMXIAAH4WOHRMXPSZWFA,1595996520970,0,True,520
3.0,High Expectations,"I expected this to be more fresh tasting than it is. Since it is a dill relish as opposed to a sweet relish, I assumed that it wouldn't have that sugar syrup coating on all of the little pieces of pickle.<br />It isn't as sweet as the familiar neon green relish, but it has that well cooked look and flavor, instead of something fresh and full of dill.<br />Now that I've tried it, I'll simply cut up fresh pickles if I want a dill relish.",B013395K9A,B013395K9A,AEAXAJACFMXIAAH4WOHRMXPSZWFA,1468973838000,1,False,439
5.0,Good Basic Protector,"Screen protectors don't last forever, and if you are one of those people that likes to replace them often, it's nice to find one that applies easily, and doesn't cost a fortune.<br />The phone needs to remain responsive to your touch, even with the protector.<br /><br />This AmazonBasics product delivers the goods on all counts.<br />Perfect fit.<br /><br />If it's your first time applying one, check out one of the many YouTube videos first.",B00MJKZH7K,B00MJKZH7K,AEAXAJACFMXIAAH4WOHRMXPSZWFA,1415650791000,0,False,445
3.0,Still working on it.....,"Why do you need this?<br />The WiFi signal in the yard isn't that great. With this, the audio can be in every room, AND outside!<br />Any issues, free phone support (after you register the product), a rarity indeed.<br />Terrific device, BUT I'm having an issue.<br /><br />I was going to video putting it all together, and now I can't get it to work! I'll update after calling customer support<br /><br />Update 11/2/13: NO ONE can get it to work again. Good company, but this one product didn't deliver for me.",B009WG6LLA,B009WG6LLA,AEAXAJACFMXIAAH4WOHRMXPSZWFA,1372718966000,1,False,512
5.0,Five Stars,Works as nice as the original Apple cable but for a fraction of the price.,B00IWA1MNE,B00IWA1MNE,AF54LGOPAZJ3QNMLQYNPSC6CYGPQ,1424176887000,0,True,74
5.0,"SMALL BUT POWERFUL, WORKS IN A 4 STORY HOUSE AND THE YARD","We live in an older style home with a finished basement and attic so reception was spotty to say the least.<br /><br /> This Netgear Wifi Mesh Extender fixed that. We now have clear reception throughout the house and yard and my daughter can play Roblox and other games while we watch Netflix on different TVs on different levels of the house.<br /> It has parental controls to set time limits and it literally took 5 mins to set up. Plugged it in and pushed a button.<br /><br /> Before getting this we had just turned in the cable company's router and got a Netgear Nighthawk router and the 2 of them together have completely changed how well we get signal and how well that signal is dispersed.<br /> No rebuffering, no dead spots, just uninterrupted watching, playing and listening..",B07MDZ8G4T,B09VYMTDF9,AFCGLPEP7KRDLCM442DGOAEVGWXA,1564792166985,0,False,787
3.0,"Do NOT use if you take online classes, easy setup, nice size","I like to stay versed in PC, plus I don’t want to take my crazy expensive MacBook Pro to school and risk it getting stolen or dropped. I’m taking the price difference into account for the review, as expecting a $825~ to perform or look like a $3,500 one would be unreasonable.<br /><br />Here are some details on how this computer performed:<br /><br />Once set up, I like to test computers with nothing on them to see how they do in a best case scenario where the hard drive isn’t loaded with a lot of files, videos, music, pics, etc.<br /><br />Setup was fast and easy, and the option to have a semi touchless setup with Cortana was very cool.<br /><br />The size is great, making this work as a desktop or laptop, and for its luxurious screen size, it weighs very little and is quite streamlined, taking up as much width as a medium sized notebook. Screen resolution is ok. It’s not a retina or high definition screen, by any means, nor is it great for reading small text, but for everything else, it works fine!<br /><br />The issue is speed. I compared watching a simple video online with this computer versus my iPhone X on the same network, and it took this computer Massively more time. The same video took a few seconds to be able to fully play seamlessly on my phone and literally over 2 minutes on the PC on the same WiFi network with stops for buffering. I had to sit and wait or it would play a little then buffer and stop repeatedly. No good!<br /><br />I take online classes, and since I saw how slowly this was performing, I opted to only try timed quizzes and items when at home with my laptop on standby. Glad I did. I tried to start a timed quiz, and it wasn’t loading, but the problem is that it opened the page, initiating the quiz. I watched with anxiety as the buttons sloooooowly appeared without text. Since I’d never had to refresh the page for one of these in the years I’ve done online classes, I wasn’t sure what would happen, but I had no choice. I refreshed...and waited again...and the timer started, but there was no text. I am so grateful it let me pick up from my Mac, because after minutes of failed attempts on the PC, it loaded effortlessly on my 5-year-old Mac. What’s more, this dinosaur of a computer is almost full of videos and music and files (I’m in entertainment, so the MacBook Pro is a necessity more than a luxury). The 1 terabyte hard drive has a handful of gigs, maybe 30-50, and yet it had no problem loading this page.<br /><br />So yeah. I don’t trust this computer. It has good battery life, looks fine, has a nice screen (it’s not retina, but it’s fine for everyday stuff), but between the pop ups and the incredibly slow speed, I can’t recommend this to anyone depending on their computer for reliable speeds and any online work.",B07PZQ9LSN,B07PZQ9LSN,AH5HSMUMRJRDWBPFDQ6G3EAAOSFQ,1563009127035,4,False,2786
5.0,best kids' headphones I've seen! Great sound and durability!,"These had FAR better sound quality than I would have expected. Usually, kids' headphones (from what I've experienced) don't bother with making sure the music has detail, decent treble and bass, etc. While these have a volume limiter, which is great for protecting their ears, the headphones still pick up everything a pretty good quality set would.<br /><br />Likewise, we put them to the test and sat on them, bent them, dropped them--they survived! These guys are TOUGH. The added padding that is removable is a nice touch--they can grow with your little one by letting them adjust the fit for the size of their head.<br /><br />Great product--best I've seen so far!",B00LLPSUU0,B00MAQ6SQM,AH5HSMUMRJRDWBPFDQ6G3EAAOSFQ,1412109394000,2,False,668
5.0,5 stars,"This tv is AMAZING!!!! I can't sit here and give you all of the technical aspects of this tv. I don't know them and honestly they are all listed in the descriptions. What I can tell you is that I have never EVER watched tv like this. The screen is crystal clear and it looks more like I am watching people in front of me rather than on a screen. When you turn the TV on, you do not get a the grayish looking screen, but rather jet black. Which tells me that this TV is so much easier on my eyes than the other TVs that produce so much light.<br /><br />You have to be SUPER careful upon unpacking this TV. It is thinner than any TV that I have ever seen in my life. IF you squeeze it to hard, you can crack the screen. You absolutely need two people to open this TV. It can not be done with just one.<br /><br />It is very easy to set up, it literally walks you through everything. Prior to this TV we have used a Roku for all of our shows. I have only found one station that we normally watch that I can not get on this tv. and thats an education platform app so I wouldn't expect it to be as popular anyways.",B084KQLVKH,B084ZVDQGM,AEMRAZPNN2NBBUDV4YGGYMGPFC6A,1596475608878,2,False,1110
5.0,Perfect for on-the-go,"My previous mouse, laughably, died when it was dropped into a latrine on accident. I needed something quick and easy that would also pack light to get where it needed to go on business trips and otherwise.<br /><br />This fit the bill perfectly, it's small and compact, charges quickly and stores the usb adapter within itself. I had no tracking issues or lag problems either. Great inexpensive mouse!",B09D84FLBV,B09D85PDN4,AHQ5BCBPDVPYKSYZKDGQILZGV7BA,1652731267672,0,False,401
5.0,Finally - a powered switch..,"I have a light up USB keyboard that takes a fair chunk of power to run (apparently). I had a Plugable USB KVM that everytime I would switch back and forth, it would cut power to the keyboard and take 10-15 seconds to reconnect to the device. Windows would occasionally panic and disconnect the device all together due to malfunction and I would have to re-plug in my cables, or it would stop taking input mid stroke.<br /><br />Since moving to this powered switcher, all of that is no longer a problem and it maintains connectivity instantly without any input drop. Awesome!",B09NDVHXY5,B0BZYGRPYS,AHQ5BCBPDVPYKSYZKDGQILZGV7BA,1648837176655,1,False,574
5.0,Budget Friendly Gaming Improvement,"I am a little impressed with this monitor. I didn’t think I would notice a difference because I am not a gamer but I can actually say that this is more vibrant and clear. My boys are not old enough to be serious about their games and I must say that I would prefer it if they were outside doing things then inside on a computer but I am a firm believer in supporting their passions and interests. So I paired this monitor with a Dell gaming pc. They did say that their gaming has improved since receiving this and I think they are right. The resolution is a major plus and definitely the biggest part of making this look so great. The flickerless technology for reducing eye strain is the reason for my monitor change. I am always worrying about the kids ruining their eyes because they are spending so much time on it so this feature is a must for my household. This screen size is ideal because it is just big enough not to be overwhelming. I have not noticed any lagging or glitches so far and I believe the response time is a lot better. This was a snap to setup and since this is a frame less display, it would be perfect for multi monitor setups. I’m still not quite sure about the AMD FreeSync technology but I do notice that the refresh rate has improved and there has not been any stuttering.  I think for now this momma bear did pretty good on setting up a decent gaming experience on a budget for my boys and as long as they are passing they can play.",B07V7GJR9S,B07WYJXGJ8,AFPFSWOQKMB23WJPUFIMHEH46BCA,1567096131344,0,False,1462
3.0,Didn't last super long,These headphones are pretty nice. The sound quality is decent and the noise cancelling is good enough. The problem is they only last a few months before they quit working. For the price I would've expected them to last much longer.,B083ZQ8FHY,B083ZQ8FHY,AF6SM2ESLD534XWS7P6PFSL257CA,1615128791816,0,False,231
5.0,Great love,Love it I contacted my two amps plus sorrund system with no issues,B00HQ2R314,B00HQ2R314,AGT7V35D6BG6JFVRRHIRVRC63Y2Q,1575930211025,0,True,66
4.0,Cute,This mouse is very cute. It is small and compact. It is a basic model but performs adequately. It is ideal for travel. Love that they included the batteries. The graphic is fun and makes it stand out.,B08P6RG5CS,B09CQSVLXJ,AH665SQ6SQF6DXAGYIQFCX76LALA,1656651827510,0,False,200
5.0,Simple Set Up,This well made keyboard connects easily. I liked having the option to connect using bluetooth or the dongle. It is comfortable with an adjustable but not detachable.  I personally am not a fan of split keyboards. I find them disorienting. However that is just me. This one is certainly usable with quiet comfortable kets. I do wish it were backlit though. Makes it easier in low light situations and also improves my accuracy with the split board. It also would be nice if the rest was detachable. The ergonomic design takes up space as is and the rest adds to the size. But it is comfortable to use for long stints of typing and the simplicity of ser up can't be beat.,B07ZWK2TQT,B0B35JDFPL,AH665SQ6SQF6DXAGYIQFCX76LALA,1581982181370,0,False,669
3.0,The mute button functions totally backwards.  I they can hear EVERYTHING on my end ! !,"The soind and comfort of the headset is fine, not exceptional, but definitely adequate for my basic needs.  The mic functions just fine also.There is one feature ... a feature that can be very important, that functions totally in reverse of its intended function ... The mute button makes it so that I can't hear the other person BUT they can hear EVERYTHING on my end !  So much for the mute ! !",B07DWP1CHX,B07DWP1CHX,AHKWBLKTM5BM2NTAOEFDNM3MQUKQ,1592432733544,0,True,396
4.0,I REALLY - - Really like 👍 this cleaner,"Expensive for so little, BUT, it is the best cleaner i have used.  No streaks, no fog left over and do not have to use it very often.",B00L87POKK,B00L87POKK,AGTWOG2V2NE7NWK2AFCPZ5ZCD3AA,1511841663621,0,True,133
5.0,Es lo mejor,Es perfecto<br />Muchas gracias Amazon,B089CPGCXL,B089CRSJND,AEOJCC4LZDVD2NMGBCFMY4EN4NFQ,1619000968112,0,True,38
5.0,You need this for your Charge 3,"These screen protectors fit my Charge 3 perfectly and are very easy to install. A little experience installing protectors on a cell phone or tablet helps, since these install with the same method. I had no difficulty installing and nudging bubbles out on the first try - very pleased. With how easily my Charge can come in contact with hazards, I will keep it protected with these protectors - 12 in a package should last the life of the Charge.",B07H4JKP6H,B07H4JKP6H,AF765GILVR6MWV4QUHT2OGPVG24A,1543432716804,3,True,445
5.0,Works Great,"We were experiencing a lot of problems with modem/router combo from Century Link as it could not keep up with our growing number of devices.  We are not 'tech' oriented but after explanation from Staples tech we purchased this Netgear Nighthawk AC1900 WiFi VDSL/ADSL Modem Router.  This was the best thing ever, no more problems running all of our devices and streaming movies.  Also, since we're not tech minded, the Genie support guided us through all of the installation process, even I understood it.",B0111MRL4S,B01FB654PI,AF5TFMNSAMMQEUP7FIH2MC4GG2CA,1453057449000,2,False,504
4.0,It is pretty sturdy and I love that you can pull it ...,"I've had this tripod for almost 6 years. It's gone to the beach, mountains, everyday use and gone through different DSLR cameras. It is pretty sturdy and I love that you can pull it out and use it as a bird's eye view. I have noticed that after this many years there are minor issues such as the locking pieces on legs get a little stuck (probably because of fine sand) and I had to replace the quick release part that attaches to the camera because it broke. Other than that, I still use it and it still works after 5 years.",B003XDU2Y0,B085SN7HF5,AGXLYPHAUBZ52AN4ZLXZJOSJT4DA,1519929129194,1,True,525
5.0,Five Stars,Great Product. But I liked my older case so I sent it back,B016PP12SC,B016PP12SC,AHGJ6NDE2OEXUXOEAKK5DALRATNA,1490493002000,0,True,58
3.0,I don’t really know what the size was!,Was to small for what I was looking for!  But nice for a purse!,B07589GRY4,B073P5S7KG,AHRYWAADWFTNP7RCC63Q4KI7V4KA,1567367073543,0,True,63
3.0,No review,Really no review. Bought wrong item. Need the actual gimbal,B07MH57ZM9,B07MH57ZM9,AG6LIMDTMXMEFFHKG4XLUMHDYNIA,1608435735380,1,True,59
5.0,Great purchase,I had bougt another case and it was garbage!!! After asking questions about this one I decided to purchase. And it is a great case! I highly recommend!,B08NCH2FKK,B08BC188VJ,AECSQMSLVNMUB7B25NSBTLI4XD6Q,1645131722883,0,True,151
1.0,Can't remove drive once in,"I bought this to transfer some files from old drives to a new back up.  Once the drive is in there, it is totally unremovable. and now I have this &#34;nice&#34; enclosure that has a bad drive in it and is totally unusable. Would only recommend if you never want to remove the drive.<br /><br />Also? there are no instructions online for this product.",B002S4WTPU,B002S4WTPU,AF3ODW6NCKEVVTGZNFS6FUQYSGTQ,1399302458000,2,False,351
5.0,Top grade.. minimal loss...,I use alot of RG6 cable. Terk always makes the best I have used. I have never had a bad install with them.,B00005T3UF,B00005T3UF,AHP5KUZD74DEPCXGZ26D2UOFYKOA,1341709199000,1,True,106
4.0,Nice protection,Just as advertised.  (Just make sure you look at the specs and order the appropriate<br />cover for YOUR mac--its easy to go to fast & order the wrong one)<br /><br />Fits snug and does a good job protecting my Mac from scratches.<br />Excellent service as well from the seller.,B002YPSKFQ,B002YPSKFQ,AHTJHMPRBIEJJAE4YE4D7NBTDJ5Q,1309018157000,0,True,278
5.0,Keeping it light and simple.,"Great bag for just carrying my nikon D3200, a smallish DLSR.  I have a zoom lens mounted with additional space for one additional short lens and/or personal items.  Keeping it light and simple.  And I like the look.",B00R1H5W5I,B07G2S719V,AFCSGO6ZYJCBHT3VG5OCT4ZOGUGQ,1446401953000,0,True,215
2.0,Make the Next Step if you Can,"Only 2 days into ownership so the hard stuff comes up front, 12 hours of Windows 8 updates to 8.1 and the object-throwing rage that Windows 8 creates.  Is it that bad?  Yes. (Exhibit A. who in the entire human population ever asked Microsoft to get rid of the X button, was this trivial little button causing some unknown global problem?  It's removal is a major concern).  OK, so is this ASUS' fault?  Well, yes, they partook in the KoolAid that says you can't offer a mainstream Windows 7 box anymore.  You can and should, ship it with Windows 8 upgrade if necessary.<br /><br />Back to the ASUS.  I had my reservations because what I really wanted was an MSI GE60 or 70, but was constrained by a business budget.  The major differences (beyond an unnecessarily better video card) were 3: the MSI has a backlit keyboard, 7200rpm drive, and Windows 7.  These differences have all produced regrets.  Every fear of a non-backlit keyboard have been realized here and had I seen this laptop live before buying, this alone would have killed the purchase.  The print on the keys is very thin with poor contrast and tiny alternates, thus very difficult to see.  Why ASUS?  See no reason for this simple oversight.  All of the 6 keyboards in my home are readable in low light.  This one, not so much.  The 5400 drive is slow (confirmed with its lagging score on Windows Experience Index), not sure a 7200 is going to make a remarkable difference, but for now, it's a regret.  And of course Windows 8.<br /><br />Still, initially gave 3-stars because this package more or less delivers what it purports too.  Construction feels good, display looks good, the various spec parts seem to behave well together.  The layout is no-nonsense with a good array of connections.  Bloat-ware was manageable.  The video card surely is not worth the $200 premium over the identical ASUS without it.  Get that Asus for productivity, it is a bargain.<br /><br />Overall, cannot escape the feeling that this laptop is no better than one I could buy 3 years ago, not how I want to feel at this mid-price point.<br /><br />UPDATE: after some unsatisfactory graphics output, checked in to things and am finding that the built-in HD Graphics are being used in conjunction with the installed NVIDIA, often taking precedence over the NVIDIA.  You have little to no control over this, it is Intel likely trying to be smarter than you presumably to save battery.  In most cases it will cross over under load, but you will notice the degradation for a few seconds before the transition, and it is aggravating.  In other cases, the fix never happens.  I have one piece of software that will not allow me to even run a certain function because it says I have no graphics card.  I tried to get around that setting by loading the card down before going into that software.  Then it detects the card.  However, on reboot I am back to ground zero with the function disabled.  Considering the NVIDIA graphics cards raises the price of this laptop $200 over the identical ASUS, it goes without saying that I regret this purchase.<br /><br />I have experienced several freeze ups and a complete failure of the graphics card to run a single 1080 monitor with a modest visualizer.  I have decided to return this an upgrade to an MSI with a better graphics card.",B00DXFF6QC,B00DXFF6QC,AF55YOQVWHFUI3BJLOVGFCAFZ63Q,1389552062000,4,True,3316
1.0,Waste of money,"Although I loved this case, it was a total waste of my money! It didn't even last a year, and less than 6 months it started breaking apart. I am not a rough user of anything, and I take care of my Kindle, so the product life expectancy of this was a shame and I would not recommend this product to anyone.",B07GWLRSW5,B07GWLRSW5,AEHIEMT7HE2JICDNYYYXZ2CLEY3Q,1615663219838,0,True,305
4.0,It worked well to connect my headphones wirelessly,"I bought some lovely Bluetooth headphones to use when listening to podcasts and classes.  I then discovered that my computer does not have Bluetooth capability.  I thought a dongle might work.  I bought this one and after a bit of fiddly work, I was able to make it work.  Now, it works flawlessly.  Written directions may or may not have made a difference.",B082H3L68P,B082H3L68P,AHJEPNQE35CSSKL6U43ANE5ZC5HQ,1597955166938,0,True,357
2.0,"Great idea, but not so great results","I purchased this to use in the gym with my iPod shuffle to avoid using wired earbuds.  In the sense that it eliminated the wires, it was a success, but in terms of musical fidelity and blocking out extraneous sound, it was a failure.  Back to my earbuds.",B0058F8IQU,B0B71S1SK5,AHYVB7W34IWGTKUBPXT6E4DTEASQ,1459294038000,0,True,254
5.0,Easy listening,-easy to use<br />-excellent sound<br />-easy to control volume<br />-easy to pre-select stations<br />-easy to carry<br />-easy to select stations,B00140DBRY,B00140DBRY,AF4FZL3ROJ5MCAFR3JSOFRKE3OGA,1364226261000,0,True,147
5.0,"Fast charge, nice design",Lots to like and nothing to dislike<br />Pros<br />Braided and seemingly durable<br />Fast charging<br />Right angle head<br />Both types of USB connector so nicely flexible and don’t have to bring multiple cables<br /><br />Cons<br />None<br /><br />Very happy,B0BMWR1S4F,B0BMWR1S4F,AEJIPQY4UD6ZS2ATZPPUSQYEVSQA,1672486779081,0,False,261
4.0,Great at this price,"I needed a small case for a Surface, which has a cover, but needed<br />a way to carry, and this is working great, and really good price.",B00DUGZFA6,B00FB50SBU,AFBROXDX65DOIMZE43F3CUJS2KPQ,1545167628670,0,True,137
5.0,TAKE A LOAD OFF OF YOUR DEVICE!,LOTS OF STORAGE AT A FAIR PRICE.,B013TMNPBQ,B08KZ1TZYB,AHKP2YOBSQCDCBOHFX566B7DGLMA,1486936488000,0,True,32
5.0,GOOD PRODUCT AT A GOOD PRICE,WORKS GREAT ON MY SURFACE WHICH HAS ONLY 1 USB PORT AND NO ETHERNET CONNECTION.,B00SMFVGTY,B00SMFVGTY,AHKP2YOBSQCDCBOHFX566B7DGLMA,1455732681000,0,True,79
5.0,Fast Charge!!!,We recently got a new laptop that has a USB C port. I wanted to take advantage of the faster charging capabilities so I got this cable.<br />This this is fast!!<br />I was able to go from 30% to 70% in less than 20 minutes!!<br />I have an iPhone XS and my phone never got warm.,B07Q73JLSZ,B07SCXM7BH,AEPEDW5FBBJ2XYR2BIJAKUPHCMHA,1568148803514,1,False,278
4.0,Unique design for Apple Air Pods!,My Son choose the color design. The choice to change the top is a nice feature. Unfortunately now after some use the tops don’t stay on as nicely as they did when new. It may be because he isn’t as careful as he should be. It’s a hard call. It may be the design of the case. Overall 4 out of 5.  The color change feature is what determined my purchase. The material is durable & keeps his Air Pods safely protected. He still uses them but not as much as he has other cases as well.  I got them on Lightning Deal which made the purchase sweeter. This case is on LD often. Overall I’d recommend the buy.,B07G749WLV,B07CKVHZ5S,AGPC7CWRQPMNQFXWLYJYQYF7DCQA,1560647809078,0,True,601
1.0,pain in the ear,"To activate this ear set when you receive a call, you must press on the hidden switch in the face.  IT IS NOT A TOUCH PLATE, but a pressure switch.  To get the switch to click requires considerable force, and shoves the earpiece into your ear.  This is very uncomfortable.  Do the manufacturers actually test these devices?  Once the thing is turned on, it works well enough.  But this design defect offsets any advantages.  I'm going now with a wired hands-free with a boom, and the switch in the boom arm.  MUCH BETTER.  I hope someone from the design department at LG gets some feedback about this.",B0015AAU5O,B0015AAU5O,AHBI2YRC3AGFTQJYKTL3P4UQI22A,1218678198000,4,False,601
5.0,OtterBox makes great products and stands behind them,This case is very durable and protective. OtterBox makes great products and stands behind them.  Its definitely worth the price.,B00Z7SHCC4,B073VMG4FN,AHVCOZQHBYICS6CMZS5VFB746JBQ,1512093041923,0,True,128
3.0,spend more time fiddling with them than I do running,"I must admit I was taken in by the reviews. However, the reality doesn't match the hype. Sound quality is slightly better than the $25 buds they replaced and they fall out just as frequently when I run. I've only had them a week so will persevere for another week but something this simple shouldn't be this difficult to get used to.",B005I2IVRO,B005I2IVRO,AFYR5F3HYWZESKN2BFRCI7CWZD7A,1342063251000,0,True,333
5.0,Fandastic,Very nice and feels high quality.,B016498CK0,B0B2Y5WYRG,AEI7GRLCQGAJQMMIRCGFPCUF6SFA,1552697191100,0,True,33
4.0,"Works fine, Gives light","Works fine, Gives light, doesn't fail, a 90wh gives about 2 hours of life. Cam with barndoors that I took off because a source this big and wide really can't be cut, even with the defuse you'll get multiple shadows. The blue side is a little pink, and the warm side is a little more yellow then I would like, Probably a CRI around 80 or so. It will work in most situtations if you white balance for it, but mixing it with other lights may not be perfect. Though if you are shopping for lights at this price you probably don't expect to be getting perfect, Just getting good enough. And that's what this light is, Good enough.",B018XAHCRC,B018XAHCRC,AHNN4OIGZQZERZQ5XMXNKPIC7MLA,1464103942000,10,True,625
5.0,This is what I needed,"This is what I needed for a work bench at my house and I might get one to put on my desk at work also.  I've tried to tack down a couple of power strips on my desks using double sided tape to have table top power, but that never works.  With the adjustable clamps on this power strip, it easily and securely attaches to the edge of desk, table, or bench.  It has plenty of power options w/three 110V outlets and 2 USB outlets; as well as one CAT6 outlet for Ethernet connections and one HDMI outlet.  I particularly like that this strip has an HDMI outlet, so that I can just plug straight into this port rather than try to plug into the back of a wall mounted TV or chase a fallen cord down by my desk or bench.  I could not find another desk mounted power strip that included an HDMI port, so that made picking this one an easy choice.  W/the clamps, there is no need to breakout a hole saw and make a mess of your desk or bench to mount this strip like a number of other power strips or stations would require.  The price is good at around $35.  I would definitely recommend this power strip to anyone.",B07R4VMWMP,B07R4VMWMP,AG3BUKTFR5GHARWD4HI3B26YRNSQ,1594056189016,2,True,1105
5.0,As advertised,"Great for hiding wires.  Can easily run the wire down the wall and paint over it, blending it in.  Or run it under your base boards between the carpet and base board.  ONLY recommended for use where you will install it and leave it.  If you're going to be moving it around a lot, I don't recommend as the wires inside will break from back and forth bending.  I haven't had it for very long before making this review, so I'll update if something goes wrong with it, otherwise assume it worked for several years, for me.",B0057XBZY0,B00K5ZYG5U,AH6B2TK4OXK5TJ34BQK3QNTYKNKQ,1449520149000,1,True,518
1.0,Doesn't stay,Stayed on for about 3 weeks then fell off. The camera and wiring ripped out found it on the floor of my car. Throwing away and getting adhesive velcro.,B01N07VKIK,B01N07VKIK,AFIPYIIG6O3LS2TAGOIBQDUGMKJA,1539896697600,0,True,151
5.0,I love all things Saddleback!,I’m a big fan of Saddleback Leather products. This one is no exception. It’s a throwback to old world style and quality. I keep my iPad and iPhone charging cables as well as other little things that would normally clutter my messenger bag. Love the color and the supple feel of this bag!,B00AW4P8S8,B00FW0X23U,AFSMU4YCYSV4D7IA5W47PWQ6MT7A,1515362668897,0,True,287
1.0,"Buttons are perpetually pushed down by case, rendering phone unusable.","Covers the buttons so that the power button is constantly held down while the purple shell is installed on our Moto e5 Play.  This means the phone constantly reboots and is unusable.  I don't know if it's a ""feature"" of the purple ones, since I haven't seen others complaining about this, or if it's our particular e5, but we can't use it and we've tried two of these to make sure it wasn't a defective unit.  I guess it's a defective design, or our phone is different than other e5 Plays.",B07C1Z291M,B07C1Z291M,AGCVR5TZVQS7H67R3DCLQDYF2QQA,1571942648131,0,True,489
3.0,Too light for me,"It was very light, and didn't feel like leather.  I ultimately sent it back for a sturdier, heavier cover for my new Kindle (turned out it was the same one I bought with my first Kindle),",B074NRHNX4,B07BSVLHYD,AHTRN3UZBYLLYFZQUW242NRWWSGA,1514303301908,0,True,187
5.0,Worked out of the box with no problems,Worked out of the box. Downloaded drivers and it recognized my monitors right away. No issues. Plays WOW just fine.,B00IDG3IDO,B00Q5W5BUQ,AFQ7ZO3NWNSSIZ2FAMR4BNAYSDKQ,1472014544000,0,True,115
5.0,worked as advertised. Would buy again.,worked as advertised. Would buy again.,B0036V9AGU,B00E56J7FY,AFQ7ZO3NWNSSIZ2FAMR4BNAYSDKQ,1429948680000,0,True,38
5.0,Great little case,best purchase to help ensure you don't lose your pods.,B07QK59WWZ,B07VXDV8CY,AHNY6V3ONFE3RIAFBI4HNRQWXM5A,1574928385730,0,True,54
5.0,"Help with the sound , of the lawn cutting",Great cutting the grass with ..,B083GJVSTP,B083GJVSTP,AFJPWGR7JBZBQGVQRE726IM7LA6Q,1595966045506,0,True,31
5.0,Get one!,"Love the light weight and compactness of this tripod. Easy to use, sturdy, easy to fold back up.",B015CGRREI,B0BJ5RVDLZ,AHFL3KCD5UKBYWMCG75VOTXPJWIQ,1561725933570,0,True,96
3.0,I like this but I seem to hit the keyboard keys ...,I like this but I seem to hit the keyboard keys while trying to operate the remote and that is a pain.  I also don't like the fact that they covered up the IR on the top of the AppleTV Remote so when you shut down your TV it doesn't turn it off so you have to use another remote.  I do like the fact it allows to charge both at the same time with the access at the bottom of both.,B01F4MFLU2,B01F4MFLU2,AGDUQQUPQS2YVNDW3NWOB2EJZW4A,1492529950000,0,True,380
5.0,Unreal Buy,"Unmatched customer service, beautiful product. The closest thing out would be the Beats version of this, and I would say these are better, and 2/3rds cheaper. Cannot be beat! No pun intended.",B07T2Z8812,B08VPWYF5L,AG36JUAHFODRA456NST7NSKPTHRA,1563938713024,0,True,191
1.0,"Poor, grainy resolution.  Causing eye strain out of the box.","Poor, grainy resolution.  1920 x 1080 pixels is plenty good for my old 24 inch monitor but it does NOT translate to the larger screen.  I've had it setup for only a few hours and am already suffering eye-strain.  Also, since the resolution is poor for the screen size, I really don't have any more real estate to have more stuff on my screen.  Really disappointed.  Am going to look into returning it but am not yet sure of the rules since I've opened the darn thing.<br /><br />Also, screen is quite reflective.  I can see my outline and every light on in the room in the screen.  Matte would be better.<br /><br />I would NOT recommend this as a monitor you use at your desk to do office work.  It likely would work up on a wall where you just want to display information to people not standing close.",B01IA9FXAO,B06ZZ3NS5F,AHD2GYSGENNIZFJDBFRCAL447GXA,1490624892000,5,True,803
5.0,Good product,"Exact fit, good price,holds a charge. I would reccomend.",B00MVIPXMY,B00MVIPXMY,AF55RI5Y4C3N64TGXI3IZAXUNZEQ,1455794928000,0,True,56
1.0,"Light is fine, on/off switch is garbage","I ordered this near the end August.  This is not a highy used item but is used maybe 1x-2x weekly.  It's now mid-December and the on/off switch will not work.  Just today, the ring light has started flashing on and off by itself as if the switch has full-on shorted out.  I've now unplugged the light and it's officially going into the garbage.  This light is cheap for a reason.  It is poor quality.  You would be serving yourself better to spend the extra money and buy a higher quality item.  DO NOT RECOMMEND THIS ITEM!",B092HWJ86Y,B0C6TNNLM2,AFE5SJCZ5Q7S2GFYHAGHR2PVXDXA,1671027304664,1,True,523
4.0,I love the big screen,"I love the big screen. But the crazy thing gets very warm , HOT, when I use it.  It shuts itself off on its own. My first Kindle didn't have issues until it was super old!!! Old Kindle much better quality!!",B01NGTRMNR,B01MTF2Z37,AH6AC6ORW5HFOI6RDGNCPB2MWGZQ,1521584667998,0,True,206
5.0,My favorite earphones ever,"These have great base and great sound and stay in your ears. I run a lot, and after the first couple miles when I start sweating a lot (and I sweat more than average so this probably doesn't apply to most of you), they get a little slick and I have to keep pushing them in. Other than that I love them. I'll keep buying these forever.",B0012UCYVU,B0012UCYVU,AE3L3T5IFPVZ3VC2X2UDVM2ADI4A,1324582669000,0,True,334
5.0,Just Perfect!,"Absolutely love this e-reader.  So sensitive to touch.  A bit hard to bring up some features (for instance, while reading a page I found it difficult to bring up the menu).  Many books are available at a great price.  I kind of miss being able to buy used books for a few cents but I'll get over it.",B00OQVZDJM,B00OQVZDJM,AHVCOOLTKIZG7VI3H2GPAIHOMLDA,1517089522273,0,True,299
3.0,Ordered replacement for 1 defective clamp. Be careful..,"I have had another set of pressure mounts for years.  They were solid enough that I did not have to use the screws into the speaker cabinet to feel confident they are secured.<br /><br />These are the EXACT same design from another manufacturer. The first mount went up fine with both the wall mounting bracket and the pressure mount. However, the 2nd mount has an issue with the pressure screw. It will not secure. It was fortunate I tested to see if speaker was secured because it let go immediately.<br /><br />For obvious reasons, I highly recommend you test and ensure both the wall mount is secure.<br />I also recommend you predrill into drywall/wood as the mounting screws are not very good. I stripped the first screw I used.",B01GUITK24,B0BH4LX9K5,AHOXIUCQNEJ5X5YQSXDP35Z4E7LA,1678819658998,0,True,734
5.0,Don't spend a fortune at the electronics store for an expensive wall mount.,This wall mount is of very Good quality and also very affordable.,B01JRNIWJG,B0B5153M52,AGO7MFEPCGHZ4HQ4ZKOSPRBO6X5Q,1548301149739,0,True,65
1.0,Stopped working within a month,"The laptop worked for nearly a month, then stopped powering on. I contacted the company and the employee suggested I try another charger. I didn't have another charger but figured it was worth it to buy one if that would solve the problem. It didn't. I returned the laptop and received a full refund, so customer service was fine, in general. Granted, I now have a Lenovo charger I don't need....",B07X2LSNRX,B088GTGB2Z,AGNGL57I53NLTPRGOSTJARTHMDFQ,1611777716699,1,True,396
5.0,Does the Job,A simple solution I used to connect all my CAT 5 phone adapters to and then attach strip to my modem,B000HSGO00,B000HSGO00,AHEPNCIDCN7HJNOZO4WTECY7X2JA,1457182650000,0,True,100
5.0,"Not our first Ring, but definitely our favorite","We had a hard-wired Ring at our last house, but now that we're in an old Victorian with super-wonky wiring, we decided a battery-powered front video doorbell was the way to go this time around.<br /><br />We charged the Ring when we installed it, using the charge cord that came with it. That took a few hours. It's been working for nearly a month now, and the battery is still at 61%. It notifies us when someone is on our porch, and ignores everything we told it to ignore.  I couldn't be happier.<br /><br />There are so many settings available, and once we turned off the two obnoxious push notifications for neighborhood and Ring marketing stuff, we have settled into something manageable and useful.",B08N5NQ69J,B0864SF4GC,AGC3NEAU3JLLVU5LB5KCSOP4WR7Q,1668701306695,31,True,705
5.0,I love it. works great,I love it. works great. They could improve it by making it so that it folds up for carrying it around.,B01HEX7ZNK,B01HEX7ZNK,AEHLBQARSH466TRYTOJ2Y4N2N6FA,1489841748000,0,True,102
2.0,AWESOME PRODUCT!!,Purchased 2 First day very happy with this unit this unit rocks for its size easy pairing as well THE BAD THEY BLOW EASY,B07PMBCTSY,B07X2586Y5,AFY6IAPJR5H2KJQFCZVTJBTDMAQQ,1615587442387,0,True,120
5.0,Still going strong!,"I bought these November 2018. I am still using the orange one to charge my phone nightly. I have tripped on it, stomped on it, gotten it caught on stuff, yanked it, and it's still in perfect condition. I have used the green in my living room the whole time, it's still perfect. I may never end up using them all at this rate! Best charging cables I've ever bought!!",B06WP5CV1B,B093PT8N6H,AH5BS5E3LH43G3BWPAPUFNAAHVUA,1569244294835,0,True,365
5.0,Absolutely perfect!,"I have three peeking ducks that all look identical. I couldn't tell them apart and therefore was having trouble naming them. I bought these to put on their ankles so I could tell them apart. Red is Benjamin, pink is Kimberly and blue is Rikku. I'm able to tell them apart now and it's helping me bond with them.<br /><br />I'm grateful for these to help with this process.",B0751C8GHL,B081Q5TLR5,AEI3KRX3WOZ3OZRS4P6444PDJ2BQ,1622377701097,2,True,372
3.0,Three Stars,It works fine but didn't come with a power cord!!!!,B00B46XUQU,B08J91XPGV,AHZ5JSXSAUB77FQOGC2ZG5QK2ZYA,1458364417000,0,True,51
2.0,Failed in less than 2 years,Not much more to say.  Worked OK until it failed.  It appears to be the mouse itself rather than the dongle.,B008QS8G5O,B008QS8G5O,AGBWTG5OPNB6AP4PKUSLYL5L5EJA,1541726696588,1,False,108
5.0,Works well for me,I have a small lamp which came with this kind of plug.  It stopped working properly so I purchased this 3-pack. It works great and is keeping my little lamp going when I need it. The plus side is that I have 2 more spares if this one breaks as well.,B0789BP9ZX,B082NVTZ6P,AGDQK2HCZ6DRMFLFYA63UXWMXEQQ,1547171959672,1,True,249
5.0,Little & light with labels,This little case is just right for multiple SD & SDHC cards plus it has stick on  labels to help keep track of what you have on each.  Great idea for travel or just to keep all your cards together in your office.  I especially like the fabric cover which keeps<br />It from being heavy & bulky.  Good price & fast shipping a bonus.,B00ESW9SWC,B08HYTVDQ6,AHQYSDUVWSRVGVOWDELYQ5OHLSAA,1461849778000,0,True,331
5.0,Does What It's supposed to!,Integration with Alexa works well.,B089DR29T6,B07KTYJ769,AGYRWJB7CD5V7IXF2FLRGKAJ22EQ,1647542258652,0,True,34
4.0,Great Customer Service,"These ear buds are great technology but needs a little refining. The touch type controls are my main issue. I use mine while I walk in a pool, when a drop of warm water lands on one of the buds, it thinks the drop of water is a finger tip on the bud and turns the volume either full or off depending on which one got wet. But on a positive side, they have the best customer service I have ever experienced. My 1st pair had a bad rt hand bud. I emailed customer support and received a replacement in days, no questions asked. The replacements worked great till last week. Again I emailed customer support and told them that I couldn't get them to pare with each other. I received a replacement in 3 days from the time I sent the email, again no questions asked. I bought the original pair in November and they still replaced at no charge or shipping costs, that's what I call customer service!",B07G9YJ8GD,B07G9YJ8GD,AHELHVI5C3LHWXVBIUEEH7HYT5NA,1555282025576,0,True,892
3.0,"Was ok, sort of........","I use skullcandy products ALL the time and is why I bought this item but.........<br />They don't sit deep in the ear like their other product, that is why the sound quality and noise cancellation only got a three. The little curve part that helps sit the ear buds in ear is the problem, makes it impossible to get deep enough in ear. I use them mainly riding my bike but also hiking, ect..  I also love the blue tooth part and that part works really well. Easy to go up and down on songs and volume also.<br />I just wish I could go deeper in the ear with them is all.......",B07VT1Z7DQ,B0B64X5VKH,AEFT5H226QN66BR37QAVMPRCNJUA,1660141324742,2,True,575
2.0,very slow,I could barely install this sd card my phone said it was extremely slow,B07SD89PLN,B07SD89PLN,AECX5CEJ43EPQFS4YVJKI6ZSQZ3A,1588518058160,0,True,71
5.0,"So good, it's hard to believe","I like it so much, It sleeps with me now hahaha.<br />Can't believe It took me so long to buy this. I got another $70ish dollar one in Amazon a few years back because I thought they were all the same and wanted to pay less. I was so wrong. This little guy is so much powerful and useful. Can't imagine myself without it anymore.",B003MB780E,B07GZY552D,AHSWNO6UOLWUMPV5C6WGHMWTPVBQ,1660867512082,0,True,328
5.0,Nice option for 12v needs,We do quite a lot of remote rving so we wanted a TV to use without a humming inverter.  This tv with built in DVD player works great.  The volume seems to be a bit on the low side but in our rv the television can be seen and heard from all &#34;rooms&#34;. So far so good.,B00G6K7OX4,B00G6K7OX4,AE6KHJWEUNYBZ2QC46FS4QP4J5EA,1456243931000,2,True,272
2.0,Nope. Try a different brand.,"I had another pair from a different company that I am able to compare these to. The price was the same, yet these have a polyester feel headband and an uncomfortable misc extra charging port that was shabbily added to the device.",B07T142W2R,B07T142W2R,AHMUVVEOSRMQ57OVTGWGHLWUQ6XQ,1619985706808,0,True,229
3.0,Lights,Have used it a few times and it works well,B005A0ETXY,B005A0ETXY,AGERPHFURMUOH44B57CH45HGZJNQ,1503059258497,0,True,42
4.0,Four Stars,Very sturdy and holds plenty of cable. Just have issue with the price.,B0000BYDKO,B0000BYDKO,AHOUEEGPXZY52O7RHMG5VR76IKJA,1469626487000,0,True,70
5.0,Easy solution to a hard problem - works PERFECT,"My wife and I used to have the same computer manufacturer and had a dock that worked our home office dual monitors.  Then things changed and we had two different laptops and needed a dock that would work with both.  This Kensington unit made it all happen - and has extra ports for a wireless mouse and keyboard, a printer cable and had some ports left over.  Hook everything to the dock and then use one USB cable to plug into your laptop and watch the magic happen. I have recommended this to many people as it works perfectly!",B009F7E730,B0BWLTM2TR,AG27XQHQSTMHG7QD3DRZZF7PEQIA,1574350748006,0,True,529
5.0,Fire stick,"Easy to set up, no trouble with it at all",B07ZZVX1F2,B07ZZVX1F2,AFP6DBP2BHFR6DJULYADP7IC6UCQ,1608213226452,0,True,41
5.0,She tends to drop her Ipad and it has done a good job protecting it,I bought this case for my nine year old and it has held up well.  She tends to drop her Ipad and it has done a good job protecting it.<br />does not include cover for glass so you do need to purchase that separately.,B01BR09B3S,B01BR09B3S,AHFLPOSOSQC7VEUP2Q2VWNLF4V4A,1501762783209,0,True,216
2.0,Recent purchase of Samsung Gear Fit 2,"I bought this last week knowing it was a brand new product with the understanding that it wouldn't be perfect. I read the reviews before me that gave me some heads up on the device. So far, I really like it. It's pretty easy to use and figure out, even without the manual. It seems accurate on miles, steps, sleep, etc., but I don't have anything to compare it to.  Although, it seems like I'm burning a lot more calories than I should be. But I'm not an expert on the average calories burned in a day.<br /><br />What I like:<br />Easy to use.<br />Sleep tracker is great.<br />The music player is awesome.<br />The design.<br />How it lights up with the flick of the wrist.<br /><br />What I would have liked to see:<br />They have several types of workouts to select from. I would like to see something for contact sport but I use &#34;Other Workout&#34; and I don't know how accurate it is or what is measures/uses to accurately count calories burned.<br />It is hard to see in the sun.<br />I don't really understand the email notifications. You receive emails and you can reply to them but you can't really check them when you want.<br /><br />Overall, I like it and plan on sticking with it. One important thing to note, if you're interested in purchasing this, is that you need to make sure that:<br /><br />1. Your phone is an Android with a version of 4.4, or if you have a Galaxy, version 4.3.; and<br />2. Make sure your phone supports at least 1.5GB of RAM (My phone did not support this so I ended up buying a cheap phone that did)<br /><br />Other than that, it's pretty good so far. I hope this review helps!<br /><br />UPDATE AFTER 1 YEAR: Over the course of this time frame, the watch constantly fell off my wrist everytime I worked out or did normal activity. The band is so light so forget you have it on. Finally after a year,  I found myself mourning the loss of my watch. It fell off unnoticeably while I was walking through a city sightseeing. I will not be buying this watch again until they fix this issue. It's a shame because the product itself is nice. The band should be an easy fix for the price they are asking for.",B01FDPVXZC,B01GJ3TPCU,AFSLP7FOF2TVD3GZJRCB76JVKOWQ,1469036606000,2,True,2147
4.0,Lots of stickies,"I agree with others, slightly more adhesion would be nice, but for the price, this is nice. As long as you aren't trying to tie something down to withstand a major force, these so just fine.",B08ZMLWQSK,B08ZMLWQSK,AHGLNCFAY7OLUDB7TUFMBOJXSLGQ,1648682346056,0,True,190
4.0,Great tv for those extra spaces!,"I own two of these TVs. They are great for bedroom, porches, etc. Picture could be a little sharper but good enough for me. The price was perfect for my purpose. Remote is not an issue since I program to my direct remote. Smart tv works perfectly and is a bonus. Easy to program with good support from TCL.",B07GB61TQR,B0914FVW5Z,AGAOFNFWFZMEQE7HUJIL6JQE2T3Q,1557589139608,1,True,306
4.0,Does a good job cleaning a coffee hand grinder though,Nozzle could be longer.  Does a good job cleaning a coffee hand grinder though.,B000L9OIQC,B000L9OIQC,AFULWE345GEI2GLHO5J2KZEGUATQ,1464382485000,0,True,79
5.0,perfect fit,My 2nd cover for my trusty tablet.<br /><br />this fits perfect.  Edges are well protected.  magnet closure works fine,B07CWT2PGV,B01CJFW24U,AE3NV3SI2CGFFGD2O46NI3GYPOSA,1627496046402,0,True,118
5.0,Five Stars,thin little bugger but replaced a 15$ cable and works just as well,B0002MQGOA,B0002MQGOA,AE3NV3SI2CGFFGD2O46NI3GYPOSA,1471467768000,0,True,66
4.0,Mpell leather satchel bag is nicely finished showing a classic leather satchel look,"Mpell leather bag is made from Goat leather meaning this bag is supple and not overly stiff and bulky. I like that while it has buckles and straps there are quick snaps that allow quick and easy access to the bag. The shoulder strap is plenty long and has a  buckle for adjusting to any preference. The finish is an oil based finish that gives a nice natural appearance and a soft supple feel.<br />The inside is large enough for a 13"" laptop or large tablet along with your charger and any papers you may want to bring along. The interior is divided into three compartments for organizing your documents and such. There are two small pockets on the exterior and one larger zippered compartment on the back that would hold something like a 9"" tablet.",B07MC49G6X,B07MC49G6X,AGE522R3Q7EE2UQ5VLYH4CT4VBBQ,1554681564146,0,False,750
5.0,"Super cute, space-saving and performs great","The biggest draw for me about these speakers is the space-saving. They are super cute and take up very little space. My desk is very small and my console takes up the majority of the space since I lay it on its side in order to have my monitor, which is rather large, also fit within the desk space by placing it on top of the prone tower. The height of the speakers does not hide anything vital showing on the monitor as they also sit on top of the tower. They can easily go elsewhere even though they are not wireless, because the cords are a good length. I just like having them within arms' reach for the volume control, which is easy to adjust with a knob turn. I am not a serious gamer, just casual, non-multiplayer, stuff, but I do like my movies, streaming TV shows, and watching YouTube. The sound that I receive with these speakers, to me, is great. I love my action shows and the experience just wouldn't be the same with speakers that do not perform. Very happy with my purchase!",B0791H74NT,B0B59QBY9G,AEQ73HDUVHN2BTGZFG7YI3D6BODQ,1571260484280,0,True,991
5.0,Would make a fabulous gift,"Basically, I fell in love with the color. It's very elegant. I tired of shifting things in and out of the ports on my desktop whenever I needed to do something extraordinary, plus I do not have much room. This is stylish, slim, can fit in my purse or pocket if need be, and gives me just the right amount of additional ports I need. Otherwise, I haven't taken it anywhere, dropped it, or any other life instances to be able to attest to anything other than it's practicality, beauty, and it does what it is meant to do. But I wouldn't hesitate to gift one to someone I know!",B01FJQGCAG,B01FJQGCAG,AEQ73HDUVHN2BTGZFG7YI3D6BODQ,1554941008604,0,True,574
5.0,Good TPU case,"Ok, so I have a iPad mini, I guess it's not a retina display. That said, it fits just fine! I like the clear because I put stickers, without removing the backing, in between the case and ipad. TPU has been a favorite of mine since the original iPhone. Not brittle, some shock resistance and nice fit and feel. For 4.99, it's a good deal!",B0095QDY9O,B0095QDY9O,AGE76SVTLMP46AW3K3WTAKUL6MJA,1392216514000,0,True,337
5.0,Good fit. Sure to be water proof,Yeah works as advertised<br />Tough<br />Seems durable,B07FPBGSBS,B07FXCWB22,AG3JDMAFA6HDGDKX4HQJDMKUNEEA,1547643231757,0,True,54
5.0,Fits my Mac Mini and matching hub perfectly!,"I love my docking station/hub for my M1 Mac Mini, but it’s bad to slide around. Also, for a small-but-mighty computer, the Mac Mini still takes up a good bit of desktop space when all the cables and such are factored in. This vertical stand solves both problems. It matches the finish of my silver Mac Mini and it looks very sleek. The adjustment knobs are well machined, allowing for narrowing the width if you don’t have a hub or widening it if you do. It sits solidly on the desk but can easily be moved around; it does not have to be mounted on anything, and that is a plus for me.",B09CTHJX9T,B09CTHJX9T,AELARKBAP6VKNL4D22ORELHTREBA,1639158406331,1,False,585
4.0,For the golfer on your list,"This golf GPS watch is a great idea. Golfers have enough to lug around without having to carry a hand-held GPS, too, so to have one strapped to your wrist is a great convenience. The watch is a little bulky for a woman's wrist, perhaps, but for a man it's just right.<br /><br />The beauty of this watch is that you don't have to buy anything else. It comes pre-loaded with a huge database of courses worldwide, including about 90% of the courses in the U.S. If you want to check if your favorite courses are included before purchase, you can look them up on the IZZO web site ahead of time so there's no disappointment. As other reviewers have suggested, however, you need to charge it overnight to be sure the battery has enough juice to do the job.<br /><br />This watch can actually replace your regular watch. It has date/time, alarm, and odometer functions that are useful even off the course. It would make a nice gift for the golfer in your family.",B008DHS1K8,B008DHS1K8,AELARKBAP6VKNL4D22ORELHTREBA,1351196453000,4,False,956
5.0,Five Stars,LOOKS SWEET ON THE BIKE PLATE AS WELL AS THE TRUCK PLATE,B01MRP27H4,B01MRP27H4,AHPTOCTKRZD3VJFY3ENKMMRFETOQ,1534206366518,0,True,56
5.0,Works and easy to set up,I bought this for a family member. The set up was simple. It has worked to increase the range and strength of the wifi connection. I am happy with this purchase.,B08RHD97QY,B0CH1HN5KQ,AE4BQHY4MVEL4BEEAOOFPJXEM7IQ,1670770666876,0,True,161
5.0,Like New,Replaced the batteries in my cordless phone and it now works like new.,B08CXPY968,B08T7YW6KL,AF62GCRSOZZZC5LKRKSOLWHQTBLA,1618954222536,0,True,70
4.0,Easy installation. Strong and quality construction,Easy installation. Strong and quality construction. Once installed speakers will not move. Make sure to use a stud and provided anchor lags or quality drywall anchors that will support the weight of your speakers. Used the on the Klipsch RP-250S (weight = 15.7 lbs). I did use the provided hardware to drill and mount to the rear of the speakers.,B010EC7L64,B07CG8G732,AHT2NKRAGYZRWKAIBJQIDSHKVOSQ,1524768066755,2,True,346
4.0,A decent 2 way in wall speaker - they sound good.,"This review is for the IW530. These were exactly what I needed. I had a slightly smaller old set already in my ceiling and could not find an exact fit. So with a little cutting I was able to install these easily. These do not use a install plate, but have 6 brackets which rotate 90deg when you start turning the screws. The screws are then hidden under the screen cover. These sound good, probably not high end quality but great for the price.",B001W9WDAS,B001W9WDAS,AHCTB5JUTSUMCF3WP3XXHZQIHOSA,1543114012133,1,True,444
5.0,Delivered early,"This computer is gorgeous!  It was easy to set up and only needed one update (which I'm taking to mean it was recently built?).  I'm impressed so far!  Only thing I didn't like is that the delivery company left it at my front door (it arrived several days before it was due) when no one was home, it was raining, and we didn't know there was a delivery there for about 5 hours.  Thankfully, the people I bought this computer from had packed it very well so there was no damage.  I would purchase from them again!",B0082JFDQM,B0082JFDQM,AFQQNWQS6K3E5ZH46YZMEVUIHDAA,1348325895000,0,True,512
5.0,None finer,"For my two cents worth, this is the best weather radio on the market. Loud enough to wake you from a sound sleep with up-to-the-minute wx reports for ones area.",B003S81Q04,B003S81Q04,AFE7IJIOX6CSOT7KP6XW4CY47IOQ,1512670273672,0,True,160
4.0,"Hobart, got to be good.",Fits my 130 and cheaper than local shops.,B003GM9OF6,B003GM9OF6,AEU43XW2FOQV2UPLFLIBB6R6OCEQ,1417270651000,0,True,41
2.0,Gotta be something better,Too many extra apps to download for use.,B010GFHZB0,B010GFHZB0,AEXDX6D55SQVJCAH2V4CKV2QEB6A,1480876845000,0,True,40
4.0,Noise cancelling headphones H501,"Appears to work fine, this is my 2nd set of noise-cancelling headphones, and I can't say these work any better/worse than my older set.  I think the quality is reflected in the price, and I'd recommend these and purchase them again if I needed a third-set :-)  Gordon",B01CS9R7PQ,B01CS9R7PQ,AHG2AM7FVQQ7AYZVTAE3RVKFJFRA,1481156319000,0,True,267
5.0,"New Gen, New look!","Im a huge Alexa fan.<br />This new generation echo does not disappoint. I feel that the speaker is more clearer & louder. The spherical look of the device gives it a clean, elegant look which I'm loving. Overall, recommend this one to anyone looking to invest on an alexa device",B07XJ8C8F7,B08DLSLCF3,AFEG6SE6TBNLO7FGYP7EVKXQZF3A,1622731093044,0,True,278
3.0,"*Updated* Overall Great Quality.  Purchased 5 for work.  After a year, one started peeling in the middle of tablet surface.","*UPDATED*<br />After a year of use.  The tablet canvas started chipping in the middle of the protective coating.  Stylus pressure and positioning still work but it's annoying as heck plus not it's even chipping more every time I go over same spot. I've never had that happen with any of the Huion & Wacom tablets I've owned for more years than this.  I also can't seem to find a tablet protector for this either.  So kind of bummed because I really like this...or want to really like this tablet.<br /><br />*Original review*<br />First off, just like Wacoms these Huions are compatible with literally all major art software programs as well as budget programs.<br />I personally have used this Huion with Photoshop,  Illustrator, 3D Studio Max, Zbrush, Mudbox, 3D Coat, Substance Painter, Clip Art Studio (Manga Studio), Krita, Painter, Paint Too Sai....can't remember the rest.<br />This NEW  HUION 1060 PLUS is ASIN# B01FTE9HS2 and it comes with a stylus holder, 4 stylus nibs, a carrying case and drawing glove.<br />There is also another NEW version I saw on Amazon which includes 10 stylus nibs, holder and a glove without carrying case but they are the same exact tablet.  They are both the same price on Amazon as of this writing.<br />Not to get you confused but there is an older one also called the 1060 Plus but it is not labled NEW or UPGRADED.<br />It is different cosmetically and has older technology and features.<br />The NEW 1060 Plus has Full-Area Surface Cover and Thinner Border, which makes the drawing surface bigger plus an attached side holder for stylus.  Also, Quieter Express Keys, Better Linearity in art programs, Better pen pressure sensitivity.<br /> (Specifications: Resolution: 5080 LPI, Report Rate: 233 RPS, 2048 Levels of Pressure, 10&#34; x 6.25&#34; active area.)<br />*Note: I just found out they released an even newer one with smoother pressure/linearity and has 8192 levels of pressure but it costs a little bit more.*<br /><br />Now to the good stuff.  Drivers were easy to install and worked right away; which is surprising because I've had driver issues with every non-Wacom tablets in the past.  Actually, there are rare hiccups where the USB wouldn't recognize the tablet so I just have to replug back in.  I've even had that issue with wacoms so I would just have to reconnect the USB back in to get it to recognize.  Another common issue with older tablets (even Wacom) is that with Photoshop sometimes doesn't register the pressure sensitivity so I would have to either restart Photoshop or reconnect the USB.<br />But other than the super rare hiccups, this tablet looks very professional and is an great upgrade from the Huion H610 Pro, which I own, plus the Huion GT 220 graphics tablet which similar to the Wacom 22HD  but way better IPS picture quality.  I  own the Wacom 22HD Touch and is totally not worth the $2000 I spent compared to the $700 I bought the Huion GT220 for.  The Huion GT220 may have not come with express keys but I never use those awkward positioned keys anyways.  I prefer the keyboard or game pad.  I also owned a Wacom Intuos 2, Wacom Intuos 4 and an Intuos 4 Wireless which I've used throughout my professional career as an artist.  (I wanted to compare them to see if a lower cost alternative is worth the savings).  But my recommendation is if you are already an artist or aspiring to be an artist,  don't hesitate on getting the tablet that gives you the best bang for your buck.  Wacom does have good build but drivers can be flakey too.  I've had some Wacoms stop recognizing the drivers to the point where I have to reinstall it.<br />With the 1060 PLUS you're pretty much set with a drawing tablet if you can't afford a Wacom or Surface Pro for all your 3D, drawing and painting needs.  And to me, the pressure curve and sensitivity is feels equal to,  if not better than, the Wacom tablets.<br /><br />This Huion is the best bang for you buck for aspiring artist that want a professional tablet at the best price.  I don't want to stray anyone away from a Wacom if they can afford it. But it's great to know that you can now save 1/5 the cost of a Wacom with the similar, if not better, specifications.<br />Actually, I purchased 5 of these for us artists at work and also had to recently recommend this Huion to my friends and family looking for a tablet for their kids that are also aspiring artist and animators. They showed me their kids' drawings and animation with the mouse I convinced their parents to get a drawing tablet. It is a must have for artists but you don't need to spend an arm and a leg. I truly believe this is the best $80 price range tablet on the market today that runs on Windows 10 (as of this writing).  It has worked well for me for my professional (and personal)  work with 3D sculpting, drawing and painting.  Sorry Wacom....$250 to $300 for a comparable mid-size tablet is not aspiring artist friendly.  They may look a bit cooler but they all achieve the same end.  They also have Wacom Bamboos or budget Wacoms under $70 but they all lack the pressure sensitivity and features with only 1024 levels of sensitivity.  I'm not a Huion salesman but this just makes sense and achieves the same end.....which is quality art without frustrating hardware and features.",B01FTE9HS2,B01FTE9HS2,AHCGJDBR7D35YCM6XTKE3O42NQLQ,1476166897000,147,True,5283
5.0,im happy with it,"The price was great.  i have a cheap Uniden phone that i paid $20 for. It was a replacement for the same phone that i purchased a year prior. Usually it is cheaper just to buy another phone, but when i saw the price on amazon i couldnt believe it.  it works like a champ and my phone no longer has 20 minute talk time! I am gong to buy another one for the first Uniden phone i purchased. Its like having a new phone for under $10!",B00009R8EK,B00009R8EK,AEE53XLTNQUIXH75X5T6A24JUQ7A,1357334905000,0,True,430
1.0,Doesn't stay attached,"I'll foot-stomp the many other reviews that say the mechanism that holds the clip to the wire is a joke. I did not examine it closely enough and assumed, because it was a Bose product for the Soundsport headphones I have, that it would be the same as the original. It is not. I'm going to look for an aftermarket product.",B07DB4BGK8,B0B179LK6H,AFAXJFJ6SB76ZBZCXH6FUHYDY7AQ,1628892878757,2,True,321
3.0,Doesn't reach very far,Maybe I missed it in the description but it only goes to 30 feet. Even the houses around me are more than 30 feet. I have heard that most domestic cats have a routine radius of common territory of about 1 mile. I was looking for something to see what that normal path is.,B091V2YPFS,B091V2YPFS,AFJFFCL5YZ4FWNFYIEPYESVNPDNA,1669997846895,3,True,271
5.0,"Great at $4, Bad at $25","Got it for $4, whats not to like.",B0196CV0T2,B0196CV0T2,AH3L4CN6Y2BGY5KKATKZGQR2SXUA,1514487702412,0,True,33
4.0,Better than my other usb sound card,"I'm using this to provide analog sound to my MK808 Android mini pc stick.  I have another brand cheapy usb sound card and it generates a lot of noise when the volume on my amplifier is turned up over 40%,  This device does not generate noise until the volume is turned up over 75%, so this one works much better for my intended use.",B000BUDHNQ,B000BUDHNQ,AH3L4CN6Y2BGY5KKATKZGQR2SXUA,1366305921000,0,True,332
5.0,Easy to install and clear channels,Got this for my step daughters room. We didn’t want to get another cable box and thought we’d give this a try. So glad we did! It was super easy to set up (didn’t even need my husband’s help!) and she gets quite a few channels and they are clear. Definitely worth the price. Might be getting some more of these as gifts for family members that don’t have cable.,B07D75R6H7,B07D75R6H7,AHRD5772B4WO5BVDCIADWDBUSNDQ,1543099956359,0,True,361
4.0,"Solid, good-sounding outdoor speaker.","The Good:<br />-They sound good.  They're not audiophile speakers, of course, but they sound much better than some of the other outdoor speakers I've heard, and better than any other outdoor speaker I auditioned in this price range.<br />-They're rugged, which you really need in an outdoor speaker.  It's not just rain, after all; an outdoor speaker has to contend with errant footballs, rough handling, curious animals, etc, any of which would break a normal indoor speaker.  These have a metal grill and very sturdy build and should stand up to almost anything.<br />-I like the mounting system; very flexible and well-engineered.<br /><br />The Bad (and these are minor)<br />-Very cramped, awkward space for the binding posts.  I use banana plugs because I need a quick, easy way to hook them up (standing on a ladder, fumbling around behind the speaker) and there's not enough room back there for normal banana plugs.  I wound up buying some right-angle plugs (I got the Monoprice), and those resolved this for me.<br />-Sound quality is good for an outdoor speaker in this price range but if you don't need a rugged speaker, you can get much better sound for the price.  As I'm writing this review, the ELAC Debut 2.0 B6.2 is on sale for about the same price as these Atriums, and the ELAC has much better sound.  Of course, the ELAC probably wouldn't survive a night on my patio.<br /><br />Bottom line:  If you need an outdoor speaker in this price range, this speaker would be my recommendation.",B00378KMG4,B0BKRL9CFW,AFC6IECK7PRZCQ5G7EGVQGHAXYIQ,1574952863935,2,True,1505
5.0,perfect fit,perfect replacement for my desktop computer,B07D66BMW1,B07D66BMW1,AGHGLPVUNI4QN62ALFQMOFBTS2LQ,1561753453795,0,True,43
5.0,Money well spent,I bought this for my 23 year old son. He said his phone speaker worked just fine. Well he changed his mind after he connected it. I have never heard such a good sound come out of such a small device. He uses it all the time now.,B00GK5Z8Z6,B00GK5Z8Z6,AFUCOHHPFBX6RHHUW7OGFHSBQ5KQ,1387772842000,11,False,228
5.0,Open up a Whole New World of entertainment,What a joy for my 97 year old who is limited in his activity to be able to watch selected movies anytime of the day!,B0791TX5P5,B0791TX5P5,AEXKAKCCJTGBCEDDWL6IN2V4BH6A,1558958330520,0,True,116
5.0,This is a great cover!,"I had purchased a different cover when I bought my 9&#34; tablet, but the edges of the nine inch Dellare so narrow that my thumbs were always touching the screen and making crazy things happen!😀<br /><br />THIS cover is great! Gives me something to hold onto and is really comfortable in hand.<br /><br />I also appreciate the prompt service from this vendor!",B00T63N76Q,B00T63N76Q,AFM6ZQS5WFV624DHZAHB36RB6HOQ,1500525381573,0,True,359
3.0,Too Small,It was too small for my mom’s Nikon and all her related gear. She figures she can only use it for a small day trip with a portion of her gear and lenses.,B094BY1CPR,B094BY1CPR,AF3RENOGZJOCO24HPO75EEIF4EHQ,1627326344778,2,False,153
3.0,Just OK,"Lasted only 5 months.  Ugh!  Then again, all of the mini's I've purchased seem to work for only a few months, then they die.",B003MUTKNI,B00GN0WQBW,AGV56MMPAPXOXT2GKBIPA2U7RREA,1431476595000,0,True,124
5.0,My fav echo device,"You can have it play art!  Best thing ever.<br /><br />All my calendar stuff, shopping list, todo list, all nicely hidden instead of an ugly calendar.<br /><br />Less stressful to look at than a messy calendar and bulletin board.<br /><br />My favorite purchase in a long time.",B08MQLDFF6,B09DFL95SV,AH3GY6LFMIXXZZUQDZ2NWBD7PBIQ,1667596090609,0,True,277
5.0,These are my favorite every day use mice,These are my favorite every day use mice.  The only thing they don't seem to withstand are taking a swim in the cats water bowl..but they sure do take a licking and keep on ticking!,B005KSAJXK,B006MCDUZM,AHHCY7BD2YQKSVYC7NCMVII5DCVQ,1474992604000,0,True,181
5.0,"Useful. Wish there were fewer tiny ones, more medium ones.","What a useful thing for them to make from leather scraps. I bought a set of these for stocking stuffers and everybody liked them, but commented that they wished there were more medium sized ones.",B08Y5NLQQD,B08HHH75RC,AEXEOT2U26HZF6E5QJUOROJ4PHHQ,1643017564237,0,True,195
4.0,"My second Surface Book, first one (Surfacebook 1) had expanding battery failure","I initially purchased a Surface Book over competitors because of the great screen definition, as I am an amateur photographer, and screen definition was important to me. I also use it daily for work as a software trainer, which requires a Windows computer (I was and still am an Apple fan).. At 4 years the screen began to have a yellow mark at the sides, and after research I learned about a problem with these computers, which is an expanding battery. Now the screen is bulging and it is unsafe, Microsoft will replace it up to 3 years, but will do nothing for me, other than a $600 “repair” which I may do, to have it as a backup. When stores were open, rumor has it that managers were doing this for free, but they are permanently closed now.  I use this laptop for work, and if It is out of commission, I am out of work.<br />With a failing computer,, why did I buy another? I still love the screen, size factor is good (I travel with it regularly), and the keyboard is comfortable, but the white backlit key color blends into the keys, so they are hard to see, one of my few complaints. I have been through multiple chargers, the Microsoft OEM chargers have died after a short period, developing a short at the connection to the computer. The new model seems to have a thicker wire, so I am hoping that it lasts longer, but the third party chargers I finally learned to buy work great anyway, and I have backups if I need them. I found this at a fairly good price, so there you go. This was an upgrade to an I7 chip, my first is an I5, for the use I give it I haven’t seen much difference.<br /><br />One tip, I just went from a 3.5mm connector headset to a USB headset. With the former, I had to use an amplifier, and ultimately the computer stopped recognizing the microphone. With the new headset, the sound is much louder, amplifier is not required, and it worked immediately upon plugging it in.",B076J5Y9Y1,B076L6ZLX6,AF75YNY5HK5X5M75SIFXFCK6HAKA,1598208634060,1,True,1906
5.0,Fun and unique way to display and share favorite photos,Our family is having a delightful time adding our favorite photos.  We love how our extended family and friends are able to remotely add pictures to display!!  The display is clear and bright.  What an amazing way to share your photos and be able to update with fresh photos as time goes by!  Quality made and easy to use. Super value!,B0BFB3KKHX,B0BFB3KKHX,AGEHMTLJDW5KZOIC3VQD24CEALVA,1665267473021,0,False,335
5.0,"Great Price, Great Product - everything I could ask for!","Very nice set of adapters - small, convenient, and a very good price.  Having a few extra makes absolute sense, as I have multiple devices, and now can keep one with each.  The transfer speed is fast!  This is definitely a must buy item, should you need one (or more) these.",B08HGFQHCW,B08HGFQHCW,AFDR3G6FQBQG666TTAG3H7ZUTDPA,1618865961250,0,True,274
5.0,Portable cd player,[[VIDEOID:762abca9d37edfcffd7aae2828107e8f]] Nice portable CD player great sound comes with blue tooth capable and ear phones and FM transmitter,B09XJVV35Z,B09XJVV35Z,AGFQMRZZSYXKNVBDRKG3VUKEREGQ,1657920233016,0,False,144
5.0,Works great.,"Great to use on the shower, but also nice to be able to carry it around the house with me.  Sound is good and battery lasts quite a while.",B07PYNPSBP,B088BG6512,AG2P26TWE5EIMOTUWEUKUNXJOU4A,1666733258224,0,True,138
5.0,IP functionality can be simple or as complicated as you want it to be.,"Fantastic camera.  One of those items that screamed quality right out of the box.  Good build, compact size, and has a waterproof connector for your Ethernet cable.  Can be mounted where the cable comes through a hole in a fascia board behind the camera or where the cable comes out the side of the base.  Base is infinitely adjustable.  Camera has slight overhang on the top to keep water off the lens.  Three pigtail cables - RJ-45 female connector can be the single cable if you have PoE or you can power this via a 12v power adapter or cable (local or centralized) for versatility.<br /><br />This is my first IP camera, but I've used many analog cameras and DVRs.<br /><br />I've hooked this up three ways:  By itself, to a switch on the same network as a stand-alone NVR, and to a switch on the same network utilizing my QNAP NAS as the NVR - in each case powered by PoE.  Here are some details I've figured out in the process:<br /><br />---By itself:  You can view it quickly and easily without delay with the App, which seems to have all the things you'd expect from a camera viewing app.  I assume you can record to or snapshot to an SD card from the description, but I'm going to record to my network, so I didn't try that feature.  This was just plug and play, worked super easy.<br /><br />What I love is that once you figure out the IP address, you can access the camera via a webserver, which pretty much future-proofs the hardware.  I despise ""smart"" devices where you need an app, because then you're at their mercy to run their app on whatever OS they decide to use and they can force you to make accounts, update, etc.  Having this open to the user/owner is the way to go.  Bravo.<br /><br />And that web server is full featured.  I was able to play around and do everything here before I bothered downloading the app.<br /><br />Note that - like every camera I've ever used - the viewing software sends a substream which is lower resolution unless you demand the higher resolution.  With the app you can see low and medium resolution, but 4k has trouble playing over WiFi (or else it's just smart enough to realize my screen can't support it anyway).  Just pointing this out so you realize if you're seeing pixels, that doesn't mean the camera isn't actually recording at 4k.<br /><br />---With NVR:  I recently acquired a cheap 8-channel 4k NVR that I believe to be a Uniview OEM.  I added a hard drive and put it on the same network as this camera.  The NVR has an 8 port PoE switch built in, but it must also be a router, because it wants to use a different subnet if you put the camera on the NVR's switch.  Otherwise, you can easily point the NVR to the camera via IP address.<br /><br />So...if you point the NVR to the camera via IP address, you can view the camera from its own app or from the NVR app.  I assume this still takes one of the NVRs 8 channels.  This might be useful if you want to give someone access to just one camera on your network.  But it occurred to me that, setup this way, you have constant data streaming over your network, and after you add quite a few cameras in 4k, this is going to start adding up.<br /><br />If you put the camera directly on the NVR, you'll have to change the IP manually to match the subnet, or maybe you'll somehow get it to work through the NVR or with DHCP.  I hadn't bothered spending time figuring this out yet because at the time I thought I'd just use my other switch, but I'm thinking once I get more cameras, it'll probably make more sense to put them directly onto the NVR and ...actually, then I won't have to change my entire IP scheme since I won't have so many new devices to organize.<br /><br />I'm certain I can get it all working in unison with no problem, but it is more complicated than if you just buy an NVR set with a bunch of cameras already ready to work together.  Either way shouldn't be a problem if you have IP knowledge, but I'm guessing a random homeowner might prefer a set.<br /><br />---Using my NAS as NVR.  Hmmm...a little disappointed with QNAP in this regard.  I mean, I have three NASs, and I'm assuming they all have 2 licenses included, but to combine them into one program then I believe requires yet another license.  I'm not into licenses, even if they're a one time deal, because that means you need accounts and if something happens where they're lost, you can run into all kinds of other issues.  I just think consumers need to stand up to this sort of thing.  But anyway, I had two included, so I tried it out:<br /><br />I realized that this is a lot of work for my little consumer grade NAS, and even if I had a more hardcore NAS, I'm not sure I want resources being used all the time.  It seems like I couldn't get it to use H.265 compression, nor could I get it to record at the higher resolutions and frame rates.  Again, I didn't play with this too awful much once I got it recording and working because I already realized I definitely like the stand alone DVR better.  The QNAP even had extra stuff to download and windows to pop up on your PC and all this other stuff.  Just not as streamlined as I had hoped.<br /><br />----Conclusion is that the camera is awesome.  I'm not sure many are any better at this point.  If you want something that just works easy and you don't know much about networking, you may wish to just buy an NVR set.  But if you are IP capable, I think buying components separately could be a great way to go because you can really customize what you want to do.  But as always, more options with networking means more potential headaches.  But I am pretty certain that once you get it working the way you want it, you should be able to forget all about it and have it work indefinitely.<br /><br />Oh, and after all that, I shouldn't forget to point out that I'd be thrilled to have this all by itself watching my porch just so I can tell when there's a package out there.  My Ring (that came with the house) can't even see that because of the angle it is set at.",B09NVSM795,B0B87WF7FC,AGRPLHGW2CR6WWOHT5TOWXDGIZEQ,1657646884883,2,False,6018
5.0,Extracting an audio channel.,"Want to extract your audio channel from an HDMI device to use on an older stereo?  Here you go.  Want to use a newer computer as a music server, but Windows keeps wanting to default to the HDMI port - here's your chance to extract that channel instead of fighting with WIndows all the time.<br /><br />Also, even some flat panel TVs fail to have HDMI ports - I have one.  Here is your chance to add whatever you want, even make it a smart TV.  Does its job as expected.",B07Q72G5RR,B07Q72G5RR,AGRPLHGW2CR6WWOHT5TOWXDGIZEQ,1569000908354,0,False,469
5.0,Necessary,"This is just one of those things that you need to have a couple of around.  I like to have one of these and an SD-to-USB adapter near each of my commonly used computers for quick transfers; SD is fairly easy to make the ONLY external media you need nowadays.<br /><br />When ordering, I got the idea that the one company wouldn't take my order since I was only ordering one, as if they're too good to live up to their end of the bargain.  But another link on Amazon did allow me to order just one (still under $1).",B0047WZOOO,B0047WZOOO,AGRPLHGW2CR6WWOHT5TOWXDGIZEQ,1325799621000,1,True,514
5.0,Great product,"This works great in my Sony Alpha digital camera. Seems really fast! No problems, and a great price.",B0143IIP4W,B07WMB4XS4,AHLWRKI3E4G5IEONZEQESG4BRICA,1497719508512,0,True,100
5.0,Great tablet for kids,Has a case for protection works on android. Parental controls and easy to set up.,B0BGQJNGYP,B0C7DCS2KW,AF2EIF4BHFQEEYHEMD3XKICEG2JA,1671140089564,0,False,81
5.0,"Different from standard earbuds, but great for the price.","I ordered these for my son who says normal in ear earbuds make his ears itch. These earbuds sit just outside of your ears and allow the sounds of your surroundings to be heard. They fit around the back of your head snugly but are still quite comfortable. No sweaty ear canals here!<br /><br />They have 8GB of internal storage for you to store music and listen to without an external source. I have not tested this function because I primarily stream my music and content from my phone.<br /><br />I agree with several other reviewers who have stated that this type of device is much better for spoken word (podcasts and audiobooks), than actual music.<br /><br />While I don’t consider the sound of the music coming through these bad, there is something that is lost with these that you would get with standard earbuds and headphones.<br /><br />For the price, you could do much worse. Overall, I would recommend these to anyone who has trouble with earbuds being in their ears for extended periods, or for anyone who would want to be able to monitor their surroundings while still trying to listen to their favorite content.",B0B5WJ66JD,B0B5WJ66JD,AERHCWS5C6JQFWQVNDVIVD3Y5LCQ,1666953848197,0,False,1126
5.0,Size of a soda can! Great sound!,"This little portable speaker packs a punch of sound! It really does have a lot of volume. Its a little taller than a 12 oz can of soda and is portable to take anywhere. You can turn off the light or leave it on to change with the music and comes with 2 cables- an aux plug in and a USB to charge it. It says its waterproof on the box but I wouldn't risk it as you cant submerge it in water for more than 30 minutes or so as noted on the packaging. Also, the speaker mesh/fabric can easily get dirty on the lighter speakers It would be better if it were more sturdy. It doesn't look like it would snag though. Unlike other speakers that have metal netting this one is like a very heavy and thick weave of yarn looking material its quality looks pretty good. Overall I was impressed by how loud it can get.",B0BCPSG2GC,B0BCPSG2GC,AGD7C5I7LEINGX32THOQX5VSJ74Q,1667547196224,0,False,804
4.0,Worked great! Died after a year.,"Easy drop in replacement in my Thinkpad. They sound great.<br /><br />They lasted 13 months before they too were too noisy to use.<br />I guess that's ""okay"", but I hoped for a longer life.",B07T6855ZT,B07T6855ZT,AHIZEVGF7HRHPI6GTDETIABS4W7A,1640673703420,0,True,189
5.0,"The best, just buy IT","So the best part of the Bluetooth headphones are not only the price, it tells you when it's ON and OFF as well as when it connected. The buds are comfortable, sound is perfect. Battery last longer than others .The packaging is beautiful. It will make a good gift. I recommend it 💯",B09MDSYVQT,B09MDSYVQT,AECLZPHQ72FZTCG2MWNAZIJXCRZQ,1656588993076,0,False,280
5.0,Using a wireless headphones for the 1st time,"I really like thos headphones, the sound is excellent, battery life is great. It's an excellent quality. It also cancels out noise.",B09J26VMFZ,B09J31ZBB1,AECLZPHQ72FZTCG2MWNAZIJXCRZQ,1649175391498,4,False,131
5.0,"Hard to beat in terms of value for the price, but it has its limitations","While these headphones won't excite an audiophile, if you want to spend as little as possible on a set of headphones but not make too many concessions with regard to comfort and sound quality, this is the set to get. For $25 you get headphones that sound way better than you would expect for the price point, and are also pretty comfortable to wear for extended periods.<br /><br />The build quality is OK. Again, these are $25 headphones, but they are pretty decently made. They will not stand up to rough handling, but as long as they are treated with care, they will provide a good service life. The earpads are comfortable and do a good job of blocking out ambient noise. It has an attached cord that has both a 1/4 inch and a 3.5mm jack. You have to screw off the 1/4 inch one to expose the 3.5mm one. While I like the convenient way it provides 2 different jacks, I would have much preferred to have a detachable cord. But again, for the price, it's not a deal killer by any means.<br /><br />The sound quality for the price is excellent. No, it doesn't sound as good as a $200 set, but it's reasonably clear, decently punchy, and doesn't significantly distort at high volumes.<br /><br />If you're looking for the best value in a headphone, it's hard to beat this. Five stars.",B01M7Z0VKR,B01M7Z0VKR,AG63W2BMC4HRP76AMS36AYY64AHA,1665092264565,2,True,1283
5.0,Outstanding screen; solid performance; great form factor; couple of irritations,"Bottom line: Overall, this is an excellent laptop/tablet setup. The screen is simply gorgeous, the speed is excellent, and it easily morphs between a laptop and a tablet. Windows 8 can be a bit of a pain, as can some of the hardware design quirks, but overall, I’m finding it to be a solid performer. It's a good choice if you want a tablet but don't want to give up the functionality of a laptop.<br /><br />Full review: It’s been a couple of years since I tried out a laptop/tablet “convertible” type system, and things have certainly improved for the better. This Asus is a fully functional system in both its tablet and laptop modes.<br /><br />I was a little disappointed when I first opened the box since it was not packaged in a “high end” (ala Apple) manner. It was packed well in terms of protection, but it was pretty utilitarian. I also thought it was unusual that there was no setup or “welcome” sheet/poster packed with the hardware.<br /><br />The utilitarian feel went away once I started using it. The overall fit and finish is excellent – very solid feeling. It is thinner than I expected – folded up it’s just a bit thicker than my older tablets. The tablet portion alone is sleek and solid. You do notice the weight when using just the tablet, but it’s not bad. My only quibble is that the tablet case is slippy in hand. The keyboard has non-slip feet on it that keep it well-planted, but when using just the tablet, it’s slidy. I’m shopping for a case or skin to help with the hand feel of the tablet.<br /><br />Setup was straightforward, with Win 8 going through the usual setup process of a couple of minutes to get the basics taken care of, then an hour or so of having it fetch and install all the needed OS updates. I used Win 8 for a bit when it came out, but mostly work with Win 7 machines. It was a pleasant surprise to see how well Microsoft has buffed the rough edges off of Win 8. I can’t say that I love it (I'm more of an Android fan when it comes to touch screens) but it’s a very workable OS that is (mostly) easy to use. Granted, the very first thing I did was install Chrome since IE is a total pain, but overall, Win 8 is not bad. But, I want to keep this review focused on the hardware rather than Win 8.<br /><br />The shining star of the tablet is the screen. It is absolutely gorgeous in terms of resolution, be it text (which was a treat for these old eyes since young programmers seem to think everyone can read 2 point type) or video. The viewing angle is excellent, the colors are rich and vibrant. Asus did an excellent job with the screen.<br /><br />The touch sensitivity of the screen is also excellent. I don't use a stylus and am able to reliably hit everything I aim or swipe for. That’s saying a lot given my less than nimble fingers.<br /><br />The keyboard is good but not great. The key feel is decent, as is the layout, but the keys and the frame feels cheap compared with the more solid feel of the tablet. The touch pad is decent, but there's not much need for it given the excellent touch screen. The docking between the tablet and the keyboard is very well made – easy to attach, pretty easy to detach, and it maintains a very secure grip. I had no problems switching between the virtual and the physical keyboard (which uses Bluetooth to connect with the tablet).<br /><br />The tablet has no fan but does not heat up much. I can feel some warmth on the right side of the tablet back after it has been operating for a few hours, but it’s just warm, rather than hot. And I certainly don’t miss the fan noise. The internal drive is solid state, so there truly is zero operating sound. The claimed run time of about 8 hours is accurate.<br /><br />The operating speed is snappy. I noticed zero lag time switching between apps/programs, and no significant slowdown when running multi-tasking programs. I attribute this to both a decent speed for the processor, plus the solid state drive.<br /><br />The sound quality is just OK. It's pretty clear, but sounds tinny and lacks any measure of punch or bass. That's not surprising given how small the speakers have to be. The sound quality is adequate for basic audio, such as watching a YouTube video, but for anything else you'll probably want to use an external speaker. I paired it with an external Bluetooth speaker for streaming music, and even though the external speaker was not high end, the sound quality improvement was significant.<br /><br />What I don’t care for is how USB devices are connected. It has a dongle which attaches to the tablet. It works, but it’s ungainly. I would have loved to have a conventional USB port built into the tablet (or keyboard) even at the expense of the needed extra thickness. On the plus side, the dongle worked fine with every USB device I tried it with (various external drives, printers, camera). In addition to the USB output it can read an SD card plus has an HDMI output port.<br /><br />It’s a bit of a pain to open the tablet when it’s docked with the keyboard and folded up. The hinge tightness works against you when trying to get it open. Lastly, the charger has a wall wart on the end which can be problematic when trying to plug it into a loaded power strip.<br /><br />While there are negatives, they are mostly of the irritating nature rather than the truly interfering nature. This is a solid device that provides excellent functionality as a tablet and provides good laptop functionality. The Win 8 OS allows you to use the full range of Windows application software plus an extensive number of apps. While it won’t fully replace a “real” laptop since it lacks items that I would want in a laptop (such as a built-in DVD drive and a better keyboard), it offers far more utility than just a tablet and does so at a good price point. The negatives drop it to 4.5 stars, but I’ll round up to 5 stars since the screen is truly outstanding.",B00T7XR888,B00T7XR888,AG63W2BMC4HRP76AMS36AYY64AHA,1428267729000,45,False,5908
5.0,Sturdy construction; good performance,"This is a specialized take on a pretty conventional product: a 2.0 USB hub. Unlike most hubs, however, this allows you to attach a device 30+ feet away from the PC.<br /><br />It looks much like a conventional USB hub, except for the fact that the cable that plugs into the PC is 32 feet long. The construction quality is quite good - the cable ends are solid and well-made; the connectors appear sturdy; and the cable itself coils nicely even though it is pretty thick.<br /><br />The one area that could be improved is the device attachment end. There are 4 female USB ports in an ""octopus"" configuration (e.g., the ends are splayed out). I would have liked to have more flexibility in the connection end with more separation between the connectors.<br /><br />But that nitpick aside, I've not had any problems with functionality. I'm using it for low-powered USB devices and have had no problems with signal/power strength. I would (and as recommended by the manufacturer) use a powered connection for more power-hungry devices, such as an external drive.<br />[Sample provided for review]",B00E3NUU5A,B00E3NUU5A,AG63W2BMC4HRP76AMS36AYY64AHA,1375535626000,1,False,1092
5.0,Beautiful watch with even more features and faster software.,"This is the best of them yet! I received a gold Darci watch and noticed how much faster it was to set up right away; the previous model took upwards of 15 minutes and this took less than three? The face is big and beautiful and I am a little worried about keeping it in its mint condition so I take it off when I get home so I don't ding it while carrying things around the house, etc. The display is dazzling and I like the way you can switch faces. The watch takes you through a tutorial after set up and you really won't need to use it again. My favorite new features are the improved and expanded health apps/widgets like Cardiogram and Google Fit, which now has a breathing exercise included! I felt it wonderful to be able to unwind WITH the watch before taking it off. I find those more useful than the GPay features, though contactless payments are also a bonus in these times.<br /><br />The watch comes with a start guide, warranty info, and charging cable, all beautifully packaged. The audio is very clear and works well when making/taking calls within decent range of your phone. This is a beautiful gift or present to spoil yourself with!",B08QM7HY29,B08QM7HY29,AGAV7IY4HWGYRUIAGUZRXYUJ22DA,1615510718188,0,False,1152
5.0,I LOVE this lil thang!!!!!!!,"I cannot get over how much PUNCH it packs for it to be so small. I use it to listen to music and audiobooks while I am cooking and love how easy it is to use. Just turn the thing on, pair it and rock out! It is also super portable so it would also be nice to take on a little picnic or anywhere with you in case of an emergency. LOL You will NOT be disappointed in this awesome speaker.",B00ISIFWKY,B00JITGY2C,AGAV7IY4HWGYRUIAGUZRXYUJ22DA,1403196154000,0,False,386
5.0,Easy to use and worked well,I used this device to backup my Samsung Galaxy phone onto an external drive. It was easy to do and worked without any problems. I'm not particularly tech savvy and am relieved that this was easy to use.,B09651BKRC,B0B12XMTDQ,AGYVC7KVHP2AWM7BDCEYNHFA6F3Q,1625975726585,0,False,202
5.0,Great Protection for your electronics,I have experience with SquareTrade and they have never failed me.,B00FBJ4EWU,B00FBJ4EWU,AF3GABC7Q7TJGKBDFP3XIAKQNGQA,1558631958986,0,True,65
4.0,Hubby was excited!,This looks great assembled. Only problem currently is we are struggling to get things focused.,B083JQBC1G,B083JQBC1G,AGF7LDUQN4OVGSFWLBND4GDKGCGA,1665342373137,13,True,94
1.0,"Cool Case, but dont know the problem","Was working fine, but I might have a problem with my hard drive. Can't say. Was working fine.<br />The other problem their instruction are awful and especially if you are trying to use the case as an external hard drive from a HD of an old broken computer.----- Turns out the device Is defected and doesn't read.<br />I had a friend check it out and doesn't read the hard drive.",B06Y5CJSVW,B0BWRLLXQL,AHNJTF6WA3EICO27FH7WZWBADPEQ,1577210747613,0,False,378
5.0,Cute case! Plus the bonus stuff!!,Such a cute case! Got it for my daughters iPod touch and she absolutely loves it! So nice that it also came with 2 screen protectors as well. I’m beyond happy with this purchase!,B07WTM12GM,B07WTM12GM,AF3YU65HRX4USOYT4X7LD44BFLUQ,1589859140100,0,True,178
5.0,Love love love this!!!!!,My son adores this tablet and since I disapprove youtube the endless video freetime provides is so amazing a helpful my 1 year is tracing numbers and letter he is only 18 months old how amazing is that!,B01J90MSDS,B01M4NU4OM,AGY4A2XO73SBRRSGXTQ57DNC3GQA,1509968529995,7,True,202
5.0,Awesome Protector!,This tablet cover is amazing! My daughter loves that she can carry it like a briefcase lol. She also loves that it stands by itself. I plan on ordering another one for the 9.6 tablet for her brother.,B00YTTJ1YE,B07SMF7L21,AFFV5FPBT6MMQUT53PRHJU6PFQIQ,1474126395000,0,True,199
5.0,Great product.,"Great quality and heavy. Base is a heavy and thick painted glass. Parts are all metal. Easy to build. We have a 65"" 60lb TV and it is not going anywhere.",B018I1XTFU,B018I1XTFU,AE6VSBAPYPLZ4XRKCCRX4UXYEJPQ,1545714178343,0,True,153
3.0,Used for charging,"Great for Charing, but you can't use these for transfering data.",B074TZ9P73,B074TZ9P73,AFSS6DNQFZBJJVVA5N4K5226WAUQ,1554560820186,0,True,64
1.0,Tools Break When Used,"My son tried to open my phone to change the battery, but all the tools broke when he used them. He never was able to get my phone open.",B077D7WMZV,B077D7WMZV,AHTA26ND2ZNDZVFJFZQ3RJJW5GIQ,1576783439847,0,True,135
5.0,What's not to love?,"I needed to be present with my clients as well as able to listen to school lectures and these were a wonderful way to do so! I can also make and receive calls when necessary. Love them. Noise canceling is great, they fit well and they're rose gold...",B08FT8VN57,B0BMXP1S36,AHHKNPFL5OYYA6LVQVP3AWUNON7A,1618242402447,0,True,250
4.0,It works good enough with the mobile phone app for my Olympus ...,It works good enough with the mobile phone app for my Olympus EPM-2. Seems a bit flaky with the computer browser functions. Could be a number of other things that cause problems. It has been handy taking pictures at a live event then opening the mobile app on phone and uploading to Facebook without having a computer.,B00UOYPZNE,B00UOYPZNE,AG7LP45GBEWYJYZFUNYRRJG7HQUA,1464011805000,0,True,318
5.0,one of my favorite gadgets,"I have the Kindle 3 and love it, so I ordered this one.  It is great.  I still use both, but this one is good for reading at night so I don't have to turn on the light.  I would buy it again.  It is easy to use, and I have no complaints.  Leaving the wifi off when it is not needed is the key to lengthening the battery life.",B0051VVOB2,B0051VVOB2,AGSBTENDXVAAEZUMHLYCUWE3O4OA,1323714421000,1,True,325
2.0,Could not open battery compartment.,"I could not get the battery compartment open. Nothing to grab on to; would not risk using a screwdriver.  I was afraid of breaking it, so I returned the camera without ever using it.",B00XK73HT6,B07BN6F3JN,AHCTR7EJHMMPASBHAPITYVC5W6IQ,1453699343000,0,True,182
5.0,Works out of the box on Linux and Windows,"Could use a bit better picture quality, but the adjustable brightness ring light fits my needs. The camera was recognized right away under both Linux and Windows (required for work). I've used the camera with Zoom with no issues.<br />I have not used the built in microphone because I use a headset with microphone. If using a similar setup, I would remind you that muting the in-line mic on the headset potentially leaves the camera mic open - be careful.",B075N1BYWB,B09DV19SMR,AF7SULGY35ESP6SKCG3PCPKCQWCQ,1642868166881,0,True,456
5.0,Good,I use this with a Canon 70D and have had zero speed problems.,B00IOGJ1ZC,B00IP6BE1A,AGZVSH2VF6HYBEZH7I35CJAJGZOQ,1472955592000,0,True,61
5.0,Works great! NO MORE MAP UPDATES.,"Update: September 8, 2011:  Navigon was taken over by Garmin.  There are NO MORE USA MAP UPDATES for this unit.  If you buy it you will NOT be able to update the USA maps.<br /><br />I'm terrible with directions so I bought this hoping it would help me and it did.  It found the satellites immediately and kept me moving along quickly.  It updates quickly and even if you choose a different route it recalculates a new route and maps it out instantly.  The touch screen is responsive and easy to use.  It's well made and doesn't feel cheap.  The windshield mount works easily and holds the unit in place.<br /><br />When you register the unit at the Navigon website, you'll find out that a software update is not necessary as of today.  FreshMaps is supposed to be available this month (July) and you can sign up for E-mail notification as to when they'll be ready for download.  The unit comes with a 2 gig memory card and you can install a larger one when it's needed.  The operating system for the mapping program is Windows CE.  No problems with it yet.<br /><br />So far, I'm happy with this unit.  It does what I need without a load of unnecessary bells and whistles.<br /><br />August 3, 2008: As of today, FreshMaps update is now available for this unit.  Just go to the Navigon website, log into your account and download the Navigon downloader program.  Install the program on your computer and you're ready to go.  You can even backup your old maps with this downloader program which is recommended before you download the new maps and install them.<br /><br />October 1, 2008:  Navigon now gives you FREE lifetime traffic information.  You just can't go wrong.  I've been very happy with this unit.",B00166F8YU,B00166F8YU,AFMOCXNBUWAYR5FB5PP7NPLCCBDQ,1216854972000,26,True,1710
5.0,USB-C hub to monitors,"Got these for a home office, to connect a USB-C hub with HDMI outputs to two monitors with DVI inputs. Works as advertised. Cables seem to be well made, and the price is reasonable.",B07X4TYXWB,B07X1NTT1Q,AE5XWN5DHDT3ES3RMRXU23JMVP6Q,1599316976261,0,True,181
5.0,Much better than I expected,"I got this because it looked alright and was inexpensive enough but this is much better than I thought it would be! It feels really nice, seems very well built, and holds my stylus quite nicely.",B07D7NTCJF,B07KWZCLWH,AEIAKTPWHAIX2EX54J52KMXUTB3Q,1561940515159,0,True,194
5.0,Works Great!,"Our car does not have a bluetooth feature, and the phone has no audio cord hole.  When we are on the road we like to listen to some of our apps.  This little device plugs into the phone's charging outlet, then I can plug an audio cord into the device and into the car's speakers.  Also, I can plug my headphones into the device and listen to apps on my phone at night and not disturb anyone.  I am uncomfortabe with things inside my ears, so I use small headphones.",B093L6YK15,B093L6YK15,AFRRY33UKK3KLUJXWVA3OXLAJMEA,1662872006979,0,True,465
5.0,"NOT A BOSE SOUNDLINK  MINI II SPEAKER, But Still a Nice Speaker FOR THE PRICE.","I own a Bose SoundLink Mini II speaker and this Anker speaker is good, but not that good.  For a $50 to $60 speaker (still a little overpriced) this speaker can be loud and does a pretty good job with most music and Echo Dot.  I use this speaker in my bedroom with a Dot, a Bose SoundLink Mini II speaker in the livingroom with a Dot.  The Anker speaker works well with the Dot and hooks up through the Alexa App easily.  The sound is pretty decent for a speaker in this price range --again, I reiterate &#34;in this price range&#34;. Also, this is a very attractive unit and comes boxed and shipped carefully to the front door -- thank you, Amazon.  I have the first EARLY model (there's a newer model now) of the Large Amazon Basic Bluetooth Speaker.  This Anker speaker sounds almost identical to my older Amazon speaker, and they each cost the same -- around $60.00.  It would be difficult for me to determine which speaker is better, but I lean a little towards the older Amazon unit, but this is just a subjective opinion because the two speakers are very close in sound.  The older model Amazon speaker (don't know about the newer model of the same speaker) always turns itself off which made it unusable for the Dot.  The Anker speaker stays on all the time and, therefore, always ready for Alexa to use.  Even though this Anker speaker is not in the Bose ballpark, it's a good speaker for the money.  I would not pay more than $60.00 for this speaker.  It's original price of $100.00 is way too muchot.<br /><br />EDIT: Now that I have had more time with using this speaker I find that the overall sound is better coming from my Amazon large basic speaker.  If I had to choose between the Anker speaker and the Amazon speaker, I would choose the Amazon speaker.  However, the Anker speaker is very attractive, and the sound is okay, not great, but okay.  For the price, and no more than I use it, it does the job.",B01D9JG5RK,B01D9JG5RK,AFRRY33UKK3KLUJXWVA3OXLAJMEA,1482871970000,9,True,1922
3.0,Three Stars,Battery did not hold a charge as long as the original battery.,B00S97VRLM,B00S97VRLM,AHI4VVPUSGELBCF55TNO3VGK52DQ,1466280715000,0,True,62
2.0,Signal Weak.,"Compared to my little 20 dollar 2 antenna 1200Mbps WiFi Range Extender OURLINK AC1200 Signal Booster Repeater, Add Coverage up to 1500 sq.ft. in Your House, Extend 2.4GHz & 5GHz Wi-Fi, Its weak. I bought my this to replace the little one thinking this 4 antenna unit would be faster because it has a antenna for each channel in and out . My little one smoke this one's butt. So I returned it and still using this one with no problem after 9 months still kicking butt. I recommend this,,,,, Keep in mind this is my mount and extension cord.<br />https://www.amazon.com/1200Mbps-Extender-OURLINK-Repeater-Coverage/dp/B08HBJH4Y3/ref=sr_1_1?crid=Z7JKTVMIGDXQ&keywords=1200Mbps+WiFi+Range+Extender+OURLINK+AC1200+Signal+Booster+Repeater%2C+Add+Coverage+up+to+1500+sq.ft.+in+Your+House%2C+Extend+2.4GHz+%26+5GHz+Wi-Fi%2C+Easy+Setup&qid=1662162108&s=electronics&sprefix=1200mbps+wifi+range+extender+ourlink+ac1200+signal+booster+repeater%2C+add+coverage+up+to+1500+sq.ft.+in+your+house%2C+extend+2.4ghz+%26+5ghz+wi-fi%2C+easy+setup%2Celectronics%2C68&sr=1-1",B09P1FJ7F8,B09P1FJ7F8,AGTFXZD7DSDVMGNCIWAP3FTT3MYQ,1662162975032,1,True,1050
5.0,Nice..,Bought for bathroom. My daughter was alway unplugging things to plug in her phone. Not any more.,B082FJXVW6,B082FJXVW6,AGTFXZD7DSDVMGNCIWAP3FTT3MYQ,1614725069067,0,True,96
5.0,Excellent,Great product at a great price. Needed it for my Nikon D7000 and have no problems at all with it.,B00B7ID99I,B00CE8DUYY,AFQNHDM5U3PICULYQWZWXFP7XHQA,1392720615000,0,True,97
5.0,Best Heatsink and fan,"I bought this to replace my stock cpu fan on my Dell XP 8950. I had to buy separate screws to make it fit. After install, it runs great and temps are low, even during load.<br />I replated both front and back fans with Noctua 92 mm. It doesn't work with Dell Bios but still works and keep my system cool.",B00TBHYYFK,B00TBHYYFK,AEL4Q3C4D63BSAU3C5XAQOVW4P5A,1678753849355,0,True,304
5.0,Great tv,Just what I needed to play my ps5 games,B09R9KYGXH,B0B5LRMSQX,AHFTGTVTFLJNRLGJGHFY2HLK3ZIQ,1665946188645,0,True,39
5.0,"Buy this, not 'cablematters'","this actually works as a usb extension for my usb wifi adapter.  At first I thought it was the drivers, then I decided to get a new wifi adapter and new extension cable because I had some suspicions with this company called 'cable matters'.  Lo and behold my suspicions were correct, I got screwed with a cheap low quality usb extension cable from 'cable matters'.  With that extension cable, my wifi would disconnect every time I tried to download anything.  With this new amazonbasics cable, I can download all day to my hearts content without a single hiccup!!  The funny thing is that this amazonbasics cable is about half the price of 'cablematters'.  Go figure, cheaper is better here haha.",B014RWATK2,B00EZMZULI,AGL2UHL3HOYF2UOJH2X6C52JIUWQ,1497127619307,17,True,696
1.0,So cheap!,"The picture makes it look like it's pretty good material, and I should've noticed by the weight that it wasn't going to be anything quality. When I got it, though, it was unreal! Super cheap plastic. I sent it back immediately.",B001U61G10,B00D17R61K,AGWR4C2ASNEUKJPRHTPPFCWDXDYQ,1377202525000,0,True,227
5.0,Adorable,This set of stickers is so adorable. The variety was very nice and even a little surprising. Definitely a set worth getting to decorate with. I used them on the back of my tablet with no issues.,B0BVVRDR8Y,B0C3V6WD2X,AHQE4EXAB5DILUPHEVU3LPPPO6DQ,1678930401429,0,False,194
5.0,"Flexible, super long, fast charging",So many on Amazon to choose from it can be overwhelming but I picked well bc this charger cord is fantastic and you get a 3 pack!!,B0B1ZK4X4J,B0CB11DLHG,AHXYTDUC63SXJF73XAMDCPWMGEBA,1667520286156,0,True,130
4.0,Very useful!,I bought this product as a gift for my parent and they love it.,B006ZT4VA0,B006ZT4VA0,AFMJNN2GV2PFSS6WSJHTX6LHIWDQ,1621699838805,0,True,63
5.0,Very cute,Bought these to showcase my new Christmas outdoor lights for my family and friends.  They were a huge hit.  Added unforeseen benefit was that the lights on the Christmas tree are equally fun viewed thru these.  You can't miss with these.,B075TCQTNW,B075TCQTNW,AEBENKZYQPFNGQZ33AWROSEL4SRQ,1545403480688,0,True,237
5.0,Best Quality audio,"I like the noise cancelation over the other brands, super comfortable , and the price is kind of high but it's worth it",B098FKXT8L,B0BH6V8TTG,AGCDBCVW3C3HJKDFZGSZF5KZDKIA,1672275191455,0,False,119
5.0,Sturdy & functional...nice price point,"I needed to add charging stations to my bedroom & guest bedroom..and these were perfect, sturdy, quick charge and a nice length for a bedside or counter.  Thank you!",B095HN43CQ,B0BXH6RB3P,AEGXD2AS36FYP36EGC3XAXGLADGA,1638979299279,0,True,165
5.0,Perfect fit,Perfect fit for my Nüvi 3790 (Volvo version) and the tools made changing it a snap.,B01M5CVYW2,B01M5CVYW2,AHYMDOLAKGWTV2CFAMWSJKX4BVBA,1510667946353,0,True,83
4.0,Review,The swivel function is what I was looking for. However the troughs that the fire fits into should be deeper as it does slip out a lot.,B01CHSAQHE,B01CHSAQHE,AF4IPL7ZORXTLEGRWJNOIZAAGUPA,1570980887818,0,True,134
4.0,Great Hard Drive Bay for 3.5 inch Desktops,"The reason I only give this product a 4-star rating is the fit of the case to laptops. It says this drive bay can fit 2.5 inch laptops, but it's a bit wider than the space a laptop generally leaves to fit extra hard drives. For example, if your laptop comes with bootable M2 or NVME or PCLE chip SSD, then you can add an extra HDD or Sata SSD into the extra drive bay. Other than that, this drive bay should fit into a 3.5 inch desktop space easily. The drive bay is made of good material to feel pretty sturdy.<br /><br />The extra screws provided can help your extra HDD or SSD to screw up and stay sturdy in an original drive case if provided by your laptop.",B07BDP5HXS,B07BDP5HXS,AF4OCZTPFHXZKUTAGP6CAOCMWPAA,1624515063001,0,True,661
5.0,Five Stars,"Great storage for great hard drive, but it has not been used much yet.",B00KU686HI,B076B6HGNQ,AF4OCZTPFHXZKUTAGP6CAOCMWPAA,1449949919000,0,True,70
5.0,Love the long length and the sturdiness of the cord.,i Pack these as my traveling cords. No matter where the electric outlet is my cord will reach. And the purple color is easy to see and differentiate from my home cords.,B07P5JHFB3,B07P5JHFB3,AE7LOUWTKZHHTA3IGRRI7OIQEMAA,1556587722350,3,True,168
5.0,Worth the buy,Works well I used it to connect my Mac to an external monitor works well! Wish it was a bit longer though,B09J2BQ1TP,B0BX9T55B4,AGTCJMNGCTJYXTPKTAAPV3VMIXOA,1657379818435,0,True,105
5.0,Works very well,"Arrived on time ,easy install exact fit ,Lasts about three hours in my computer ,takes charge with no problems .<br />Will definitely buy again when needed .<br />  I have now been using this battery for a while and it is working as good as the day I purchased it . It does seem to take the charge quicker<br />than it first did and still lasts at least as long .",B01M9BZQXK,B01M9BZQXK,AEBWVWJ6K4SC6PVBIEA4IZ7GFDTQ,1510661398836,4,True,363
2.0,Spend more. Get more.,Not thrilled but what can I expect for 20 bucks?Adjusting the volume is not reliable and the charger cable is about 6 inches long so you might want to get a longer one.,B01GF5AGN4,B01GF5AGN4,AFLEQDACGGEGHLPXWIZOMAI7LQHQ,1599947869369,0,True,168
2.0,Not useful,Didn't help at all. Quality wasn't great and came with a funky smell! I got this as a gift for my cousin and when it had arrived I knew I couldn't give this to someone. Not pleased.,B01LFX858O,B01LFX858O,AF3I6JTHZLNQCZGGSIVQPNYPX4UQ,1551807023102,0,True,181
5.0,Nice,Good quality looks and protection,B087G1S3W9,B0BJF63RJ6,AE74WG6XMEGAYHGV64SVBUNHJL7A,1641908721103,0,True,33
3.0,"These are great, until they stop working.","I really like these, until they stop working. I bought a few of these because they are easy to use and work great transferring photos from my iPad, but each and everyone that I have bought, STOP WORKING. The ridiculous ipad connection stops sending data. These should be a lot cheaper, since they are temporary. Very disappointed!",B07JZXKS2Z,B07JZXKS2Z,AFUAVYEXQ2XDI4YEQYH46JZTQ37Q,1662744092455,1,True,330
5.0,"It stays on the frequency, unlike others which drift off.","I'd prefer that at least one of the controls be on the opposite side of the radio; as it is, tuning and volume and AM/FM selector switches/controllers are all on the same side. That's a minor flaw, however.",B081N3LS3N,B0BG29B1N2,AF4R65QYC6J3CT6L6G22KKONDWZA,1663094348486,0,True,206
5.0,Perfect,I live these earbuds. I have surround sound in such a tiny earbud. The quality is great. I love the different sizes of the rubber part that goes into the ear canal. I have very small ear canals and there is a small enough one to fit my ears. The price was great. I even like the different colors to choose from. I’m gonna buy a pair for my hubby for Xmas.,B082PP11TW,B082PP11TW,AHTRUFJVTG6AL5RR4VSYWPN2L5XA,1602211630050,0,True,355
5.0,Great computer. Fast enough for everything I do,Worth the money. Great computer. Fast enough for everything I do.,B014Q32CSY,B014Q32CSY,AGRPGRN2KFJAVVA4GC7JJLQU6OCQ,1455598972000,0,True,65
5.0,Works very well.,"I’ve finally painted mine grey so it resembles the Deathstar. Haha!  It’s been mounted on the floor lamp next to my recliner and has been VERY nice this summer.  Lowest setting is super quiet and doesn’t push a lot of air.  Highest setting blows strong but is kinda noisy. Middle setting really is the sweet spot. Quiet, but gives enough breeze to keep the air circulating around me.",B09XD62QBT,B09XD62QBT,AFKVE5HRFK3X27DPXME72PUR5NXQ,1659153287610,1,True,383
5.0,Really cool stuff.,"This is my first 360° dash cam, and I don't think I can go back to the old style.  You can see everything to the left, front, and right of your vehicle.  It'd definitely be an advantage if you were in an accident so you can see everything that was going on around you.<br /><br />Image is clear in all views, and it does a pretty good job at night. The software lets you export the original file to video usable on any computer.  You can even adjust the angles if you choose.  The software works well, but I had some issues running it in Windows 10.  You need to run it in compatibility mode for Windows 7.  Any major issues, I could fix by rebooting my computer.<br /><br />Initially, I did have issues with the microphone, but I contacted the seller and will be getting a replacement at no cost.<br /><br />Overall a really cool camera.",B088WLQJ66,B088WLQJ66,AFKVE5HRFK3X27DPXME72PUR5NXQ,1594839343857,1,True,838
5.0,Perfect!,Using for laptop and monitor stands.  Easy to assemble.  Perfect!,B07F3FTVQF,B07F3FTVQF,AHUIOLJLBLSNSVKXQ7MIYLHOFEMA,1635448506091,0,True,65
4.0,"Very nice camera, easy to set up","Very nice camera, easy to set up. I am taking away one star because currently the people you share the camera with are only able to see the current live feed, they are not able to see the previous activity video.<br /><br />Overall great value, works very well, the app could be a little bit more intuitive (in my opinion). Only records when there is movement. I would strongly recommend this product over any other products that charge a monthly fee. The audio quality is not great but not a huge deal at this price point.",B016F3M7OM,B016F3M7OM,AHWDAYJUFF4AB5ZFAONXTHT2FVYA,1463918827000,0,True,523
4.0,The product is good and works,The product is good and works.<br /><br />A few issues.<br />1. We got the unit with 2 motions and can't tell the difference on which on each is being intruded.<br /><br />2. The range is not specified and can't be directed properly.<br /><br />3. The sensor is too sensitive so it goes of even when the plants move in high winds.,B00JR2V0SS,B00JR2V0SS,AGZS6CZNAVQORQ6DVTQW3M3LQBDA,1425825777000,0,True,330
1.0,Don't buy this if you use a phone case,"This product is misrepresented as being able to work with a phone with a phone case. It does not. I first tried attaching one of the provided magnets to the outside of the case and that lasted for about a week before the strength of the mount magnet pulled that adhered magnet completely off. Then, I attached two of the magnets to my phone inside the case and that doesn't work well at all. My phone keeps falling off the holder.  I have tried reaching the manufacturer and have received absolutely no response to my email or chat request.",B01CE08FXM,B0C1LBWM4Q,AGJ7KT3WS4H5XTLPBMN4ACHSEONQ,1500985960148,1,True,540
5.0,Five Stars,I really love this speaker. It will get loud and sound quality is great for the price!,B016XTADG2,B0935ZDCYD,AEZRDTTMTVKCV7BMDR3L23XHL2MA,1515784796250,0,True,86
2.0,I don't how to use it,"I asked HELP.COM for the use of it, I will gave my final review when I understand it!",B07HHD7C7T,B07HHD7C7T,AHFDBTRWYFYVVTIL2AXDTDERIDWQ,1581568033768,0,True,85
5.0,Good product,"I gave it five stars for adhesion and thickness even though neither actually apply. It’s not thick, which it shouldn’t be. And it has no adhesion. It has a clamp. It works as intended and the holder for the headphones flip up if you need it out of the way.",B08CKW93DM,B08CKW93DM,AGT3TUUHRWCHFZUPW3632EIHT6OA,1613614163435,0,True,256
1.0,useless,"does not stick, fell down very fast",B07BQWLT68,B07BQWLT68,AE7L6TFFDGW4ABGV4TQ4ZBOABXTQ,1576980729480,0,True,35
5.0,Very nice! After several weeks I don't get any unwanted ...,Very nice!  After several weeks I don't get any unwanted calls anymore.,B00JG02ZEY,B079BZQ987,AGJPLYUVRNE7Q5X64WUSNRLNZ6DQ,1432756705000,2,True,71
5.0,:(,I got a dud.... All cds skipped terrible. Turning it up all the way to drown out sound was not loud enough. Sent it back.,B07XQZP3CG,B07XXDNSCM,AGGWTAWCEPT5RYCKT7RHXAJETCWA,1625323114810,0,True,121
5.0,Excellent earpads,I got these for my dt770's so that my ears wouldn't touch the speaker inside. They do their job well. They technically fit loose on the headphones because the stretchy pat can go way over the part on the dt's. But they still are centered and work well. Seeing that they weren't made specifically for my headphones I cant complain about that.<br /><br />Would buy these again for another pair of headphones if I ever needed to.,B07H4F5Z8H,B076SHF8LV,AEB2CTYV673BWLRXPKZVIYP3HMZA,1590769173530,1,True,426
5.0,Memory was what I expected,"The memory installed in the computer with no problems and has been performing as expected ever since, I would recommed this product",B001ISJ964,B001W6Q7T4,AETNCDK4GZVVEBOB2EZUF7YOXG3A,1359138620000,0,True,131
5.0,So pleased we bought another.,"This surge protector is modern and has many features that we like.  It does what it says it does and we've used almost every outlet with no problem in performance.  The USB port connection is a great feature that works well.  However, the USB cord isn't very long so you need to be reasonably close to the Power Strip to use the USB connector.  For example, the power strip can be placed on the floor below your desk and the USB is just long enough to reach the top of your desk with a little room extra room but not much.  Keeping this in mind I highly recommend this product.",B01L8P39T4,B09ZDNRHGY,AH7Z3P7WGSXIIHPUNEFNL3PLQFAA,1599235465297,0,True,577
4.0,Flip Video,"Love the ease of use, but not being a techie, having problems with downloading, sharing - the easiest and best way to do this, but the camera's great!",B000ONFQ2K,B000P3M2DK,AH6CHEB3YSMUHYXTM5OBGSSGH4MQ,1192440667000,0,True,150
1.0,Don't buy this,We should have returned this immediately. The metal prongs won't stay in a wall outlet. Yes we even replaced the outlet with a new one and the weight of this just pulls the plug out. The cord is so short it is a royal pain. We have to use an extension cord. This will end up in the garbage very soon. We will get one locally that is properly made.,B009SNJ0NS,B009SNJ0NS,AHHSACKAUBS57X6AELI6MGXPNFDA,1445439487000,3,True,347
5.0,Just what I needed,Just what I needed to keep my batteries charged.,B01HO680RM,B01HO680RM,AFSGKYGKKS6LM5SAMPJL32FTMTJQ,1524801745092,0,True,48
5.0,Very good USB adapter,Nice USB adapter.  Does the job well and has good range.,B00MRVJY1G,B00MRVJY1G,AGGD2AN4YQK6Y4HYEYPPTPPLOEGA,1482162273000,0,True,56
5.0,Super easy,Love the voice on it. Like it better than my Apple TV except you can’t mirror it.,B00ZV9RDKK,B075X8471B,AHEW2ZQW5F22ZMJRGE6ZTZOKSAYA,1538522752323,0,True,81
4.0,functional,"It certainly fits snuggly over the remote. I haven't found the glow all that good in the dark, but I must admit that it gets no daytime sunlight, only table lamp light. Of course I didn't think of this when I ordered, but given how snug it fits, it will probably be a bit of a chore removing it to replace batteries when needed & then putting it back on. I have no guess as to how many times the cover will withstand the on/off process, but I don't have to replace the batteries more than twice a year either, usually just once. It does prevent remote from collecting dust and other assorted crap from your hands around the keys.",B08CV9P2Y5,B0946RWKX4,AEWIPWHGT6D45UFWLTOQT5I2VO7A,1631871973267,0,True,629
4.0,Short longevity of product,"As with all of these covers made this way, the groves do not keep the iPad from slipping as they are too shallow.  It also does not close tightly enough to turn the iPad off even when you use the elastic band attached to it.  The band does keep it from flopping open though when traveling.  I figure I will be able to use it for 3-4 months before it will need to be replaced.  I have seen other cases out there that would work better but the weight of them make them difficult for me to handle.",B07H16G6B6,B07H16G6B6,AHKST6ITIILMFPW7R7AMXZTZ2S3A,1575049479740,0,True,494
3.0,It’s a bargain,I should have bought the pro one. If your going to invest get the better ones with all the bells and whistles.,B085JXG3SY,B085JXG3SY,AGUJXP2M4UGSGWOPODP5YAYSHEXA,1630124549101,0,True,110
5.0,Samsung s6 lite great fit.,Fit my Samsung perfectly. Great product.,B08BP5YCHK,B0BLGT4WX6,AFTMP4MFC76E5WY6SYXP6OY4NEAQ,1663993260048,0,True,40
5.0,These are great earbuds!,I like the way they look and the sound is great! They charge pretty quick and last awhile as well!<br />I do recommend these!,B0B5QX2SS3,B0BY3BXJG8,AFZTF4VX6VB7S2UZVKREOXVNQKYQ,1665155252072,0,False,125
5.0,Happy with this product,This case arrived in one day.  It arrived in perfect condition. It easily attached to my AirPod case and it looks great.  I feel that it will be very durable. I’m glad I bought it.,B08B15JT9P,B0BJCYP6H5,AE4U2BDLSMNHCWV3VXIAQASAOTUQ,1603338151069,0,True,180
5.0,"So far, very satisfied!!","I have a pair of middle of the road Sony earbuds. So far, these are just as good for half the price. We will see about longevity",B08JYZ38P7,B09SGB2WV4,AF4JBGDA5K66TFFBODI3EBNZE57Q,1641238584405,0,True,128
3.0,Not as good as original bought 3 years ago,Works; but compared with the same thing 3 years ago...<br />1.  Detection width is greatly reduced... very narrow sensor zone.<br />2.  It does not come with the AC power supply.<br />3.  The older working sensor would not link to the new unit after a dozen attempts.,B07Q2Y1BTQ,B08J4V3MB4,AEQ2RUK3KO7KNCMSUR7ZG6GPYEVQ,1631908361072,0,True,267
2.0,not comfortable at all for me,"sound quality is not bad, but...<br /><br />its not comfortable at all for me, YMMV...<br />not easy to put on<br />easy to fall off when exercising<br />the cord is super cheap and annoying too<br />its hideous and looks super cheap and ugly",B0006B486K,B00WSM6W8W,AGR5UIDHLYZ2FXD63AVFLRBM6PFQ,1552011195904,0,True,242
1.0,Will not work with 12 gage stranded unshielded speaker wire.,"I posted a question regarding these before I ordered them --you will find my question in the answered questions above.  There is NO WAY a 12 gage stranded conductor (after stripping the insulation) will fit into the tiny center post to be held in place by the screw.  Likewise, the insulated 12 gage wire is way too small to be held in place by the outer screw before sliding on the outer plug covering.  NOT USABLE AT ALL. The answer said ""yes""; it should have said ""no"".",B01LVUUSK0,B01LVUUSK0,AET3KXFEG4KGXT5ZXPA6UW4SDKDQ,1605658775709,3,True,472
4.0,Nice looking bracelet/band,This bracelet/band is very pretty. I did measure my wrist to make sure it would fit before ordering. I received the bracelet/band and thought it was very attractive. Tried it on and it was too big. Bracelet does allow some links to be removed for fit but after removing all of them it was still too large. Very disappointed as I was hoping to have a 'dressy' band for my Fitbit. Reluctantly returned it.,B07FKHLFZR,B07SPM41XQ,AFTIBXFNGASVPOP6TF3FA2J4KPOA,1594836543150,0,True,403
5.0,Good size and good quality,"I use this at the office as my computer mouse.  It's a larger size mouse, so it fits my hand really well.  Buttons are easy to use and there's two scrolling modes.  Great mouse!",B003TG75EG,B003TG75EG,AEDNFHXLSQJQPP422DLL46ZQIZIQ,1553344976399,0,True,177
5.0,Serious heavy duty cable!  It is thick and feels like great quality,"I do a lot of travel and renting of cars. The newer ones do car play and have the USB-C plug as well as the regular USB slot for a charging cable.<br /><br />USB-C seems so much better and much easier to connect into the vehicles port.  The regular ports usually are more damaged because folks just shove their USB cable, breaking the port.<br /><br />This is so much better, in my opinion.  It is heavy duty, thick gauge and has is just long enough to work in any vehicle i rent.  It is much longer than what comes with ones iPhone.<br /><br />it is supposed to be a LIFETIME warranty item.  You bet me, i'm going to really test this out!  My other cables don't last more than 9 months or so.<br /><br />Lets see how this works out!",B09YVGS4DF,B0BLDZZDRY,AEC2IHYC75DVW6PWGB4AQ734KVBQ,1665795589375,3,False,733
5.0,Good weight,"I wouldn't swear to it, but I think the 6ft length of HDMI cord is giving a slightly better picture than using the 10 ft cord. I use this to connect my Blu-ray DVD player also. They are good cords and the flexibility of the cord seems to cause less pull on the connection due to a lighter weight.",B004LTE5JI,B00WX8JTRC,AGDGXE72AKCYOB6GAXT25KHUXZOQ,1387028245000,0,True,296
5.0,Great gift,Husband wears it all the time.,B07TWFV51N,B08M8Y6473,AGZKEH6RNQKCO2W35SHW3KUWN47Q,1613608722464,0,False,30
5.0,Great 4x6 photo storage case,"This is a high-quality photo storage case for your 4x6 photos. I have a few other storage cases, and this is a good one if you need to store this many photos. The individual storage boxes have protection against photo corner damage, which most do not have. While the case material might be fireproof, all the plastic cases and photos will probably melt in the event of an actual fire. Every case is water resistant, so that is not much of a benefit.  The combo lock feature is pointless, and they should remove it. It is hard to use and easy to bypass. It works by putting a bar through the zipper pulls tab holes.",B0B3XHDQWS,B0BBND4T9S,AH4Z47YBJ7FV42RHZBLKLGHH35CA,1666448270302,2,False,614
5.0,Reliable and Well Priced,"I am OC about organization and religious about making regular backups of everything.  My main computer is an iMac but I also use a Macbook and a windows machine.<br /><br />I chose the 5T hard drive because I was constantly running out of space on 1T drives. I was surprised by how small and light it is.  I decided to partition it into three sections: movies, data, and other multimedia. I couldn't get this drive to partition as delivered (NTFS), so I reformatted it as mac extended. (I wanted to try out the faster and more secure APFS format, but I read that it was designed for solid-state drives and was not the best option for external hard drives.)  Then I was able to format a 2T NTFS partition for movies, 2T NTFS for multimedia, and 1T in mac extended for data.  I labeled each partition with Blue-(some name) so that I could remember that they were all on the same drive.  It took me about 9 hours to transfer data to all three partitions.<br /><br />More importantly, let me share with you my external hard drive storage solution.  I paid $13 for Amazon's 1InTheOffice 4-Tier Brochure Holder.  See the photo at how well it works to hold all of my drives.  The powered hub sits right the holder so it's easier for me to disconnect them.",B07X46C64N,B08NRGSMMZ,AGUPC2GIFISLROTSFD7MTGXT4HTQ,1624916551549,1,False,1248
3.0,A Bit Dissapointing,"I was hoping this would work better than the San Disk MP# players I bought for the twins because of the size and screen.  However, it's not easy to navigate, won't play all of the songs that are on the San Disk players and is a pain to connect to Bluetooth.  Once you get it set up, it does play music and the quality is good. I bought LETSCOM headphones to use instead of the ones that came with it which provides more comfortable and higher quality audo.  The player and headphones fit fine in the hard, blue AGPTEK case I also bought.",B07P42Z5CP,B0B6BCQTMN,AGUPC2GIFISLROTSFD7MTGXT4HTQ,1579017192247,1,True,537
5.0,Works Great for Us in High Activity Areas,"Our iPad is the user interface for our Sonos Jukebox system that we have set up down at the shop.  Because it is in a work and play (pool) area, we had to have something sturdy to protect it.<br /><br />This case is perfect and doesn't interfere in the least with the process of scanning through the music options.  The only time we take it out of the case is for charging the iPad.<br /><br />Not only do I not worry about the iPad getting wet, but I also don't have to worry about dirty hands, sawdust, and food getting on it.<br /><br />Adendum:  Someone took the iPad out of it's cover and then dropped it handing it off to someone else.  I'm convinced they wouldn't have dropped it if had still been in the cover and that the screen wouldn't have cracked even if they did drop it. New rule - must use cover.",B004TG67YY,B004TG67YY,AGUPC2GIFISLROTSFD7MTGXT4HTQ,1327250364000,6,True,812
5.0,10.1 keyboard,Worked perfectly...great quality!...:),B01L6ZTWSI,B01L6ZTWSI,AE65SFQUFXGDOLHFC5SVBZNUJMHA,1483848033000,0,True,38
5.0,no  problems seen,so far I have not had any problems with using this  in my tablet.,B00M55C0NS,B07P9V8GSH,AFL7W6SP7EEPVLUFISN23GMLQVSA,1447023429000,0,True,65
5.0,Solid!,"It is very protective of my Kindle. I like the little stand on the back, too.",B075RT9636,B0773YFM2N,AHZODV2VTEGDOIMDK554PU266GNQ,1525363297041,0,True,77
5.0,Certified Refurbished is the way to go,"I don't think I'll buy new Amazon products again. I've bought this Echo and a Dot from the Certified Refurbished store, and I'm very happy with both. They look good, they work as they are supposed to, and they cost a lot less. The only thing missing was the fancy new box (yawn).",B07DLT74H3,B07DLT74H3,AGQ5ME7BXJUTJDKBSQI3QLRLHCGQ,1594241730423,0,True,279
5.0,Five Stars,They are nice however I wish that the covers were a little more tighter over the lenses.,B01M6BWWLQ,B079CQSQV7,AHWZLEZ32TUVMHLGAT2RHWSWJ6SA,1496338032000,0,True,88
5.0,Very useful and so very compatible with other Apple products,Great little tablet. Lots of overlapping features with the iPhone so they compliment each other. I use the Apple pencil with it to. They also work well together. Overall I'm getting more use from it than I expected.,B07BTS2B1L,B07BTS2B1L,AE7BPDU7LSP3KXBSLLCTJG3LUPVQ,1545332052395,0,True,215
4.0,Good quality,I had to cut it down a little but it works well and looks nice,B01MSU99RN,B01MSU99RN,AGVHNUI7B4EOP7VMBCTQAINDRQRQ,1578149983773,0,True,62
4.0,"Good value, pretty sturdy",Surprisingly sturdy for an inexpensive Bluetooth headset.  Runs for about four hours on a charge and the warning that the battery is low happens about 90 seconds before it shuts down.  All in all it's comfortable and I use it in my wood shop to suppress some medium level machine sounds.,B01BF3NCVY,B01BF3NCVY,AH4CWDQVZO5D4JNF3ZXRGEIJFQDA,1493140393000,1,True,287
5.0,Best laptop headset,"Bought to deliver web-based training and Skype friends. Although its only been a few weeks, the headset has been reliable, delivers great sound -- both ways -- and is the perfect size for mobile laptop use. I really like the ""behind the head"" configuration and find it comfortable. I bought the product from Amazon and received a great deal including a manufacturer rebate. Very satisfied.",B003NREDHS,B003NREDHS,AHW7X7EHJZTT7A6CDUPLTCBY2VRA,1290262877000,9,True,389
3.0,"Works, but a little underpowered for today's devices",The standard USB ports seem to only have the minimum power behind them.  I wish I'd bought a better unit with higher amps per port.,B088NJ1HRB,B088NJ1HRB,AGXZZLAM6DUB2FKYUQBU3J4XFTYQ,1612936683099,1,True,131
5.0,Very sturdy and flexible,"Very handy for teaching piano lessons. I hooked it to a small rolling table and I'm finding it's my go-to gadget now. Very sturdy and well made, stays where you put it. I did find it best to take ipad out of case though, but it would probably be ok with a not too bulky case still on.",B083NNDHZH,B083NNDHZH,AEVAUHVS7J6CI3UMI6OV6Z5ZJO5Q,1601347833889,0,True,284
3.0,Jumping screen after a year of using minimally,"The support window has closed? Really?<br /><br />I've had this for a bit over a year and now the screen keeps jumping around. Tad annoying, just hoping it doesn't completely go out.",B073SQYXTW,B075KZTN4J,AEUPCHHT52BFAQXU63WLO2AFM2VA,1572539856162,0,True,182
5.0,Quality,It’s great my daughter love it!!!!,B08J5ZRFRG,B08J5ZRFRG,AEPP6Q3LW4JSIYNECZXV74XPYN3A,1609365778708,0,True,34
5.0,Great Item,I was really against putting my new TV on the wall and I wanted to keep my entertainment unit. The TV I purchased had those legs at each end that I hate but the price for the TV was great.  I'm so glad I found this item and at such a wonderful price.  They look like they came with the TV and they're metal. Very Happy!,B00FF0MJXG,B01N6DT9IG,AHQRCOLN5SJ6XKEZK67LNZGPEDCQ,1462222914000,0,True,319
5.0,Brilliant,"Fantastically easy to set up and use. Great range, improved my streaming of Amazon Prime movies substantially.",B00E98O7GC,B00E98O7GC,AG4IU7UOTNOJU2WO2AX6D5PRBEYA,1451360412000,0,True,110
2.0,Randomly turns off kindle while in use,"I love the look of the case, but frequently if I move the device slightly (even small movements like readjusting on my lap) it will cause my kindle to shut down while in use. At first I thought it was a bad kindle so exchanged the kindle itself. However, it did the same thing to the 2nd kindle.  So I started using the 2nd kindle without the case on, and the problem never occurred again. Resumed using the case, and my kindle started shutting off again.",B07899XBXM,B07899XBXM,AG4YMDJRAH6TJOZJVAJRSVWQUSZQ,1613864066080,0,True,455
4.0,Great for trips,"Very light and absolutely perfect for vacation. Do wish it had a back light, though.",B00ZV9PXP2,B01A08E70K,AFG5ZYIPW6N7S5WMPQJOIV6I3APA,1507727458457,0,True,84
5.0,Awesome!,"This looks so real, my Trekkie husband is going to be blown away. It was packaged as if it was crystal. I appreciate that. This is a Trekkie's dream, thank you so much.",B01ITB1OEC,B01ITB1OEC,AGO37MGSIIARZDVIHM5AFAABRDIQ,1492918225000,1,True,168
5.0,Made in China. Long cord is a big plus.,"First and foremost, one of the really great things about this search protector is the fact that it has such a long cord. Many surge protectors have quite short cords, but not this one. I also like the fact that it has four USB ports. With twelve AC outlets… It has plenty of space for multiple items. Though granted, you should not have all of them turned on at the same time. It has a maximum of 1250 W.<br /><br />This search protector is made in China and being sold by Chinese company on Amazon.",B09XDQ6624,B09TNBGX9L,AG375WAXLZ7PIOQKIQ6KQB4J3JVQ,1659738748871,1,False,499
5.0,Basic case with some nice features,"If you’re unfamiliar with “PU Leather”. . . Here’s a description. . . .<br /><br />Synthetic patent leather (also known as bycast leather, split leather or PU leather) is a split leather with a layer of polyurethane applied to the surface and then embossed.  The resulting product is cheaper than the top grain leather and has an artificially consistent texture that is easier to clean and maintain.<br /><br />This is a nice looking case.  It’s Made in China.  I like the magnetic closure.  It’s easy-on/off.  It has a loop to hold a stylus (stylus not included).<br /><br />For the price and features. . . overall. . . this is a nice case.",B075DBSX8N,B075DBSX8N,AG375WAXLZ7PIOQKIQ6KQB4J3JVQ,1511113633499,0,False,641
4.0,"For the price, it's a very nice unit","A lot of people ask “will this fit my car”.  . . .To find out, go to the Planet Audio website where you can enter your car, and it will tell you which of their units will work.<br /><br />I have the unit with wired rear camera.  Honestly, I think it’s worth the few extra bucks to go with the wireless rear camera, as it’s currently fewer than ten bucks more.<br /><br />This has a lot of “bells-and-whistles” for the money.  Lots of different input options, including Bluetooth.  I like the remote, which makes it easy for anyone in the vehicle to operate the stereo. . .. driver permitting.<br /><br />For the price, it’s hard to beat.  If you’re looking for something that’s not going to break-the-bank, then this is certainly an option to consider.",B01KVDQ1P8,B01KVDQ1P8,AG375WAXLZ7PIOQKIQ6KQB4J3JVQ,1484687137000,0,False,752
5.0,Go with a trusted brand. . .  Belkin,"Belkin is a trusted brand.  I know that there have been some “issues” with other “off-brand” USB-C cables, so I like to go with a company I have past experience with and can trust, such as Belkin.  This is a 3’ cable.  It’s slightly short for me, but I make it work.  This cable works with 4K, for the highest definition.  It feels nice and heavy.  The ends are quite sturdy.  Overall I think it’s a great cord.  Granted, it’s quite pricey, but so it goes with new items on the market.",B01CEFESRO,B07TJBHFNH,AG375WAXLZ7PIOQKIQ6KQB4J3JVQ,1468536496000,0,False,485
5.0,Great little bundle for international travel,"This is a great little bundle for international travel especially, and at an affordable price.  My GPS is a little larger than the case, but even though I don't use that, the rest works just fine.  Much better price than purchasing the ""name-brand"" through my GPS provider.",B003N2POVW,B003N2POVW,AG375WAXLZ7PIOQKIQ6KQB4J3JVQ,1326998478000,0,False,273
1.0,Cheaply made,Cheaply made! I would not waste my money on it. Does not look very appealing either. You are better off spending an additional $10 to $15 and buying good quality.,B00IHVMK48,B00IHVMK48,AFUJWLVMJIWP24VVUB3E7IACJTTQ,1529344878000,1,True,162
5.0,Powerful monocular with high quality zoom,I’ve been getting a lot of use out of this monocular checking out the various forest creatures that live around my home. I can see birds several hundred feet away as clear as if I was right in front of them. Stars look fantastic. It will be a great teaching tool when my son gets a little older. The quality on this is really nice. It’s heavy and thick and the lens caps fit perfectly. I had to do some searching to find out how to set it because there weren’t any instructions. That’s not a huge deal but it would’ve been nice if there had been some included. The tripod is a great addition. I can set it up by the window and don’t have to hold the monocular. This is a very nice product.,B08DNN75JR,B08DNN75JR,AEVEXKKEIOEM5OH3XGSVMUR3VGBQ,1602385986212,1,False,689
5.0,Awesome!!,The Goal Zero 22008 Venture 30 Power Pack is awesome. Per the instructions I got it charged up for five hours. Then I hooked it up to my Kindle. It charged the Kindle in a reasonable amount of time. I have not gone camping with this yet but I will. I ran down my phone battery recently at a dog show while using my phone as a personal hot spot for my Ipad and had 5% left at the end of the day.  This power pack would have been a lifesaver that day. I will be bringing it along with me now definitely. Great product with many uses. Love it.,B00TY2HXFU,B0BDMX3BGZ,AGF3GTGWVWB7QONIOHQMYOVQFAJA,1437103343000,0,False,540
4.0,"For the most part it’s good, but a few things could be easier - or better","While we wake up at different times, my wife and I are not fans of alarm clocks. We thought perhaps the sun rising kind would work. So far it is okay, but there are a few things that keep us from believing the Sunrise Alarm Clock, S6 White by LEMEGA, Wake-Up Light, Smart Alarm Clock deserves 5 stars. It is good, just not great. It is a large glow - this can work for or against you. We like the size for that - it’s not too big for us. But  the glow, while bright, is not disturbingly so. We are good with it. The reading of the number is only okay. We’d both prefer they’d be larger, brighter, and even “darker” in in tone. These feel a big too soft and therefore not a 5 star read. I’ll often have to look twice during the day - it’s not as bad at night. The one thing that’s frustrating is the hours - it reads in a 24 hour clock rather than the American traditional 12. We cannot figure out how to change it - we’ve read the instructions, looked at the product page, but we haven’t gotten it - yet. Maybe we will at some point. We prefer the 12 hours, but we’re dealing. Overall the instructions are not truly helpful and it is somewhat complicated to use as a result. It took a few tries to get it set right for the first time to use as an alarm clock. The sounds are alright, but we do not use them - we have a white noise machine we like - but at some point maybe we will. Overall it’s decent, and deserves the 4 star rating, but we cannot give it 5 stars as it is just that much off (complicated, the 24 hours) that it wouldn’t feel right. We’re glad we have it, but it should be easier.",B08XJVQPPJ,B08XJVQPPJ,AHSL6SPJ3F6JQU4TG2UFMHVVQCKA,1621387204654,1,False,1597
5.0,Lost and found! Perfect!,"I am so bad of losing my wallet all the time! But now with this device it's just perfect! The size of an actual debit card that fits in your wallet and battery life last up to 6 months or so. Easy to download the app and connect it to your phone! Gps tracker is also great! You can actually see the last location your wallet has been or where it is. The alarm sound is very loud and effective for it's size (which is another bonus, because you can hear it through a pile of clothes). Glad I bought this device. I still lose my wallet, but I'm glad I always have my phone on me to find it.",B07MYZWM3B,B07MZ166QD,AHYTQAAL6QSJDDKRVMVCZVMO3YJQ,1627680113793,0,True,588
5.0,Ah!  Now my piles of CDs/DVDs are packed away in the cases,"I had them dumped in a couple of those plastic/vinyl reusable grocery bags meaning it was not much fun looking for a movie to watch when I'm feeling ""offline"" and just ready to rewatch a movie I own.  I do have a good collection of horror movies - my favs!  Anyway, these three cases made it easy to get my music/videos organized an I'm a happy camper.  I may end up getting another set as I do like to buy those movies that I really, really like so I can watch them again.  These are perfect for getting them organized and neatly set up on a shelf beneath my TV.  What more could I ask for?",B0B6HD7J4H,B0B97FKSMN,AGBG3KK74IKWJNQVMQAGVBWJ7FAQ,1664252159071,0,False,591
4.0,Been using this with my mini-projector,"I had some issues with my flat screen tv - it is an older one, so not at all that surprising, but in the meantime, I didn't want to watch my shows on my laptop or even worse, my cell phone.  I have a small projector that I'd not used much, so I got it out along with the white silk ""screen"" I've used with it and set this stand up.  First, I had not realized how amazingly crisp my little projector has!  The screen I used is okay - it's not as opaque as  I would have liked, but it is a crisp, bright white screen.  It fit well on this stand  and I was able to move together two console tables together that are the same height so I had a place for the stand up off the floor.  That's one of the things I don't like about this stand - it expands from the top up, not from the bottom up!  What I mean is that the lower horizontal bar stays on bottom, near the legs.  Maybe that's to give it stability, but a third horizontal bar could have been added that moved up or down with the vertical poles.  The other thing that bothers me are the zip ties.  I would have preferred clips.  Large, plastic clips that can be reused over and over.  Zip ties, for most folks, would need to be cut off and that also assumes your screen material has grommets or some other type of reinforced hole.  If you are using a white bedsheet or some fancy fabric as a photo backdrop, the material may not have a way to secure it.  Clips would have been a good idea to include here.",B09NNLHDHT,B0BSN823MN,AGBG3KK74IKWJNQVMQAGVBWJ7FAQ,1653942429296,1,False,1457
4.0,I have another one similar to this,"I have a an older Creative Zen mp3 player that I love to use as it is very small, has a great many songs on it that I enjoy, but it is not bluetooth compatible.  The one similar to this one made my Creative Zen easier to use as I can plug it in and pair it with wireless ear buds.  The problem is, I have a speaker lightbulb that apparently is a sucker for an ""open bluetooth"" pairing which is how this one works as well.  Press the button on the adapter and it ""looks"" for available pairings meaning that my speaker lightbulb pairs with this adapter even though I don't want it to.  What I have found is that this one, like my other one, can pair with two items at the same time.  So if the stupid speaker bulb pairs with it, I hold the button until the second blue light flashes and usually that second prong will pair with the ear buds that I am trying to pair with it.  Just realize that is a short-coming of this type of adapter.  If you are on a plane trying to pair and having little success, try going in the bathroom with your adapter and the ear buds to ""contain"" the bluetooth and maybe that will help getting buds/adapter paired.",B082G38CRC,B082G38CRC,AGBG3KK74IKWJNQVMQAGVBWJ7FAQ,1585849382493,0,False,1141
5.0,"I had wondered about Chromebooks, now I know","I wasn't exactly sure what I was expecting since I've never had a laptop with a Chrome OS.  The thing that works for this laptop is that a student working in the cloud will love this - it opens fast, you can work with Office 365 or Google Docs - anything you can do online, this machine is up for the task.  It is not, however, a gaming computer at all unless it is a game you can play online.  The OS of this laptop does not require the RAM that Windows requires so it is an on/off fast laptop.  It is a large laptop which may be good or bad, depending on the person.  The keyboard isn't cramped at all, it has nice-sounding speakers and usb/earphone ports.  The best part is considering what laptops cost, getting this one is within reach of most students.  My daughter and I talked about the cost - I bought my HP laptop with Windows 10 a couple of years ago as a refurbished one at the local computer shop and it still cost me $600 - new, it still, today, is retailing for $1200!  For a tad over $200, you can grab this one and have pretty much everything you need.",B07RCSSNT1,B07RCSSNT1,AGBG3KK74IKWJNQVMQAGVBWJ7FAQ,1563844439359,1,False,1069
5.0,Sturdy stand for my Fire tablet.,"I don't have a printer as I know they're cheap, but the refill ink is expensive. So I use my tablet when looking up recipes and have it on the counter rather than have to print them off. The cover I have doubles as a stand, but when you swipe, it collapses or scoots across the counter. This little stand solved that issue. It's just plastic, but has a rubber pad on the bottom so it's slip resistant. Works great for my Fire tablet and doesn't block the downward facing speakers. Adjustments are solid clicks and stays put when swiping. Nice investment for 8"" tablets and larger smart phones. A++",B07CG71KQ1,B01LPJSV96,AEXLRZ34GTMM35NQRDZ4CDKKXLIA,1577573159844,1,True,597
5.0,I'll never run a fan and heat-sink again!!,Easy to install and runs very quiet compared to the OEM fan and heat-sink that came with my CPU. Dropped my temps by as much as 40F with all 8 cores running 100%,B00HKEI3EY,B07DW3S691,AEXLRZ34GTMM35NQRDZ4CDKKXLIA,1438113913000,0,True,161
5.0,Nice quality case and accessories,This is a nice accessory pack.  Everything seems to fit as it should. Love the case that it all comes it so nothing should get lost.  Everything in the kit is well made and should last for a long time.  No real complaints on this one.,B07FD3377Z,B08W3891Q2,AHX2B4DEER2QR3IU3CCNB3CWC6TA,1555148751931,0,False,234
4.0,Decent if you know what these are.,"These are bone conduction headphones that allow you to listen to music through the sides of your head (not your ears). We have ears for a reason though and since these don't send sound to your ear the sound quality will suffer a bit. They don't sound bad but like other bone conducting headphones, they will never sound as good as headphones or earbuds. Again, people have ears for a reason. The wonderful thing about these is I can still hear everything around me while listening to music. Imagine listening to background music in a store, that is exactly what bone conducting headphones are like. They are your own personal background music system. You can listen to music while still being able to easily hear everything around you.<br /><br />As for sound quality these fall way short of the average set of $20 earbuds but again, we have ears for a reason. Although a $200 pair of bone conducting headphones will sound a bit better, they still won't sound as good as standard headphones or earbuds. The audio quality is perfectly fine considering the technology and asking price but will not by any means amaze you. Again, Imagine background music at a store but with slightly better audio and right up against your head.<br /><br />These are comfortable though and weigh almost nothing and seem to have good battery life. Nothing crazy like 32 hours but more than enough for most people.<br /><br />The sound leaks a bit but this is pretty normal for bone conducting headphones at this price point. The controls are excellent and super easy which was nice to see.<br /><br />If you want to listen to music but still need to hear what's going on around you then these might be what you are looking for. If you don't need to hear the outside world and just want audio quality then bone conducting headphones in general are not for you.",B0BBDZF9CY,B0BNVQ9XW8,AFF6IT5MM7GHW5HLHWHVMWPFNUPA,1665625729364,1,False,1838
5.0,Gorgeous and Brownish,"Not as gold as the manufacturer's picture show, but still beautiful. I would say the writing is more of a light brown. Print and material are great and seem to be durable.",B093F9XNY8,B09VKKDKXS,AFCT3E7ZS4DZJ5657CQTWJCUQMVQ,1656642685758,0,True,171
3.0,Some issues,"I bought this as a gift for my husband, who is a sound sleeper. It's a pretty alarm clock and has varied settings and colors. It's definitely bright. But the instructions are terrible.  He's good at that stuff and it took him forever to figure it out, and he still doesn't know all the things it can do. So you'll need to be patient with setup.",B081CHLF46,B0C1N6CWVL,AGXDC74QRJOV7YUXGYSTJU3LVZVQ,1584992883850,0,True,344
4.0,Great Video Quality,"The camera quality is outstanding, and it supports 720 & 1080p. It has a wide field of vision, which basically captures footage from wall-to-wall. The spacial coverage this camera achieves, as well as the footage is very high quality. I haven’t mastered the 2-way audio feature yet, facial recognition and local storage, but it does have these capabilities. Basic set-up was fairly simple. I downloaded the app and set-up my account. You’re then given a QR code, which you place in front of the camera so it can read it, and then it does a basic set-up automatically. One confusing part of set-up was when the camera upgraded its firmware, and it acted like the camera was non-responsive until it finished upgrading (took about 5 minutes). After that, it worked perfectly. The unit itself is sturdy and much larger than other cameras we have of a similar design, but our other ones are more basic models. This Blue video camera is quite advanced and offers the best features of all of our cameras. I do think the unit itself is worth it, but it does seem a bit overpriced. I would definitely grab this if there’s ever a sale.",B084ZVGQ3C,B084ZVGQ3C,AEQLRFSCJIRIKSYQ2KQJCIBP4RHQ,1607521628440,1,False,1125
1.0,Smells like toxic chemicals,"This case is great...except for the insanely powerful toxic chemical smell that emanates from it.  I thought, ""let me air it out.""  Instead, a week later, it had made my bag smell the same cancerous way.<br /><br />I thought, ""bad batch, I'll return it and try again."" Instead, I got a product that gave me a headache after one whiff.<br /><br />Seriously. These things are hurting people.<br /><br />Someone has made a mistake in the manufacturing process and these cases are contaminated with a super toxic industrial chemical of some kind.  Beware.",B01DTYSVMM,B0739PKM78,AFA6EQNWEJULVVARED4FZN55DXNQ,1541122219335,8,True,551
1.0,Walk away...,"Nothing worked as well as another brand I had. Requested a refund, accepted refund, sent it back....no money refunded!",B08QXCPXFD,B08QXCPXFD,AEXZ2PDY4EY6DYVIGZKMWPNIA3FQ,1619918173400,3,True,118
5.0,Worth every penny,Great product; sturdy.  Holds TV and I like the ability to tilt the TV.  Included hdmi cable and level a plus.,B000WYVBR0,B000WYVBR0,AG7EJ7BKWS6GY6MK2DH5SDHKSQAA,1413392196000,0,True,110
2.0,Very disappointing....,Very disappointing! I had high expectations with this camera but I suppose that old adage 'you get what you pay for' is true. After trying several times to get it to work I just gave up and put it in my storage closet. It was a waste of money and I wish I had paid a little more and gotten a different one. Oh well....live and learn.,B0145OQTPG,B07GXDLJP9,AHFZEOQFPJUICUGPER7SRUTHWVOA,1497220554890,0,True,333
5.0,One of the best purchases I have gotten from Amazon...,I love my Fire Tablet. I have the larger one but this one is so handy to carry in your purse. I had some problem getting it to connect with my WI-FI but on the Amazon help page i got the information I needed and no problem now.. I also like the camera on this one.It also holds a charge for a long while which is nice.<br />I've noticed that with this smaller one i read more Kindle books on it because it is so convenient to go with me. I am planning on purchasing some more for gifts at Christmas so others can enjoy it as much as i do. Thank you Amazon for such a great little tablet.,B018Y23P7K,B010BWYDYA,AHFZEOQFPJUICUGPER7SRUTHWVOA,1475781180000,0,True,587
5.0,Works out of the box.,"One year later: superb protection and has stopped ransom ware attacks and what not.<br />It has the capability to stream UHD and is faster than before.<br />Edit after using it for 3 months: As long as your are connected to it, your device is secure. It does scan every traffic. Every byte. And hence your network slows down when you are streaming on many devices.<br /><br />*Edit on 6th day : after disabling the iPhone WiFi sync, and rebooting the Box, works perfectly. Return canceled.<br />*Edit on 4th day latest: Returning it for a refund. Does not work. Frequently drops connection and have to cold reboot every few mins. Not worth the effort and pain. Support from Bitdefender is next to none.<br />*Edit on 4th day: Had to pull out power for a cold restart after WiFi and LAN did not work. Seems this Bix has a defect or a problem. Don’t know which. Dramatic slowdowns and dramatic stoppages.<br />*Edit on 2nd day. It randomly slows down and completely pauses WiFi for some devices or pages. I have 8 devices connected and I suddenly find twitter not reachable. No phishing URL. *<br />Easy to setup. ESP the way it clones your current WiFi. That helps a lot. The funny thing is blocked access to my ISP router’s IP address. Without that access I can’t disable the ISP routers WiFi. Had to connect via Ethernet cable to do the needful.<br />Please disable ISPNrouyer WiFi BEFORE connecting this Box to router via Ethernet cable.",B076FML9B4,B076FML9B4,AHLNMKVMOMO7SMAI3TRC3RCMUAMQ,1538478744478,1,True,1439
5.0,Works out of the box immediately without Lag in Video,"I had bought the WD HD TV earlier and i deeply resented it.<br />Its HDMI port was not as per standard and i had to struggle with it a lot before returning it back to Vendor.<br />He gave me this Asus !OPlay.<br />Amazing: Worked right out of the box and there is no Lag in Video.<br />It can read from USB, SD Card and whatever modern media you throw at it and also has e-SATA.<br />It also connects to LAN via WiFi and has Ethernet capability.<br />There is no lag in video when i threw a 8GB HD video 1080i at it.<br />However, unlike WD HD TV, it doesn't have a Great GUI. The UI is functional, but not awesome. It gets the job done.<br />Its larger and more robust.",B002MCZJ3C,B002MCZJ3C,AHLNMKVMOMO7SMAI3TRC3RCMUAMQ,1285133994000,2,False,670
5.0,Bring it on,The proof is obvious. This is my second purchase.,B07YJJ2547,B07YJJ2547,AEYATKDHEGODKQRDJXBLKV43DH2Q,1580957648778,0,True,49
1.0,Failed Again,"Corrupted files twice including the Win 10 network controller, so I could not get back online. Replaced with the original WD HD, backup files and several days of rebuild.<br /><br />Actually failed twice again when using it for a backup computer. Finally got sfc /scannow to run without an error and shut it down until I need it.<br /><br />Update: I got a replacement from Kingston on the 3 year warranty. So, they processed that with no questions. New install worked fine. Upgrade to 3 star for Kingston support (5 star) and failed first drive (1 star).<br /><br />Update 2: The first Windows 10 update on the replaced drive left the SSD drive with errors again. Looks like this is not really compatible with older computers. Scan and Repair appeared to work, but not acceptable for this SSD.",B01N5IB20Q,B08CKZ36N7,AE6YGC76FRLVR2UZQFKEBPY7AHVA,1619318519195,2,True,794
3.0,"This one works and is fine, but I like the higher action keys","Would not buy a low profile keyboard again. This one works and is fine, but I like the higher action keys.",B001OAR26K,B001OAR26K,AE6YGC76FRLVR2UZQFKEBPY7AHVA,1408311798000,0,True,106
4.0,Works great so far,"Works great so far. Plugged it into the USB 3.0 jack. There is no perceivable lag in the dual monitor. Also, the resolution of the the second monitor is pretty good, though not as good as the main monitor. It's not exactly plug and play, however. I had to go online and download the drivers. Then, I had to uninstall some software before I could download the drivers. I even had to do this through the command prompt, which was a tad frustrating. At least the manufactuer of this graphics card explained how to do. Overall, not perfect, but still quite good. Recommended.",B00A2E1MQA,B00A2E1MQA,AEI3LJ6C2ZSPMD3ELOWKF56CRH7Q,1416379523000,0,True,571
2.0,ok,Ok but.much smaller than expected,B00N2C49QO,B00N2C49QO,AHEHEWD2TDD45PLAG3MOEM2CBEEA,1439580352000,0,True,33
5.0,Love the clock but it is a tad too bright,"Love the clock but it is a tad too bright. Very nice when you wake up in the middle of the night and look at the ceiling and see the time. Also love the part where it has the temp now, instead of fighting about the temp in the bedroom you can just say &#34;look&#34; and there it is visably displayed. And guess what? You win.",B003WGRUQQ,B07VHQW6F3,AEVVGQU2H44WWCTIU72UYO3H3YEQ,1438595151000,0,True,326
5.0,Nice Sort of Assorted Assortment!,"What do you do with all the extra wiring? I was looking for one specific size ties, but when I saw these in assorted sizes, in both black an white, offered with the name ""Cable Matters,"" and at a price that I thought I would've paid anyway, it was a no-brainer to get these.",B00L2LGMO4,B0BSRMK724,AHZIHNW6OOJ4YJJN4WVC46M36BIQ,1583470680680,1,True,274
5.0,Best Bang for the Buck!,"For the price, for the capacity, for the ability to pass info on to your colleagues, these are the best all-around, generically useful USB Flash Drives to buy. I have used these 2.0 drives for years. And now, I intend to keep this up with the 3.0 drives.",B007YX9O9O,B09SHLTSG7,AHZIHNW6OOJ4YJJN4WVC46M36BIQ,1574798714797,0,True,254
5.0,Five Stars,installed and has improved the speed of operation of my commputer.,B003PJI9II,B0B9SNBLNC,AGSL6L7JGN4PFQ6NC3FK2TK55SKA,1412093263000,0,True,66
5.0,It's good to get the hard to find items.,Items were just what I needed.,B00006IAAL,B0BMPWN9HP,AHM5IJ345NCZLVBU7O3CJPURF3ZQ,1515735937627,0,True,30
3.0,"I'm sure it's all good, but","I'm sure it's all good, but . . .<br />the picture shows at least two 4-pin molex connectors - there are none.<br />The picture shows 3-pin fan connectors - there are none.<br />I sure could have used those 4-pin Molex for my old drives that I want to switch on and off.<br />For $30., there should be more.",B00TZR3E70,B00TZR3E70,AFCWCSGZOV5ZW663QF2ZO7BTKCRA,1438210359000,4,True,307
5.0,LOW COST replacement without the high cost at retail.,Great product for my old phone,B00ITBNDT2,B00ITBNDT2,AGYZUYUZZQINQJ6RIJKGO37S3QXQ,1458762854000,0,True,30
5.0,No Problems,works as designed.  Product as described.,B0199FSMGK,B0199FSMGK,AFGXEO6K3UHIMBCL45RXBJ7RUL4A,1456605474000,0,True,41
2.0,Screw it to the wall...dissappointing.,"I really didn't want to screw it to the wall, but it looks as though I'll have to do just that. This mount fits my Roku well, but attaching it to the back of my TV seems to be impossible. None of the included attaching systems work. The little included &#34;brackets&#34; will not fit the vents on my TV. I have also tried some pretty rugged double sided tape, but the weight and pull with cables attached, plus the warmth of the TV softening the adhesive, make tape useless. I would consider a Roku stick, but there are four things missing from it: motion sensing remote, games, headphone jack in the remote, and a USB port to get content from a USB flash drive. Guess I'll be attaching it to the wall.",B00I8Y6V9E,B00I8Y6V9E,AGB2UGQILOKRXBWNDVITQXP4FHKQ,1424270756000,0,True,703
5.0,Nice little charger,"I got this as a travel charger for my Lenovo Yoga C940-14. Works great. The cord that comes with it is a little short for hotel use where you don't know where the plugs might be. Otherwise, great.",B07D64QLQ1,B07D64QLQ1,AGYAETZMCTS4AULTOH4B72ZZ2ECA,1609883308725,0,True,196
4.0,Good clamp with a couple of warnings.,"First thing... put some thread locker on the little cap nut or it won't be there for very long. I got this to hold a secondary mic on a tripod and for that I think it will work very well. The clamp holds really well and the lock down seems secure. BUT - the two halves of the clamp have different curvatures and they will push whatever you're clamping onto in two different directions (you can kind of see this in the listing pictures) so make sure you get whichever side fits best to seat well and away from the screw. The listing indicates that the jaws will handle 1.5&#34;. Yeah. maybe, but you'll have to be very careful. All-in-all I think it'll work well for what I need.",B072J52GBP,B072J52GBP,AGYAETZMCTS4AULTOH4B72ZZ2ECA,1506472927039,1,True,678
5.0,"This thing is fantasmagorical.  (yeah, that is a word)","We had to go to Garmin's website and download Garmin Express to first configure and update my Garmin.  That seems important as some others had problems if they did not do that.  I stuck the thumbnail size card into a Garmin, worked setting up hotels, airports, places we wanted to visit in Belgium, Holland, Germany, and France at my home here in America.<br /><br />When we got to Holland, just turned it on, changed location on where we were, and used it to drive all over the place as well as walking around different cities.  It seamlessly changes to kilometers.<br /><br />Some said theirs fell out of the unit.  I am not sure how as it inserts deep into unit and we had no problem.<br /><br />This purchase really enhanced our three-week visit to Europe.  We had no problems finding gas stations, restaurants, tourist attractions, avoiding traffic (it was perfect showing construction and traffic jams), or driving right to hotel in twisting and turning streets of old Europe.<br /><br />The only glitch was with the Garmin as I would recharge it at night and then when driving, it would drain the charge so it was almost dead when we got to Munich or some other city where we wanted to use it in walking mode.  I had purchased a battery unit that I just plugged into the Garmin when walking and that glitch went away.",B0055XNWJI,B0055XNWJI,AFP6GJLXY4QHS7MED3J5ECUA3FUQ,1400452448000,1,True,1324
4.0,"Worked ok at first, received replacement","EDIT: after my original review ( had been 2 stars, content below) I was contacted by the company for them to send a replacement. I don't want to fully change my review yet because the issue in the past was longevity and I just got it. But so far so good, the one I got this time seemed a bit updated from the one I received a few years ago. A bit larger, sturdier suction cup, and a charge port cover that was more substantial and easier to take in and out. I will use and update as applicable.<br />___________________<br />worked for a while. Worked for 2 years then pooped out. Which is longer than the one I had before it lasted. But, still, I don't want to get a new one every 2 years.",B00KHX9MCW,B09HCFHR8C,AGKTTSBVFVG7QHHWWTMIE24DWTAQ,1570637937772,0,True,690
5.0,Batteries worked in rebuilding a 14.4V DeWalt battery pack.,"Item shipped promptly and was as described.  Batteries were used to rebuild a DeWalt 14.4V battery pack.  Worked fine.  Next time I will purchase new metal tabs.  It was difficult using the old tabs which were sprung and were hard to solder.  Time will tell how well the batteries hold a charge, but charge was initially strong and powered a drill just fine.  Reviews were mixed, but the batteries worked fine for my application",B01FS2EI66,B09KS12HH9,AGLC4IMQ23NFVRVUXEMU5LKBG4XA,1541682152880,3,True,428
3.0,Gigastone 64GB SDXC memory card included in accessories will not work in this camera.,"The camera seems to work great.  But, do not waste money on this package deal.  Buy the camera, then purchase your accessories separately.  The Gigastone 64GB SDXC memory card did not work in the camera.  I got an error message &#34;INSERT SD CARD AGAIN&#34;.  There is little information in the owner's manual regarding the use of cards.  The manual mentioned that if you formatted the card in a PC, then you had to format it again in the camera.  But, I did not find any way to format it in the camera and the manual did not indicate how this is to be done.  The camera's memory filled up with only about 20 photos and that is certainly not adequate for any photo session.  All of the accessories are Gigastone and I hope that the filters, lenses, etc. will fit this camera.  If not, I wasted quite a bit of money on them.  I inserted a PNY Optima SDHC 4GB card and it worked just fine.  The owner's manual indicates that the camera should accept the 64GB  SDXC card, so I do not know if the card is defective or if the camera just does not accept any SDXC cards even though the manual says that it will.  So, now I have to purchase a card that will work for this camera. The battery charger and two batteries in the accessories are Gigastone also.  I am kinda leery of using the batteries since Panasonic states in their literature that batteries other than Panasonic might potentially explode.  The camera box itself comes with camera, a charger and a Panasonic professional battery, a wrist strap, a neck strap.  A memory card was not included in camera box.  I am disappointed with the accessories add-ons.  I do not know if the other products will work with this camera since I have not used anything other than the memory card. I would have thought that the accessories would be Panasonic compatible in a package deal.",B00MU3359S,B00MU3359S,AGLC4IMQ23NFVRVUXEMU5LKBG4XA,1426791589000,3,True,1826
5.0,Great TV Replacement,"Portable, very easy to set up, great picture, and excellent sound quality.<br /><br />Perfect that you can either connect it via HDMI, or simply plug in a USB.",B07SG98LXN,B07SG98LXN,AFCF2TID2PJKP6XOZP7ONTU6TZKQ,1585196405810,0,True,159
5.0,Excellent budget mount. Strong and sturdy.,Just make sure you drill center in your stud and this wall mount can handle it's max weight very well.,B00898482G,B00898482G,AE23AQBETJKYRHKGBYS5D6DQJ3BQ,1508403601694,0,True,102
5.0,Works great - good price,This is much less expensive on Amazon than other places that I found similar ones.  It works great and seems plenty sturdy.  Do be aware that it requires cage nuts if your server does not have square mounting clips.,B001YHUX2I,B09C729Z2G,AHH62AW6O6SMKM3GQASIK6WKUXZQ,1398918592000,0,True,215
5.0,DOES WHAT IT IS MEANT TO DO,I ordered this to use in my new camcorder. Very few electronics come with the  cards needed these days. It works great. pictures and video are great quality as you can see by my pictures. I was very thankful to find this on sale here.,B0143RT8OY,B07WMB4XS4,AHISU6WTZZJNNVYK5A5UITDIWCNQ,1498074300463,6,True,234
5.0,AMAZED!!!  Works Very Well.,Have not had a lot of luck with phones bought. But this one has turned out to be very good. A Nice Surprise---At Least For The Present Time...,B086YBZJ9D,B086YBZJ9D,AGPPEI2XUQD2HJFXR5AJU757AGHA,1618766204847,1,True,142
5.0,Very helpful (I hope),What can you say about a little additional coverage for peace of mind???,B01LZPA2MT,B01LZPA2MT,AGPPEI2XUQD2HJFXR5AJU757AGHA,1540045848317,0,True,72
5.0,Amazing Camera,"[[VIDEOID:3b0cd89b25134e713df45518e273d7a9]] This camera is a pretty amazing value for the features it has. PTZ, human & vehicle detection and even a real/lens zoom control. Worked 1st time I tested using bruiser, and then 1st time testing on Laview NVR (as plug-n-play). So far so good. My only wish is the would include their more expensive PTZ camera firmware, which has the auto-tracking-panning following human detection. Wow, then this camera would really rock!",B0B5KJP23R,B0C5CQKQ96,AH5QIVDX5LWRB7POXQVAH6EDUXZA,1669360306509,1,True,467
4.0,Hilitchi 515 Pcs 40 Pin 2.54mm Pitch Single Row...,"Great little kit for pin block connecttions for projects, for the price.",B014YTPFT8,B014YTPFT8,AGBJCZGIRLBGTGN3V2IPMH2N3DAQ,1468600961000,1,True,72
5.0,WOrks well,"The angled connector is the same as the original charger, but this is a USB cable.  It works well and is well made.",B00FSVHXQU,B01EOO1V5U,AE54IY2RTP35OEWGBDGDQ3GJAUHA,1565116494833,0,True,115
3.0,"10' Cord is Great, but I needed a Mini plug, not USB B",Headline sums it up.  I could not use it.,B002KL8J8W,B002KL8J8W,AE54IY2RTP35OEWGBDGDQ3GJAUHA,1560831293214,0,True,41
5.0,great!,organizes my earpiece and keeps it always handy and neat,B0773L7SDX,B08466L7BV,AFS5ZDGZQVXHJ2JKZRSCVGM7NIPA,1612087678714,0,True,56
1.0,Waste of money.,Don't waste your money! Just makes your bill higher at the end of the month!,B07FSQTBTQ,B07FSQTBTQ,AFYJJHCHF3ZPSTCJJ7EAUHVR544Q,1597182262570,1,True,76
3.0,Works. But not as good as advertised!,I bought this one and another small one spent a total of i believe $65.00 noticed on first electric bill a savings difference of about $204.00 down to $178.00. So about $26.00 dollar savings. If this continues then in another 1mth and a 1/4 i will have the units paid for and be saving $26.00 a mth. But mite reinvest and get a couple more! Just to see what happens!,B07S223WPM,B07S223WPM,AFYJJHCHF3ZPSTCJJ7EAUHVR544Q,1582511829275,0,True,366
5.0,Easy to setup,Held 3 speaker wires and 1 subwoofer cable with room for more. Looks great and much easier to clean the floor.,B01MR6QQLR,B09W927GSR,AGHWAQQ2LYWCHJG2TBEJ73GHP3XA,1517525267876,0,True,110
5.0,Does The Job Well!,"I upgraded from the WN3000RPv2. My router did most of the work (WPS). As per the instructions, I had to enter the extender twice. Once that was done, it was just a matter of seeing which devices could receive 5G, which could not, and signing them in, accordingly. Strong signals on both 2G and 5G, where I need it. Very pleased.",B083R3QFHM,B08YFXR1KC,AFC2K4SPF2OWR47NBLWYKQKYR6QQ,1594242494918,0,True,328
5.0,I love this keyboard,I love this keyboard. I like how the ipad stays up when I'm watching a video on it. My old case was a little iffy on keeping it standing. I also love to key on the keyboard. I'm not fast by any means but I am faster on this keyboard compared to the on screen one.,B06Y2B91HJ,B06Y2B91HJ,AFWALGXEPHUVXDTFN6OG2ZJNLOQA,1501118327004,2,True,263
5.0,"So far so good......better than the ""metalic"" types","They work well, price is reasonable. Hoping they last longer that the ones that resemble metal cables that break up near the part that plugs into the device. Too soon to tell.  It sure  is nice to have a longer cable though.",B01M3VR705,B08RHZXQQK,AFXQH7IG7WEKL4XPPAQ27YMP2A6A,1532880964752,0,True,224
5.0,Looks good on desk,Does the job. Might be too short for headphones with an external mic,B01GJQ7N94,B07T2451BH,AEY3B35JCSTLL3W45L56AGWRAOVA,1547584764770,0,True,68
1.0,Not even close,"[[VIDEOID:36081bd4ae539ad6b67bbfe1684d4f49]] This adapter doesn’t even come close to meeting its specifications. I needed a 15 Volt at 1.75 Amp supply. The open circuit voltage up to 1200mA is around the 15 volts specified, but once you start loading it more, the voltage and available current drop quickly. I set my B&K 8500 DC load for 12 Volts which is the minimum voltage my circuit could use. At first I could get almost 2 Amps, but the output slowly dropped in constant voltage mode, and was down to about 1.75 Amps after 10 minutes. After 15 minutes, while still in constant voltage mode, the power supply actually shuts completely down every 3 seconds (see the video clip). When loaded to the rated 2 Amp output, the available voltage drops to just over 9 Volts, and the output (while it’s on) is as filthy as can be. The hash starts when the load hits about 1 Amp.<br /><br />If you only need 1200 milliAmps and don’t mind 800 mV of 25kHz switching noise and a short cord, this is your supply.<br /><br />Unfortunately I took too long to evaluate this, so I’m stuck with this piece of 💩.",B00MUE6JXQ,B00MUE6JXQ,AGGZPOVGLNMJFWXZKDKT5NHNLBDA,1620627617560,4,True,1096
5.0,Great lightweight tripod.,"These tripods are a great deal.  They're not heavy duty, and they're not meant to be.  They're light-duty.  I use them for my remote flash units (speedlights).  They come with a case, and mine came with a lens cleaning cloth too.  They've got good adjustments too.  Just be gentle with the set screws, they don't need to be too tight in order to hold well.  These would be fine for any point-and-shoot camera or Pro flash units.  If you have DSLR camera, buy a more heavy-duty tripod.",B004ZGN6MY,B004ZGN6MY,AFIR2TAU7KXQN6WNTLKRHLFCQ3PQ,1385489271000,0,True,484
4.0,good wifi extender,"My house is a stucco ranch, the wifi does not cross exterior walls very well, I have two of these to get a good signal at each end and the initial pairing is a real pain, took several hours, not sure what finally worked, just had to do it over ad over again.  Not due to mixing brands of routers, as the first one had same issue with a netgear router.  But once paired, they work great.",B00L0YLRUW,B00L0YLRUW,AF5RNW2O3ZIJYUDLLC6WJ775WD7A,1547095293534,0,True,386
5.0,We love our Echo Show,Such a handy little addition to the kitchen or bedroom. The video calling is great and make great gifts for loved ones.,B07HZJ64WD,B07RCMTLHD,AGCCNEFIDP45BYOOMJEKSIFQH5GQ,1577901432107,0,True,119
5.0,Great Headphone,"This is an excellent headphone.<br /><br />So far I have no problems, it is light with a great sound. I have it connected to the TV surround  sound and now I can hear as loud as I want since I do not have as good as hearing as my wife.<br />Another great feature is that the headset recharges while it is on the stand.",B0001FTVEK,B0001FTVEK,AEK527NHESU4SCZDBR5DPF5IYWZA,1333806814000,0,True,318
4.0,Vacation Road Trip,All and all I am very happy with this product. We purchase this for our toddler kids for a road trip in our van. The power cord would barely reach from the closets power outlet so we purchased a car extension cord at radio shack. We actually had to stop at radio shack another time because my son damaged the wires connecting the two video player by pulling on them. Although he is only two he grabbed them with his toes and then gave a few good yanks with his hands.,B004IZN3C0,B004IZN3C0,AHYNFOAVWLOW5PLAF55U3IAQGBNA,1340452469000,0,True,467
5.0,Thin board to leave notes on,"A few years ago my husband and I had a regular boogie board. Back when it was an early version. We really liked it but we lost it when we moved. I always meant to get another one but the store we purchased it at had stopped carrying them. I was really excited to try this new version, the jot and see how it compared. It is extremely thin compared to the very early version.<br /><br />It's basically a mix between a tablet (in writing style) and an etch a sketch in that you can write and erase. You can write with your finger nail or use the stylus that is with it. The stylus is small but writes very smoothly. If you go slowly or waver, the writing gets a little shaky looking, so be smooth and confident in the strokes.<br /><br />The writer has two magnets on the back of it so it goes well on the fridge. So far it has worked exactly as it is supposed to. I have been using it to leave myself notes about things I need to do, grocery items to buy etc.<br /><br />*I RECEIVED THIS PRODUCT (IN ORDER TO TRY IT AND REVIEW) THIS DOES NOT GUARANTEE A GOOD REVIEW OR CHANGE MY OPINION ON THE PRODUCT, I AM HONEST AND UNBIASED, ALL OPINIONS ON IT ARE MY OWN AND BASED ON THE PRODUCT ITSELF. I HAVE TRIED THIS AND EVALUATED IT ACCORDINGLY",B010HWCEAO,B085HBM4Y5,AGRC3JDXRCSSQ6TOMEB66Y5ORIYA,1468118420000,0,False,1237
5.0,Really Nice,Got this for my daughter and she loved it. Very roomy and super durable. She can fit all her school gear and her 15inch Labtop in no problem. Very well made and super cute. A must for any NEZUKO-CHAN Fan,B0B5GZPVMM,B0B5GZ7249,AHT2EWAY4FJZWYPYNKSKHID2G3RQ,1677512204335,0,True,203
5.0,I am very pleased with my new headphones,I am very pleased with my new headphones. They have nice cushions on the ears that feel good and help to keep noise out. They fold up which is great so I can put them in my bag and I don't have to worry about them breaking. The sound quality is excellent. I have some more expensive brands and I prefer this pair to them. They are so comfortable and they don't make my ears hot!<br />They can be corded or not with an easy to use bluetooth setting. It hooks up easily and works great being able to interchange them between Bluetooth and cords is a great thing and saves money. This is a nice quality pair of headphones that I like using often. They look very sleek and stylish. They are exactly what I was looking for I am glad I got them.<br />I purchased this product for a reduced price to make an honest and unbiased review.,B013XBI3C4,B0178EC17K,AEVVEYZF4MQDPC2BY2HBBNGZRYHA,1450210738000,1,False,828
5.0,Good wired headphones,These are good wired headphones that are adjustable.  The cord plugs into one side and is long for ease of movement.  They are comfortable to wear and the sound quality is good.,B0BV7JJG66,B0BV87K4MD,AER6HKKF4QUQWMXZ55XOBOHQDFGQ,1677635049683,0,False,177
5.0,Beautiful fun lights!!!,I loove these lights!!!<br />They came super well and nice packaged.<br />Very easy to put together and hang.<br />They have warm light but it changes drastically any ambience.<br />They look and feel very sturdy.<br />Highly recommended! :),B07TLNT89Z,B07TR78DQ9,AG4TRGDHYIBT4CH63VJYM5IOAMTQ,1566871193496,0,False,241
5.0,"Up to 1,200 sq. ft of WiFi coverage","NETGEAR WiFi Router (R6330) - AC1600 Dual Band Wireless Speed (up to 1600 Mbps) | Up to 1200 sq ft Coverage & 20 Devices | 4 x 1G Ethernet and 1 x 2.0 USB Ports (R6330-1AZNAS)<br /><br />This router is a great way to upgrade without spending a ton of money. Supporting 20 devices is plenty for 1200sqft of coverage. What really sets it apart is that it's packed with features for security, monitoring and gaming. This has been a much needed improvement over our service providers included router.",B082N5N3R1,B09P4NGVWB,AGFW46RRKAK63GZ73CPNHBIOFVZA,1589133922064,0,False,496
5.0,Works great,This works really nicely and as intended. It was easy to set up and its nice to have the cords off the floor. It did come with a really strong smell so we aired it out for a few days and it got better.,B07XCYLFB4,B07XCYLFB4,AFHPTQMY64EIQHJ62AEQSGCEBVGQ,1585703937418,0,False,201
5.0,Work great.,These stickers are great. My daughter loves them. They have held up on her takeya bottle just fine even through me hand washing them.,B07ZKGTK71,B07ZKGTK71,AFHPTQMY64EIQHJ62AEQSGCEBVGQ,1579349490807,0,False,133
4.0,"So far so good, but time will tell.","Setup was much easier than I expected given online complaints. That being said, it seems like the sun sensor may not be as sensitive or precise as I had hoped. This far it has triggered only once despite similar lighting situations. Maybe will work better when the dreary days improve.<br /><br />Update: working okay. These things are really expensive for what they do. They also don’t work well with integrated scenes from the APP. Somfy could do some work to update these and make them more flexible and better integrated with the Somfy APP. Especially for this price.",B005EGOMRM,B005EGOMRM,AFCROA4PMZHIAYN6CGEVVIFEC2IA,1579390583323,1,True,571
1.0,Dont use this as your NAS platform.,"Very poor attached installation instruction.  Information is not complete; didnt say need to download RAIDer to initiate NAS .  Poor online documentation.  Bad write performance.  Cannot install PLEX, futher NAS connection is gone with help from technical support.  Hope my HD is not damaged at this point.  Android readyCLOUD app is shaky.",B015S0Y50M,B015S0Y50M,AFZFRLS25HP53BPUEFPJWDVFKE7A,1501523766572,5,True,340
5.0,Five Stars,"Finally got a good signal out to my guest house, highly recommend.  Do not buy a cheaper one.",B00F0DD0I6,B00F0DD0I6,AG5MUVONYLYJIBJIQEWMLJOUJESQ,1481140881000,0,True,93
4.0,So far so good,"This router so far has been great.  The reason for one star would possibly be the difficulty in settings up which I might not attribute entirely to the device.  I have a really garbage att modem/router which wants to act as a router, along with some server type components which require port forwarding.  I am also skeptical of any router until long term testing has been performed and I have only had it a couple months.  One of my devices really struggles to get decent speeds, but I don't think that is the fault of the router, instead I believe it is the crappy device which is trying to connect.",B07L56SN8M,B0C388V8NN,AE5N5PAV5ARTEU6KECDJ45RZAMYA,1596490062433,0,True,600
5.0,Five Stars,Very easy to use and I was able to program my radio with CHIRP in a few minutes.,B00HUB0ONK,B00HUB0ONK,AFETFHJVWG7GUY5UNBYFISPPVTOQ,1470232752000,0,True,80
1.0,Doesn't Work,And I just keep forgetting to send it back. So that is my fault.,B00L0YLRUW,B00L0YLRUW,AH4WZND2VBNMYQRDBY3VGQFAN2DQ,1552314458657,0,True,64
5.0,I love it. Fits more then I need but it's ...,I love it. Fits more then I need but it's nice to know I have room for more! ;-) Arrived earlier then expected!,B000J2EN4S,B0BB6Y5N3M,AFPNM3JYK4YW7RKKUVRYF6YPAHEQ,1441214360000,0,True,111
4.0,works like it's supposed to,My Back-UPS started to beep repeatedly when it's batteries got old. Very annoying. Ordered two of these and swapped out the old ones. Works great. Very happy with my purchase.,B00A82NMVO,B00A82NMVO,AGJHEVD7S4UIAH7AKMTQ4AK63D5A,1390095033000,0,True,175
5.0,I love it.,"I absolutely love this monitor.<br /><br />I was very put off by the price and negative reviews from other uses.<br /><br />I won the BLB lottery on this one.  I have a very tiny bit of BLB on the one corner.  Other than that, NONE.  IPS glow is not BLB, make sure you understand that.<br /><br />The color reproduction is on point and looks great.<br /><br />The 144hz is a dream.<br /><br />Gsync is amazing.<br /><br />I really love this monitor.<br /><br />The OSD is very easy to use.",B017EVR2VM,B017EVR2VM,AHUS6XWNWH35Y35ZT5MQKV7G6WDQ,1475667999000,2,True,489
3.0,Almost right - for adding a drive to the top position,"The cable that arrives in this kit is for a Mac Mini with its drive already mounted in the bottom tray.<br /><br />Everything is OK except for the supplied screws - if you use them, you won't be able to fit the tray in. The screws are flanged and cannot fit within the grommet, meaning the tray won't be able to slide all the way in.<br />This is fairly annoying since getting to this point means your Mac is completely in bits, and finding other screws might not be possible right away. Be warned!<br /><br />Lastly, it would be nice if the cable had dotted lines where it needs to be folded (or just came pre-folded). It is a bit of guesswork doing the folds without them.<br /><br />Edit:<br />If you put the studs on the side that sits against the case, you can squeeze the screws into place on the other side. This is opposite to what popular instructions on the internet say, but it did all close up. If this came with 4 studs instead of 2 screws, it would be 4 stars.",B00LZPDKJC,B00LZPDKJC,AFW22VONOCCK7BPYJZ5Z7BU4CYSQ,1415481055000,1,True,974
4.0,Was a gift,"I works, and they enjoyed it.<br /><br />Good shop, good seller, arrived on time exactly as expected.",B002UQ71HC,B081R3VJYG,AFVP5VMJGHMHNZRJ36AHLT7SEE7Q,1634053546975,0,True,101
5.0,Wonderful,This adaptor works wonders! It is great quality for the price and doesn't hinder the video quality whatsoever.  I would definity buy this again.,B00NH13K8S,B074DXQ5VL,AFFY76A63RLGMGV4B3NXLOQMJ3AA,1443026202000,0,True,144
5.0,The only mouse I'll ever use,Feels great in the hand. This is the only mouse I use and have bought several of these.,B002DPUUL4,B002DPUUL4,AHJVZOV6HP4TSJTL6HLHIWBXDN6A,1424382591000,0,True,87
5.0,Amazing. I love them!,"I just purchased these to use with my MacBook Pro.  Short story: they arrived, I unpacked, I connected them, and Tchaikovsky's 1812 Overture started to blow my mind away. Never before it had sounded so wonderful played from one of my computers.  The cannons... oh boy the cannons... the sound made my dog ran for cover.  And then, just for a little contrast, it was the turn of Sean Paul and his masterful ""Tomahawk Technique"".  The Klipsch ProMedia 2.1 THX performed just as great. Music from two different planets and the speakers soared.  I am pretty happy with my purchase.",B000062VUO,B000065UQA,AGJ3PQUIYNF5CT4YPXTTX43EOLGQ,1343094184000,0,True,577
2.0,Bad wrist support,I lost a bet and had to use this thing for two weeks. The trackball location is a nightmare. The problem is the included wrist support doesn't give your wrist enough height. The product might be comfortable if you use your own wrist support instead.,B002OOWB3O,B09KKBLNVD,AGAYW7QDY7VXZATUQW456E4BS4KQ,1484419732000,0,True,249
5.0,Great mouse at an even better price.,Great little mouse. For the price you can really beat the convenience and reliability this mouse provides. I highly recommended it for casual use.,B001CBURRC,B001CBURRC,AFSUZSMPISRM4V2DEDDRTSKIOIDA,1406723309000,0,True,146
1.0,Nooooope,Unstable. That alone just NG. Nope nope nope,B07CJ5P9X7,B0BWW5JYBH,AGWWLUWZKY426IDXK44TEJTX2JJA,1569292274060,0,True,44
5.0,Great product and tech support,Outstanding tech support.  Immediate increase in range.  I am recommending this to family and friends.  Can't say enough about ease of set-up and ease of talking with tech support.  They don't rush you and answer all questions.,B0087NZ31S,B0087NZ31S,AF6HSHBMEET7LKJA3ODPHUA36QQA,1446659342000,0,True,227
5.0,Compact and powerful,"I use this to charge my laptop, phone, and any number of other doodads.  Using a C to C cable, it delivers as much power as my devices can consume.  The USB A ports are a bit more modest, but they can still charge wireless headphones or trickle charge my camera batteries.  The unit is compact and easily fits in any number of pockets in my backpack.  That compact size and versatility make this a welcome companion to my travel go bag.<br /><br />Recommended",B07M97XGNZ,B07M97XGNZ,AECTQQX663PTF5UQ2RA5TUL3BXVQ,1582923241119,0,False,459
5.0,A simple yet rather useful adapter (no electronics--just a form factor change),"This is a relatively basic yet rather useful gizmo.  Basically it allows you to use SATA M.2 cards in a 3.5&#34; internal bay (like you use for a HD).  There's no controller or really any logic--just an adapter.  As such, even StarTech skeptics should be able to buy this without fear (note that various products are bundled in this review section, and I'm referring to the StarTech.com 4x M.2 Mounting Adapter for 3.5-Inch Drive Bay).<br /><br />The box was rather hefty, and in side was a well made adapter and all needed cables.  Depending on your situation, you may not need all 4 slots (or have that many free SATA connections), and you can use them as needed.  I found this useful as I'm replacing older Samsung 850 EVO m.2 drives using SATA with newer (and zippier) NVMe drives from Intel and Toshiba.  Thus my &#34;older&#34; (yet still darn fast drives) can still be used for other purposes in here.  Depending on your case, you may want or need heatsinks on your drives (they can throttle when hot) and they can fit in this enclosure.<br /><br />Do note that this is not a SATA controller, nor will it convert PCIe based drives to SATA.  It's just a &#34;dumb&#34; adapter, but it's a rather useful one.",B00VNVMKCG,B00VNVMKCG,AECTQQX663PTF5UQ2RA5TUL3BXVQ,1473857987000,4,False,1213
5.0,Standing on the shoulder of giants,"I love my X-E2, but I was intrigued by the features offered by the X-T1 that built upon this already outstanding platform, thus I sold my D90 to add a X-T1 to my bag.  I couldn't be happier!<br /><br />While I like having a rangefinder format (of the X-E2), I'm partial to DSLRs, and here you get a robust, though somewhat compact SLR format.  Granted there's no mirror or optical viewfinder, but you really miss neither.  The autofocus feels a smidge faster than the X-E2 (with updated firmware), though that could be more of a false perception.  In either event, it's definitely good enough for most uses, even in a professional/semi pro setting.  Most uses excluding sports or fast action.  It's good, but not DSLR good.  The viewfinder is the best of both worlds.  While not literally offering both worlds (optical and electronic) of the X-pro, the large OLED is amazing.  While not perfect, it easily allows the innate advantages of an electronic viewfinder to eclipse the greatly reduced negatives (almost non-existent lag, great resolution, and contrasty images to allow for discerning examination of subjects).  The added ISO dial is a plus, though I'm still getting used to it.  What's hardest to quantify is the feel, build, and overall connection to the tool.  It's amazing.  The X-E2 gets most of this, but here it's so much more, albeit in subtle and additive ways.<br /><br />I'm somewhat indifferent on the tilt screen, as I find a swivel screen to be far more useful, but at times it helps.  Either way, it's a positive.  The rest (image quality, usability, wifi/app, etc... ) is outstanding.  Coming from the X-E2 I can take that as a given, but its all rather remarkable.  Some pros (especially those making a living doing landscapes) have concerns about the x-trans sensor and how it can lead to blotchy results (especially with 3rd party RAW software), but I find the sensor to be a positive in my work (largely portraits with some travel work as well).  YMMV.<br /><br />All in all, I love the camera.  It's got so much to offer, but it's a bit different than anything (save for another top mirrorless body).  Try it out before you buy, but be prepared to do so, as I think you'll fall in love.",B00HYAL88W,B00I15IE72,AECTQQX663PTF5UQ2RA5TUL3BXVQ,1406692347000,5,False,2215
4.0,A godsend in the field,"It's overprices, as it's really $1-2 in materials, but you can quickly have your D90 (or D80) ready to go.  I received the genuine article, which despite it's extreme cost (buying used help a lot) is worth it when you capture the right shot as opposed to reloading the tray (which takes far too long).<br /><br />So it meets a 5 star need, but it's really a 1-2 star value.  YMMV.",B000CDG4TQ,B000CDG4TQ,AECTQQX663PTF5UQ2RA5TUL3BXVQ,1399600668000,0,True,380
5.0,Great solution for Boxee Box Owners,"My Boxee Box has been retired to bedroom duty, but I prefer to keep the remotes to a minimum, and the Boxee Box lacks an IR input.  Owing to its PC roots, the Boxee Box is pre -rogrammed to work with many IR receivers, especially the readily available ones designed for MS Media Center.  This is no exception, and it's easy to pair with my Harmony.  Very happy!",B0053HELF0,B0053HELF0,AECTQQX663PTF5UQ2RA5TUL3BXVQ,1388280469000,0,True,361
5.0,Great switch with splitter built in,"This sturdy device does a great job as a four way switch and a two way splitter, which helps with sound bars and other components that still rely on optical in and lack switching.  My sound setup fits this bill, and this device works nicely with my Harmony.  The multiple outputs is nice, as it allows my headphones to have an independent output of the sound bar.<br /><br />Note my ViewHD HDMI splitter uses similar remote control commands, which created chaos with my setup.  Ultimately I swapped the HDMI splitter out, and this device works great.",B00BB0GY1C,B07CJ7MBWL,AECTQQX663PTF5UQ2RA5TUL3BXVQ,1384801864000,0,True,550
4.0,Outlet bonanza,"Between numerous [[ASIN:B002QEBMCI Western Digital WD Elements 2 TB USB 2.0 Desktop External Hard Drive]]s and various USB adapters and whatnot, I had a mess of low power but bulky plugs/wall warts.  I've used  various squid like cables and [[ASIN:B003YFIRR6 Ziotek ZT1212518 Power Strip Liberator Plus with Pass Through, 5-Pack]], but this really was what I'm looking for.  I can't think of a better surge strip for hooking up loads of devices.  As for power protection, it's probably not the best, but the devices I'm using don't call for that.",B000JE9LD4,B0BB6RBYJ6,AECTQQX663PTF5UQ2RA5TUL3BXVQ,1350690012000,0,True,546
5.0,"A Bit Pricey, but Worth It","There are cheaper firewire cards for notebooks, but when you buy Adaptec you know what you get, and that's solid reliability with no nonsense.  My Thinkpad T42 lacked built in firewire (aka IEEE 1394 or iLink for the Sony set), and I needed a reliable card for capturing DV at work.  Given that I don't want to chance my ability to do my job with lesser cards, I went with this one and was not disappointed.  XP won't require any drivers, and it's plug and play.  Other cards should work the same, but your mileage may vary.  FYI, newer laptops may require an ExpressCard type device, this is a CardBus device.",B000GFYTTW,B000GFYTTW,AECTQQX663PTF5UQ2RA5TUL3BXVQ,1173366032000,5,True,610
1.0,Only received one cover,"Got ripped off, only received one cover when it explicitly says 2 pcs",B06VX9F7HY,B0BY2K1YDY,AFPDHS57WZFCDHZGPPU2NR3J3B5Q,1595718877767,0,True,69
5.0,"Well made, easy to apply",I hate having to deal with protective shields but I actually was able to put this one on cleanly and it does protect the viewfinder.,B00KLUEXR0,B00KLUEXR0,AGIWQMQ3ERY25U7UCQ2LUU56AHJA,1460324962000,0,True,132
1.0,Did not work for me,"Update: the vendor was very proactive and provided me with a new cable. Unfortunately it did not work either.<br /><br />My equipment: iphone 13 pro max and a Blue Yeti microphone. I connect the cable to a USB-A port in one of my chargers (I tried three different ones, just in case), then the lightning part of the cable into my iphone (which immediately shows it is charging), and finally I attach the mini-USB part of the cable into my Blue Yeti. Immediately my iphone shows a pop-up window that states ""Cannot use accessory. Yeti stereo microphone: this accessory requires too much power."" And that's it. I tried recording something in case the Yeti was actually working with my iphone, but no, it wasn't.<br /><br />This cable did not work at all for me.",B0BD27YXXY,B0BLRVNJJ9,AF74UUKGHYAZJ3VSVE6ZY3AS3E5Q,1673241927513,0,False,759
2.0,Unit sounds great. Unfortunately the network interface stopped working randomly and ...,Unit sounds great. Unfortunately the network interface stopped working randomly and all features associated are now useless to include internet radio and remote app. When I spend several hundred dollars for a piece of equipment I expect them to last well beyond the manufacturer's warranty. This did not and I am stuck with a half-functioning unit that will cost me roughly half its worth to fix.,B007R8U5R6,B007R8U5R6,AGEQDDZ4GLHSE7APYEKICWYA4W4A,1457807406000,0,False,396
3.0,Invisible Clock II Reminder,Product is easy to program and does what it the literature said it should.The only shortcoming is that the red button sticks on occasion causing the alarms not to sound.,B00070QHE6,B00070QHE6,AHGOK6IYPCAYG4NR4FTAZ4TS77ZQ,1284983254000,1,True,169
4.0,You'll probably need to buy a cable.,"Very nice monitor, but the only cables included were a Mini DisplayPort to DisplayPort connector, a USB 3.0 cable, and a power cable. My PC has dual DisplayPort and Dual DVI outputs, but no Mini DisplayPort outputs, so I ended up having to unexpectedly buy DisplayPort cables.<br /><br />Apart from that, the bezel is very nice and thin. When the monitor is off, it doesn't even look like it HAS a bezel! It's a good looking screen.",B00NZTKOQI,B07ZFKHTZB,AH6X4QGDIMQTZYAVUO3MZAYV7ADQ,1470620554000,2,True,432
5.0,Just what we wanted.,Great case. My grandson lives it. The handle/stand work great. Just what we needed to help prevent a broken screen. Highly recommend.,B00C1B8WN8,B00C1B8WN8,AFYL5WDFUQ3XGS3IU25QITFYETWQ,1485304659000,0,True,133
5.0,The light I never knew I needed,"[[VIDEOID:d7dac3ccd0679efd9d44be7e40681e42]] I'll admit it -- when this light was recommended to me I was skeptical. Did I need yet another light? How will it need to be attached to the monitor. I like it dark, will it be too bright? Will it really make a noticeable difference?<br /><br />I'm floored. This light is unobtrusive and minimally noticeable when off and provides enough light to not get in the way of the darkness that I enjoy while coding. I was also shocked by how easy it was to *hang* off the monitor. No tape, no glue, no screws -- just gravity. Amazing.<br /><br />I really really recommend this light! Seriously, you need one even if you think you don't. It's that good.<br /><br />My only complaint is that it was really difficult to get the actual light out of the packaging because the did not leave any cutouts to let you pry the lighter out with.",B08T1F82TT,B08T1F82TT,AGZ6TI6MCVMMSMNPPTFADQ65HAOQ,1617714446809,4,True,871
5.0,As advertised,Works well in Brother printer cube.,B004I2EE3K,B098ZZWTC5,AE2TDBYJ3DY46OLQRKDDPLKSVNOA,1640910280127,0,True,35
5.0,Inexpensive and as good as the Apple counterpart,"The product basically does what it is supposed to do.  I had no problems with it, and as far as I can tell, it is identical to the Apple unit (except that it only costs $10)",B006GH8VI4,B006GH8VI4,AFAWJQGMDF5ZVVEEUOSIMSA7BJIQ,1349891772000,0,True,173
5.0,Perfect fit,Perfect fit. Great price. Bought 3 for the next time l lose one.,B0045TYDNC,B0045TYDNC,AERG3R2E5PKPEMWE7IYLIJOV2G5A,1479319917000,0,True,64
5.0,"Works well, but understand why you would or wouldn't need a voltage converter","First, let me clear up some misperceptions that I see being posted here:<br /><br />Smart phones, tablets, laptops, and even battery chargers for digital cameras do not require a voltage converter. All you need is an adapter to plug into a foreign outlet (and it's becoming pretty common for hotels and airports to have universal outlets).<br /><br />There are few electronic devices that you are likely to travel with that require a voltage converter — and some like a hair drier should not be used with the BESTEK converter.<br /><br />What I use the converter for is my electric toothbrush which will not work with 220-240. There are universal charging bases, but I was having a hard time ordering one so I just went with this.<br /><br />I've used the BESTEK on multi-week trips all over the world to keep my toothbrush charged. Never had any problems.",B012ERZ7B8,B07KKMWWXB,AFCCY6D7QLYO3SVKCVFPYUXL6HPA,1492964827000,660,True,856
1.0,Makes bad discs,I just burned my first disc (DVD-R) with this unit.  The disc won't play on my Pioneer DVD player (that plays other DVD-Rs with no problems) or my PC.  The interface is cumbersome and the remote needs to be really close to the unit to work at all.  I'm taking it back tomorrow.,B000G18DRA,B000G18DRA,AFMHARRI46TGTN436RL425ALSCUQ,1175486389000,4,False,277
1.0,"great on paper, but does not deliver.","not ready for primetime.  bad image quality, 1000 lumens does not seem to be 1000 lumens (not very bright) and the UI is ridiculously sluggish.  love the idea of it and the specs seemed promising, but it doesn't translate into a good piece of hardware unfortunately.",B01M2728N0,B01M2728N0,AF54NZVKF6GGI4EKCPXJKPLCLTJA,1489387336000,9,True,266
5.0,great card with no additional power,best card with no additional power connection needed,B0126R3QPA,B0126R3QPA,AG6ZAE4AMQ6QA3IJ3E4YUMLFZPHA,1485379378000,0,True,52
5.0,Great for the money,Works great for a desktop computer & monitoring surveillance cameras. Especially for the money. Don't do any gaming.,B07KWB9L8L,B07KWB9L8L,AEUQAUZVXALGQX4CMJPGGSXIE6LA,1572605991380,0,True,116
3.0,Good Camera not Great,"As an owner of the 2 megapixel Sony DSC-S50 I was a little disappointed with the DSC-P10.  First of all it's missing the ability to shoot B&W photos.  Although you can edit your photos with basic photo software later, you no longer have the ability to view and shoot B&W photos.  Another feature greatly missed is the 2"" swivel LCD display.  This allowed you to hold your camera over your head, out over a ledge or lower than eye level without you having to get in those positions to take a picture.  Most disappointing, though is the slow response time.  Being new to the 5 megapixel realm, this may be common.  But taking one picture to the next, especially when using a flash, can take up to 7 seconds.  A cool new feature is Burst mode, which allows you to take 3 photos in a little over a second.  But again going from one set of three to the next takes a whopping 9 seconds.<br />Now for the good stuff.  Being an ""advanced"" point-and-shoot user, I like the ease of use along with the more advanced controls the DSC-P10 gives you in taking photos.  I'm learning how to use the histogram to get desired lighting effects.  The menus are fairly easy to learn and navigate and the compact size makes it easy to carry.  The Burst mode, mentioned earlier, is a cool feature.  And, as was with the case of the DSC-S50, I'm very satisfied with the sharp picture quality.  A great improvement in the Movie mode is the 640 x 480 resolution and no longer being limited to 15 seconds worth of video.  Now your only limitation is the size of your memory stick.<br />One recommendation if you decide on this camera, get a spare battery or the starter kit that includes the spare battery.  The battery life on this camera is about an hour and fifteen minutes.  Not long enough for an event or a day out on vacation.  Also get at least a 128 MB memory stick.  The 32 MB stick that comes with the camera only gives you 24 pictures in the 5 megapixel mode.  Again not enough for a day out.",B00008O35W,B00008O35W,AH4VJARDTA54LALJYR5STGVCEV3A,1071300611000,9,True,1977
1.0,Old earbuds only.,They don't fit the new apple earphones well.,B00IEFYNRO,B00IEFYNRO,AEV6IRLLYMYEJZDNY2X332QP5IWQ,1505246339736,0,True,44
4.0,Wouldn't charge at first.,"I don't know what the issue was, but the first few times I tried to charge it, it didn't charge AT ALL!<br /><br />It came with no charge at all, and I let it charge for 24 hours before trying it the first time. It was still empty. We went back and forth between the original battery and this one, until finally it took a charge.<br /><br />She uses it all the time now, without issue. I ALMOST asked for a refund.",B00865KUXI,B00865KUXI,AFZ45T266FQL4BHZPMQBZZJ7ZHEQ,1666938145927,0,True,414
5.0,Great Little Shelf,"I use this small shelf attached to the back of my iMac to support an external 1 TB flash drive. The unit is easy to install, and comes with adapters for a variety  iMac models.  The finish matches the Mac perfectly.  It can be used either in bare-metal form – with many small. perforations to allow air for devices like hard drives that need cooling - or with a supplied flexible, soft and clear plastic sheet that limits some air circulation, but which makes the shelf nonslip. As a third option, Twelve South also supplies for small poles, coated in a colour matched soft touch plastic that can be bolted through the perforations to prevent any device on the shelf from sliding, or if you choose can be arranged to hold narrow items in an upright position.",B00C1C1WU2,B0BTLKX2JK,AFGI5XVA5EBVOE2EOS42KHQSULXA,1506048908809,2,True,758
5.0,Go Wireless for Good,I wanted to get rid of wires and this allows me to do so. The same thumb drive that runs the mouse also runs my keyboard in a two-for-one I appreciate. Just one more example of wireless living I enjoy.,B00KK92BJO,B00KK92BJO,AGZ53W4KSLCVMCFNM6BDIAT5DT3A,1440559189000,0,True,201
5.0,Great,Great for price the noise cancelling is as good as any I'm sensitive,B07NM3RSRQ,B08PFW1S1V,AHW6X62ULRAARAL7Y4MTIWGAX3HQ,1627046893182,0,True,68
5.0,"Great cable, until it stopped working.","Update: Ignore my initial review. Turns out the problem was the wall charger, not the cable.<br /><br />Original review: One of them stopped working after only a few months. Disappointing.",B07MHKWH7V,B0BJJ6JLV8,AHKFHI36PZM7KIOARKDPHUWSKPGQ,1609978701089,0,True,188
1.0,PRODUCT HAS BEEN DISCONTINUED,"This worked great for years ... but today, streak city! It may just be too old but there's no expiration date on the bottle. When I called the company, I was told this product has been discontinued. I'm using a textured computer screen cleaner to get the streaks off, so far so good - hopefully I haven't destroyed my TV set!!",B00083J67C,B002RWKCUC,AH76JC7XN2DIZNXYWJ3CKM7253MQ,1442514010000,0,False,326
5.0,Great value and performance.,I thought it would be made in South Korea but it says made in China.,B07822SVMS,B08D72C25X,AHRWJMBKW7Z3IZOQX3HATPMGPLBQ,1547625509748,0,True,68
4.0,Great for small spaces!,Speaker quality at louder volume settings isn’t great at all. However very compact and just as useful as the larger models.,B015TJD0Y4,B01K8B8YA8,AENJ3NX7KNLMC6UJBNDQ2GE5RSIQ,1535689028948,0,True,123
1.0,Plagued With Issues,"I have had nothing but problems with this unit since I got it, and Pioneer support is completely useless.<br />I could go on and on about this issues with this unit, but I'll just mention some of the big ones:<br /><br />1) It constantly pops up with a message saying the brake cable is incorrectly installed.  I brought it back to the shop to have it ""fixed,"" and it still does it no matter what.  This ""safety"" message pops up over my back-up camera and navigation, requires manual interaction, and is extremely dangerous.  This could easily cause an accident.<br />2) Music navigation is atrocious.<br />3) Support takes days or weeks to respond to requests for assistance, answers questions you didn't ask, and doesn't help at all in the long run.  Useless.<br />4) USB drives are often not recognized, or say ""format read"" permanently, and never play.<br />5) SD cards suddenly stop working, and will play one song, then stop.  The unit needs to be restarted to play the next song.<br />6) Android Auto has been updated to work wirelessly with non-Google phones, but it still doesn't work with this unit.  It has to be plugged in, killing its primary feature.<br />7) Android Auto very often crashes when used with this unit, even sometimes causing the phone to restart.<br />8) Volume and track controls often stop responding, especially when used with Android Auto.<br />9) The unit won't display any album art that's not .jpg or is over a tiny 500x500 pixels.  What year is this?<br />10) Very difficult to find info on how things work, and specifics on the unit.  What exactly does ""loudness"" do (what changes does it make, to which frequencies, at which volumes)? What SD cards are actually compatible, and how should they be formatted? You need to scour forums and Youtube to try to get this info.  The manual is not useful at all.<br />11) Slow.  Navigation is slow, reading drives is slow... The whole unit and interface is slow.<br /><br />There is a lot more to it than this, but these are a few of the big ones.<br />This unit is an extremely expensive flagship product, but performs like a budget product from a generic brand.  Very disappointed, and no way to do anything about it, since I can't get support from Pioneer.<br /><br />Update 7/2019:<br />I never did get Pioneer to assist me with this unit, so now I'm stuck with what's basically a $650 brick.<br />In addition to all the other issues I have had with it, now the wired Android Auto has also stopped working.<br />Literally the only thing on this unit that functions is Bluetooth audio.  SD, USB, AA, etc... All broken, with no way for me to get it fixed.<br />Abhorrent customer service (or lack thereof).<br />Please, please spend your money anywhere else, lets you end up like me.<br />Now I have to figure out how to get a working head unit without throwing $650 in the trash.",B07D3CGJL4,B07D3CGJL4,AHUZYX7H6A74ERMZCCP7F5MMAC3Q,1562429601329,3,False,2862
5.0,"Works fine, doesn't weaken signal, looks nice.","It works, and it has not broken, and it makes the wall jack look neater.  Speed test did not show any change in throughput (cable modem).",B0107JMFZQ,B0107JMFZQ,AF42ETPRZPAD2IYJZJEJA7WEYU3Q,1483034633000,0,True,137
5.0,Can turn 45 degrees with nest cam included adapter,Worked well to turn nest cam 45 degrees for better vision on side wall mount,B07KMLPG3H,B07KMLPG3H,AEATDBK24HQ7VG46ZFSQLR2X7HZA,1563367228947,0,True,76
5.0,Does exactly what it's supposed to with ease!,"Used this for a Halloween costume for my daughter. Played sound effects that were held on the SD card. HUGE HIT, and very easy to work with. I highly recommend.",B00IJRUUCY,B00IJRUUCY,AF7HLQJD7R672QRTI7CEIGWSGMSA,1419881444000,0,True,160
5.0,Perfect for what I needed,Works great! I went from 30mbps to 130mbps in my office down the hall. I suggest plugging in and pairing the device in the same room as the hub before taking it to whichever part of your home you'll be using it in. Haven't had any issues with it yet. I do recommend the AV1000 for modern modems/routers.,B06WP2ZT5N,B06WP2ZT5N,AGPJLND55S4Y7MXV2UMP7SQNNBLQ,1566135963885,0,True,303
5.0,Great protector for iPad,"Easy to apply, no air bubbles! It does not seem to affect touch sensitivity for me at all. The screen looks better than it did without the protector!. Overall, very satisfied.",B00W5UA4W2,B0BPMNM5J3,AEXFCFNKFIXXWUI3AYANG2JLGY6A,1519400042008,0,True,175
4.0,One minor complaint,"The drive rails included are not even mentioned in the sparse instructions. They are plastic with plastic pins that are pushed into the screw holes in the drive to be used in this enclosure. They are so tight they are quite difficult to install. That part is still okay. However, if I ever decide to reuse the enclosure or re-purpose the drive, I can't imagine the pins won't just snap off in the holes making the rails useless to reuse and the drive unable to accept screws for another purpose. I imagine this is a cost savings but very short sighted.",B00EPA9FJS,B00EPA9FJS,AF4F2B37FDEMH73FM3FIUUONWS6Q,1396635050000,0,True,552
1.0,Sony Abandons Customers,"I purchased this device just weeks before Sony announced it was to be discontinued. They dropped the device and then the software. I now have a buggy device with buggy software that requires rebooting my PC frequently just to get the software working again. Sony says ""tough""! Never again will I buy anything from Sony! Fool me once, shame on you. Fool me twice, shame on me.",B000094ADM,B000094ADM,AF4F2B37FDEMH73FM3FIUUONWS6Q,1132429147000,3,False,375
5.0,solid monitor,"looks very sleek. I hate the look of black monitors, this is much more modern. I try to keep my house 'glam' as much as possible while still being functional, and this matched the silver accents in our office area very well.",B075HRQ4ZM,B075HRQ4ZM,AFSJ25BDYG5DWXWKMKS5VESTAHMA,1569331208966,0,True,224
5.0,Have HomePods? You need these,"I have two sets of these, one in each house. The WiFi I get is very robust over my entire property now, and finicky WiFi devices like the otherwise great Apple HomePods will Keep their connection, perfectly for me, where before, my original routers would force me to restart them often. I would also need to restart my router at least once a week. In my experience this has been rendered unnecessary since I got this mesh set. They are certainly good for the price. The app is very good, and you be can keep track of networks you set up independently, even if thousands of miles apart. The virus protection, device priority and other goodies are great added value.  Have WiFi issues? Life is short- get a set of these.",B06WVCB862,B0C26NRH8Z,AFHQOFIZXNJBSAILCRPMD3N6ZPZA,1599942460507,0,True,718
3.0,Works but not that comfortable,"They work well, just not comfortable for more than a few minutes.",B0875FJCR2,B08HT6JW5G,AGRCUXA2GWSHR3ZS2BRMOHMVKHGA,1623766637795,0,True,65
1.0,Randomly changes brightness,"TV randomly changes brightness, and neither Amazon support nor LG support was able to help me deactivate this ""feature"". Very disappointed. Further, after scheduling a repair, LG continues to BS me about when they are actually coming, it's been several weeks and countless hours wasted just trying to speak with support.",B0829RYP8V,B097383TF4,AGKFKOTY7ZNY2MCXJVRALOF3E36Q,1605024274393,2,True,320
4.0,Was Skeptical,I was skeptical about this product working or being worth the money. I have a Bose speaker dock which was every expensive when I originally bought it. With the recent demise of my iPod at the beach this summer (rouge wave!) I didn't want to download all my music on my new iPhone (the old one went with the tide as well) and take up space. This device streams bluetooth from my iPad and computer to the speaker dock beautifully. Well worth the money and met my hopeful expectations.,B00GHUHMUS,B00GHUHMUS,AHGZYIV3IX4C4JMM36DIH33RH43A,1547182487215,1,True,482
1.0,STAY AWAY FROM THIS ONE!!!,"Noise cancelling does not work. It actually amplifies everything in the background and is very annoying to anyone on the other end of the call. Tried several times in different environments. HORRIBLE PRODUCT. Returned immediately for a refund.<br /><br />Jabra has apparently went downhill since creating the BT8040 that I had and regrettably lost. Come to think of it, had to have the BT8040 replaced under warranty once through AT&T where I bought it after 1 month. Won't consider Jabra again.<br /><br />Thank you Amazon for your excellent return service!<br /><br />Bought the Motorola HX550 as a replacement and am very impressed with the noise cancelling and ease of use.",B001GD87QO,B001GD87QO,AH4M44JWKVDLODAT5RPL43BSBNSA,1319637478000,2,True,677
3.0,Okay but heavy,"I returned this after trying it for a day or two. As keyboards go, it was a little on the cheap side - tiny keys, tightly spaced, but I liked the idea of an all in one for my iPad. However it made my iPad just too heavy to tote around. Add in the tight, plastic keyboard and I just had to return it.",B0079EZRGC,B0079EZRGC,AEYCKPTPXEE6UF4DH3TFF4CB4IUA,1357854911000,2,True,299
4.0,Works poorly on a6400,"I've used these on the a6000 and a6300 without problems. Unfortunately, it comes up short on the new a6400. It fits and looks fine. However, it deadens the touch sensitivity too much. While using the viewfinder and trying to move the focus point by touch one must repeatedly jab the screen to wake up the focus spot and then with some lag and jumpiness drag it to where it is wanted. If I didn't intend to use the touch screen much, not a real problem. I removed it.",B00IJ3ZEWE,B00IJ3ZEWE,AGPYBRXPERBYG3V5C7MPWDQMHYAA,1553539523229,4,True,466
5.0,Great flat cable,Great flat cable.  Tapes easily to the baseboard in my son's dorm room with gaffers tape and no one can see it.  He'll probably forget to bring it home at the end of the school year.  No funny kinks that some people claim to have had.,B018BCJM52,B0BMQJYLQV,AGR5DYILALZ7VPYCM4DQ35SF2SBQ,1510086848499,0,True,234
3.0,only problem is it is too bulky to wear every day and the battery life is not that good. for this reason I switched to the garmi,watch does about everything. only problem is it is too bulky to wear every day and the battery life is not that good. for this reason I switched to the garmin 220 for running,B0025VKUPM,B002HJ3TA0,AHPRNFVCZKFTXG2HKSABQBHFPE5Q,1449763568000,0,True,174
5.0,Seems to be/work as advertised,"This is my second purchase of a JSAUX branded cable, though of a different type.  The quality seems good and they seem to operate as advertised.",B07ZD7DHW7,B08DSZ3SZX,AG6DIXWKEDXETZQ5ATRXLMIVVOWA,1673656748154,0,True,144
5.0,Great sound for the price point,"I'd been relying on TV sound for the last year and decided to try adding a modestly-priced speaker. A friend recommended Majority Bowfell and I gave it a try. It's a nice speaker with good bass, and it pairs easily with my Fire TV Cube. I wish I'd bought this speaker sooner! I purchased a second one for the TV in the kitchen for great TV sound while cooking.",B08BJB2K7L,B0BZ5C5QNB,AHXG4G7UGRBVXSND5PGNEFNTIPUQ,1639620378875,0,True,360
2.0,NOT APPLE CERTIFIED,Worked perfectly fine for a month then I started receiving error messages whenever I plugged in the cable. Oddly enough I was able to fix this problem by turning the lightening connecter over and plugging the connecter back into the phone. I guess with these crappy cables you just have to find the right side.,B00BCIR21E,B07GR78DKQ,AEAASF5BBGAX6OCUSQ653VSBIQFA,1390847092000,0,True,310
5.0,Holds up,Was a little larger than thought. Holds everything I need and durable.  Slightly heavier than thought but will to have that to protect the items inside.,B0029Q7A1K,B092JBV61J,AGAPBK7H2SJSFV4ID5GPRU233YNA,1547385253961,0,True,152
5.0,Like the new concept by LifeProof,Like the new concept by LifeProof. The only down side is the screen is to the outside and gets those annoying scratches that you can't get out. It also sticks out a lot and wiggles even when locked.,B00UIF2H1M,B00UWL4AU8,AGAPBK7H2SJSFV4ID5GPRU233YNA,1442069042000,0,True,198
5.0,Great Product!,"This is a great product from Sony, everything fits really well without the need for any extension adapters or other types of setups with the old 30-pin style products. It also has a bump out to keep the iPhone firm and positioned correctly without rocking back and forth potentially breaking something.",B00BQ4HRG4,B00BQ4HRG4,AETNVW26BC6Z4ZF33MUAY7RCP6ZQ,1380726376000,0,True,302
5.0,2020 Great Customer Service,"I bought this is 2017 because I had a senior dog that needed constant monitoring. It was plug and play and worked perfectly. No hassles. No wasted time. In 2020, Spectrum changed my router and my wansview could not . communicate to it as well as the previous router. I had to move the wansview closer to the router's location. This was Spectrum's fault not the camera. Like I said the camera works as designed.",B01JGBIFGO,B01JGBIFGO,AHFKETSVJTHGUBX56VVMAOJJBPFQ,1595962297847,0,True,410
1.0,Horrible,I used these on my iPod.  I also used these for running.  the sound is ok. Very little bass and kind trebly. They lasted about 6 months then stopped working all the while they kept deteriorating. The cord is very thin and very weak.  I stepped on it twice and the wiring became exposed.  The cord ultimately looked like an electrical taped mess.  The left channel stopped working after 6 months. I wouldn't recommend these to anyone who is going to use these for working out in any way.  I suppose they are fine for commuting or general use.,B00005N6KG,B00005N6KG,AEMGWMMM75FZFJT7ZBC7QAKBQSSA,1137809234000,5,False,541
5.0,Great Product,"Someone in our family uses it every day. Works great. Remote doesn't ""eat"" batteries like I thought it may.",B00ZV9RDKK,B075X8471B,AGN7YXPY3S2CTS64G6ZZ644XEXPA,1563667190407,0,True,107
1.0,Distortion??...,"Recieves a 480i60 signal with perfect audio, followed by insane distortion, making the image unviewable.",B00ATNIFPA,B00ATNIFPA,AGHTCOYSA4FI4SVPY5NAEHBLRCKA,1459817546000,1,True,104
5.0,Five Stars,Love this mouse.  It is easy to use and packs nicely.,B015HWLY3C,B015HWLY3C,AHQ3QTFBIYXFWKUMBQ66TR33MQ6Q,1470055041000,0,True,53
5.0,Perfect for mountain anything,Various holes for various options. Only bracket you will ever need.,B01DW1XOCY,B01DW1XOCY,AH6PSRJLBPSUTZMGDM5A5KVMFRFQ,1558703096621,0,True,67
5.0,A great little case at a great price.,"Fits snugly but doesn't squeeze the tablet. Very easy to snap in and out. There is a bit of a trick to using the stand feature; the magnets are not flush with the back of the case but rather in the edge of the joint/ hinge of the front cover. So the two edges, of the front, meet when using the stand. I personally would like more tilt to the stand, but for the price it's fine. Granted it doesn't offer much in the way of drop protection, corners and a bit of front edge, but if you are careful this is a perfect case.",B00LH4Y3J2,B00LH4Y3J2,AE7FNYI3CVRSKX6WNCMTM3LBRSVA,1463975229000,0,True,519
5.0,Great camera for the price!,We needed a two way camera for downstairs in our kids school room. It works great as we can keep an eye on them as well as talk to them if needed!,B08113XKJZ,B08113XKJZ,AEQQJGHLGRBHIBWSCG6VWYT5YDIQ,1577129822797,0,True,146
4.0,I so wanted this to work!,"I'm looking for a simple, light weight tray to shoot underwater videos and photos with my Olympus TG camera, and to attach video lights for night snorkeling.  This would work great if only using the camera without a housing.  But it is just a tad small to fit and operate a housing.",B09JP6ZMDT,B09JP6ZMDT,AEDAFGT5SOSZMMWT2CSZJ6462VPA,1679094566051,0,True,282
3.0,"Heart monitor mis-reads and gets ""stuck"" at single rate","After lots of investigation this device had more of the features I wanted, although much more bulky than I preferred.  However, it has some issues.  Mainly the heart-rate monitor is frequently inaccurate.  It gets &#34;stuck&#34; on a particular reading and won't budge even if I vary my intensity and know my heart-rate is up higher.  The other day I wore my chest band and compared treadmill reading to the watch - the watch didn't keep up with my heart-rate by a wide margin.  The chest band read as 140 on the treadmill monitor, and only 91 on the band - where it was basically &#34;stuck&#34; - so it isn't very helpful as the main device for monitoring heart.  I may contact Garmin to find out if this is normal for this device.<br /><br />Otherwise I like it.  I do wish it had an app for water aerobics and elliptical, and would use the swimming software to count laps and swim metrics that the Garmin Swim uses. (I have both devices and it is a pain to have to switch watches for different activities.)  Also wish it was a bit more petite.",B01BKUB6BA,B01BKUB6BA,AEDAFGT5SOSZMMWT2CSZJ6462VPA,1503322356683,1,True,1048
5.0,fun,I bought this case as a fun accessory and I really am enjoying it. It is so much easier to grip and I don't worry as much about dropping it.,B00CKXUET2,B00CKXUET2,AFJQGH4F3LQYX276PEPZKODW5KRA,1376428292000,63,True,140
1.0,Nikon COOLPIX AW110 16 MP Waterproof Digital Camera with Built-In Wi-Fi,"Camera fogs up pretty fast - then you have to dry it and then it fogs right back up<br /><br />Had the camera on the countertop inside, and when I looked at the camera, not only did the lens fogged up, the back display fogged up too.<br /><br />Also, I have lost the back display, blank/black.<br /><br />When I turn the camera on it will take pictures, but nothing to display.<br /><br />When I hit the record button, the camera shuts down most of the time.  Sometimes it will record the video.<br /><br />What a waste of a camera!<br /><br />For what pictures and videos I did take, they were good, but what good is the camera if it keeps fogging up on you.",B00B7N997O,B00B8KXJXG,AENRCDFWEC6UCXENBD7BPZ3TJL3A,1369380561000,16,False,659
1.0,Didn't work.,"I could not get it to work. My computer was almost as new as the Echo dot, but no matter how many online instructions, and even bought a short book from Amazon for it. It didn't work. It's in a box to go to Goodwill. No thanks, Alexa. Won't be spending anymore money on you.",B07FZ8S74R,B07H65KP63,AH7TBQCQQJZSVIRILCWIZS52CYZA,1649436877707,0,True,274
5.0,It does a great job.,I have not had any problems so far. My computer did not hesitate to accept it as a legit charger. Would recommend it.,B076WV8939,B076WV8939,AEXFUSIFYZHJYWBBH46J54BB2EWQ,1535599784118,4,True,117
5.0,Very durable,"These. Covers are very nice and do the job of protecting the devices.  They were hard to put on...kind of a tug of war, worth the effort.",B015F8TOZI,B015F8TOZI,AG5SKDSDY6EKUUBTPP6OX57SZXJQ,1454440050000,0,True,137
5.0,Great for multiple devices,Great picture quality easy to hook up and has an led to inform you which port is being used. Good product.,B06VX1PKQ7,B06VX1PKQ7,AGJLIFCMXBXRCS7Y2EFI56LBEC2Q,1543801041513,0,True,106
1.0,The battery is absolutely terrible. I got it because I wanted something portable,"The battery is absolutely terrible.  I got it because I wanted something portable, but the battery is always dead, so it has to remain plugged in.  I don't return it because it's impossible to wipe the personal information clean.  I had a kindle I took back to factory settings, but someone still got my information.  And would somebody please fix it so I don't have to log in the password to Amazon  every single solitary time???????  Doesn't matter what settings I have.  Contacted HELP over it, and still I have to not only put in the password, it then asks me to read a garbled mess of letters and type those in and then put in the password again.  And again.  And again.  And again.",B01BH83OOM,B01BH83OOM,AF2Q6E5H3D4VXAV7JQDTPCWHQZFA,1495816777000,5,True,687
5.0,Would give six stars if I could!,"I have chronic tendinitis, and a regular mouse aggravates it to no end.  Since I have been using this handheld trackball mouse, The tendinitis has eased.",B0057KL2AU,B0057KL2AU,AFBCH7XR6VRNPJJTRXTSI4A2MVUA,1441408527000,0,True,153
5.0,Fits over the tap perfectly,"Fits over the tap perfectly.  Haven't actually used it attached to anything, but it makes me feel better that if I need to, I can carry it easily.",B01B8MMPH4,B01B8MMPH4,AHCVXW34PSE7UFCJZ3YSYRUZUIJQ,1469977303000,0,True,146
5.0,Great Case for protecting iPad,I purchased this to protect my 2017 version iPad . Very Sturdy and easy to install onto iPad. Highly recommend it for anyone looking for a great case for their iPad.,B06XWT2PLY,B07V5DDC7R,AHCRHHRW6LDVDRSABE4DGU2PYY3Q,1601725806750,0,True,165
5.0,"Size is important, they will work as listed","My IPad pro and older I pad both needed screen protectors. These glass ones are excellent, with easy instructions. You want glass because the plastic films often get bubbles and dislodge. So far, day 1, these are excellent.",B071ZP3M7B,B0BPMJ6FKN,AGKOKFXB7RFCNHZZOIIUSO4CXQGQ,1674365730676,0,True,223
5.0,Five Stars,"This was a present and my friend loved it, it's perfect for his theater room",B01F3ENAOU,B01F3ENAOU,AGX3AXVEMFLXMDDSHHH54RMAB23Q,1511368813752,1,True,76
4.0,Android auto is my only issue,"It charges just fine, lengths are what I wanted and they have lasted a few months now with no problems. The only reason I gave it 4 starts instead of 5 is that when I plug it into my car it always charges, but doesn't always connect to my android auto on my deck. It's very intermittent. My last cord had no issues, so not sure why, but all 3 of the ones I've tried on here do the same thing. Thats not a huge deal for me because I can blue tooth it and get most of the what I use it for. If this is a big worry though, you may want to try another cord.",B073V2LY6B,B073V2LY6B,AGAN7JNORG6HFV75LQM4I7XSR7PQ,1610774434907,0,True,553
5.0,Get it,I recommend getting 1! I no longer hurt after a 10hr shift,B00GZIA2AE,B09R8G5PF4,AG7QFSFYFCAFY5WLYLGP4XSJJGAQ,1650997028813,0,True,58
5.0,Best headphones,I really needed Bluetooth headphones and these are amazing. I didn’t want apple since their designs look weird and needed the loop so it doesn’t fall.,B08JGMKZHF,B0C3R2WCKX,AEHSWSNAU25GRXP5WQGT2FS77YMA,1654866487204,0,True,150
1.0,AWFUL piece of equipment,"I have had this item for more than a year. In that time, I have become very friendly with tech support at my ISP. ""The internet's out again!""<br /><br />No our Linksys router has stopped working and needs to be reset again. Unplug, wait 30 seconds, plug it back in. Sometimes more than once a day.<br /><br />I did not try new firmware, because people report all sorts of problems flashing the unit. And then no improvement on lost connections. (If the firmware upgrade fails, you can transform an unstable router into a high-tech paperweight.)<br /><br />In fact, even patching Windows XP (tm) to fix this loss of router connections does not help. (Yes, Microsoft has a hotfix for this.)<br /><br />Extemely frustrating.<br /><br />DO NOT BUY THIS AT ANY PRICE. Your sanity is worth more than the savings.<br /><br />Do a web search on this model: you will see that thousands of people have the same problems with the BEFW11S4.<br /><br />I am trying the Netgear WRG 614 v.6. It cannot be worse than this Linksys router!",B00005ARK3,B00005ARK3,AGOXUPRNY6NYT2DTFNIZE3NOWL5A,1130788618000,4,False,1021
1.0,Impossible to separate,"I bought the package with 2 of the protectors and could not tear the tab off as instructed.  1 protector ripped beyond use, the other one I am using with a section at the right hand top missing.  I had to try to cut the protector in order to get any use out of the second one at all.  I would not recommend this to anyone unless they have been improved 100%.",B00CXADBRY,B00CXADBRY,AFXASR4D3ZQ5IUEYI46K3CT4NO5Q,1398622695000,0,True,358
5.0,after internal upgrades I messed up putting the old screws back in,"These along with the screwdriver provided made my Mac back end smooth...I used 4 out of the new ones along with a couple of old ones and my bottom is smooth. I upgraded my hard drive and totally screwed up, then got these with a RAM upgrade and using these screws helped me put everything together again...A 2009 MacBook Pro, 500GB SD hard drive and 8GB of ram upgrade...these screws were the icing on the cake! It's like a new Mac Book Pro computer for under $250. If only Apple would let someone with a awesome 2009 laptop upgrade to the latest OS....apparently after 10 years they claim they don't support the hardware even though its their's....kinda tired of that, it cost over $2000, it still works, hardware is upgraded, support my laptop snobs...I work in a windows world and I get they are a software based company but if apple wants to be a hardware/software company....support your product...it's happened twice to me, my G4 laptop was phased out, I got a mac book pro...now mine is phased out....where does it end? It works great, why the F should I pay another $2000?<br /><br />I love apple, been using their computers since apple IIe but I'm about done...",B07H1GFZB1,B07H1GFZB1,AFJ3LHVKZAWTJ4RQX4RSQV45K2MA,1548995288367,0,True,1170
5.0,Super convenient,This thing is so cool I love being able to turn on my lights with just my voice.,B01MZEEFNX,B07KTYJ769,AHSITUL3B6KOHNZRGZMD222TTCBA,1618420273486,0,True,80
5.0,I am 100% happy with my purchase,Very durable cover\stand for my Fire Tablet. I am 100% happy with my purchase.,B07Y91D1V6,B087DPB298,AEXXM3DGS3MHG26SGYPHYUA6WPJA,1621282600367,0,True,78
2.0,Has a small issue,"It has an small issue that it has a charging disconnection, and i will need to replug the cable. Overall, it’s fine and good value compared to the manufacturer one.",B0912L2HBW,B0912L2HBW,AFLEYZXFKZJS3ELG6KJ3M6HUAEAA,1668963201553,0,True,164
5.0,Awesome Product,The newer version is awesome and loving it... the deliveries are awesome at fast and pacing... amazing!,B0877DK2FL,B0929SSHPR,AFSYOIHUKJH27XE3IU57PJYQOS6Q,1616201325247,1,True,103
1.0,Charging cable issues,Right now it’s not easy to give a review cause the charging cord that came with it keeps saying not an authorized cable so I have to contact someone to get it cleared up,B00QHGT4BC,B00QHGT4BC,AFIVYBU5ZNUUC7XK4Q4HAHX2XVBA,1508527048337,1,True,169
5.0,Easy to install!,Husband installed with no problem!,B073XLYJGT,B0BPBDZNHP,AFFAFVJXS3DC7JYCPTDCMXBOW7KA,1629752929664,0,True,34
5.0,"Cable Zip Ties, 8 Inch Heavy Duty Releasable Cable Ties","Cable Zip Ties, 8 Inch Heavy Duty Releasable Cable Ties. Got them to add to my supply of cable ties xcpt adjustable type.",B07R2JKWXV,B07QW4RNFQ,AEHSOX3KWAWCFS5Y27H6ZLZFBC3Q,1619302929268,0,True,121
5.0,Great price,Priced very well and has everything I need for my the kids. Great screen quality and easy to set up and use. Another device added to my Amazon family!,B07FKR6KXF,B07N8VFFNS,AGYNM6NWSL6DUCPR3WUCJJ5PDJIQ,1596770836043,0,True,150
5.0,great for home made movies to take to family and as a back up in case of fire,second one. we use these for keeping home made movies as storage for a vault and to take for family visits. we can put tins of movies on these.,B017DH3O5A,B0148N1COC,AEQI3L2S3455ISUYQ2NUN2RJSCOA,1525227550685,0,True,143
5.0,Works great,Works great and I prefer it over the original. I never put my camera in the water so I just keep this one on my Hero 9 all the time.,B08TWBJ3TS,B08TWBJ3TS,AFH2CYICMTNWVOFPOGOHVJODGQBA,1625782951301,0,True,132
5.0,"New iPad 9.7"" (2017) / iPad Pro 9.7 / iPad Air..","Challenging to put on, due to not reading the directions.  So make sure you do.  Once on, the glass is awesome.  It will protect your I pad and you will be glad you bought it.  I have always used the glass tops for my cell and i pads.",B013JZCAZK,B013JZCAZK,AFGTYSMOWZIA5E4XSNCWK6MIWETA,1491194392000,0,True,234
1.0,Doesn’t work.,Won’t setup. True troubleshoot multiple times. Giving up. Waste of money.,B015SLMR1U,B082L3TZVK,AEV42NCPO2W5EGMUBWQEHNDQFRTQ,1641223907422,0,True,73
1.0,Who do I need to talk to about getting a new charger cord,I bought this as a gift for my daughter she opened it up she loved it but the charger cord is bent and I need a new charger cord,B076VCYNZR,B076VCYNZR,AFBJVCEV7ZXLVVHGESLG4ZG6NE2Q,1565473655325,0,False,128
1.0,"Might be us, but they never worked.","Tried everything we could think of.  Never got them working, so returned them.",B00I0MKIB6,B07NQR1MFB,AFNAAKBIOL6UWQIQTN4CZQG7MQ3A,1413022029000,0,True,78
4.0,Works with my Smart TV,"For the price, this is a great little speaker.  I originally bought it to use with the Amazon Dot, but had trouble with the Dot and had to return it.  I have connected this to my Smart TV and it works great.",B01GF5ACUG,B01GF5ACUG,AEEAOE5EGLP65TZKVNYCLN4VMJPQ,1490229334000,1,True,207
5.0,Works Well,"My wife decided this would be the perfect gift for our son at Christmas.  I'm sure he had a hand in the selection, though.  It works well, is Bluetooth and keeps him happy.  Win-win.",B016XTADG2,B0935ZDCYD,AHJ3S3V3XBCJZFF7EE4RALKBJPPQ,1482845497000,1,True,182
5.0,Great quality for the price.,I use my speakers every day and think they offer value for money.,B0791H74NT,B0B59QBY9G,AFDA7US2RKW23R5HL2DHIY6SDJ6A,1621737972872,0,True,65
2.0,Cute car not terribly sturdy,"The  kids love seeing the car mouse and it works as described for a short while, but it's fragile and spotty.  First the rolling wheel had my screen going in opposite directions, then a wheel broke off. Now sometimes it stops reading the USB connector. It wasn't expensive and a nice novelty but I'm a little bummed to see it crap out so soon.",B002WLHPNK,B002WLHPNK,AHJBYLTFK524DCQ5SYCESG7DGQXQ,1390948078000,1,True,343
5.0,Best router from Cisco yet!,"This router is amazing it has tons of features and a super easy setup. I will list some features below...<br />-Easy and quick setup.<br />-Has guest internet to keep you safe.<br />-Has a firewall that keeps your internet safe.<br />-Works with apps that are on ciscos website like my personal favorite is BLOCK THE BAD STUFF that keeps you safe from well, the bad stuff.<br />-Has fast internet that reaches all areas of my 2 story house.<br />Over all if you want quick internet thats safe and reaches really far then this is the router for you!",B007IL7AKM,B007IL7AKM,AGXDLJJZ2YETERU6VTWZHTQOXP2A,1341858100000,2,True,548
1.0,Not a good buy!,This doesn’t hold my toddlers pad. The Velcro is very hard to use.,B076SZ62X2,B09WXXX1QN,AGMV6HPGN5LW6ONYCUZSRVELMPGQ,1561330167465,0,True,66
2.0,They hurt me around my ears.,I really wanted to like these but they hurt me around my ear. The sound was good but also I have a small head and the way that wraps around is made for a larger head or a male person. Love the concept of that they did not stick in your ear. I think many people would like them they just were not for me,B07VYVJZ5B,B07VYVJZ5B,AG4AVDK3CFCODSX5Q4FR7RDM6YKA,1626550625727,0,True,302
5.0,Great powerstrip,"Everything is as advertised.<br /><br />The main cable is pretty stiff so make sure you have it stable as it may shift if placed in awkward position (the main strip itself isn't very heavy)<br /><br />Pay attention to the shape of the prong attachment, it's not your standard cube holding 3 prongs.",B01AHDJQ22,B01AHDJQ22,AGGJLUQ2RAKLR2AXL4S2JZDCJQUQ,1537316222119,0,False,298
5.0,Small but mighty,Works well for all calls and video chat meetings,B00C3XW5L4,B092FKXJGX,AFNZLXDPFJYA6CJYQDJGZRU7XH2Q,1641401374799,0,True,48
5.0,Great value,"In all fairness I just needed a cheap computer for my living room (for guests to select songs on youtube when I have/had gatherings and for people other than me to do work for me when they are here). Definitely no complaints. Its a great value, came in great working condition, and it works right out of the box. Super compact.",B0824T3625,B0824T3625,AGPGG4N5LFENBE5DRK6UZNWEZSPA,1600503295663,1,True,327
5.0,Great CD CDRW cleaner,"Outstanding cleaner for your CD or CDRW, MP3 player.  Takes you through many diagnostic tests.  Even has a Dolby test.  Well worth the money and you will be more than pleased with it.  I used it on both my PC CD and CDRW drives as well as my stereo CD player.  Fantastic product!!!",B0002ZHG14,B0002ZHG14,AECZZ7OBZRSONNFZOCWUILTWZXTA,1167922636000,8,True,281
1.0,Not for me.,I bought this policy at the time I bought a Sewing machine.  Received machine within approx a week - then within 2 weeks returned machine and cancelled this warranty.  Got my money back for machine but not a penny from a warranty that I will not be using.,B07P5FQGR8,B07P5FQGR8,AGDXHPQ2RSWIDDPV7L427UH32K6Q,1615648573241,2,True,255
5.0,Saved my equipment many times - others failed that couldn't be protected,"Saved my equipment many times. Other equipment failed that couldn't be protected due to location or nothing really to protect it (i.e. low level circuit boards on AC unit). Direct lightning strike that neighbors had damage, hit 3 transformers here, mine was all fine, except for circuit card that controls the garage door opener (not on UPS).",B06VY6FXMM,B0B9BK7PQN,AGTNS2JLYPMJJXXLDUGQEXGYR6ZA,1583778073786,1,True,342
5.0,Five Stars,Good value. Better quality than what came with iPad.,B00FA4Y7N2,B00FA4Y7N2,AHQ3HD3F45IPCMK6PR2ZCQII7ZAQ,1432490557000,0,True,52
1.0,Hard to see!,"I got these for at night but they do not ""glow"" at all. My kids do not even use them. They are really hard to see even during the day!",B08BHYX6ZW,B08CGN73DT,AH4L6APZD375POUGVMK4UYDK5OJQ,1612977119093,0,True,134
5.0,great,this helps keep batteries separate for when you travel or store in a car,B06XYH68MP,B06XYH68MP,AGJSLJL2ARUSQUNW6APH7S4WAO5A,1569961970225,0,True,72
5.0,it Worth,carry and use to easy and opinions different have to Nice,B07W4VQK4G,B082Z5L2LD,AGKJ5LCSE65QERK7XF3OULUBISJQ,1676869309040,0,True,57
3.0,Could be better,"I've not gone through two of these and DJI does not replace them as they do not have any sort of warranty.<br /><br />I think part of the problem is they don't like being used if your device has recently gotten wet as i've had this problem with other lightning chargers.<br /><br />So chalk that up to partially my fault, however can't have a faulty/flakey cable when flying a drone.  Bad things could happen.",B01LZDQJN6,B01LZDQJN6,AF2O72SCJ5VGDFIK557DZKWS4RUQ,1601651692665,0,True,409
5.0,Work pretty well and keeps down all the YELLING,"I like this set mainly because I had another intercom set and got tired of having to use it like a walkie-talkie where you'd have to push the button to talk.<br /><br />This set has full-duplex communications so you can speak with the other person without having to press a button when you want to speak, or worry about talking over them at the same time they're pushing to talk.<br /><br />It's not without its minor issues, though. It does have a bit of static on some channels, so it takes a while to find a channel where you can get a clear line depending on where you locate these and how close they are to other electronics which can affect the signal.<br /><br />Still, this keeps down the yelling and a lot of misunderstandings when I'm upstairs and my wife is downstairs.<br /><br />The size is fine for an intercom and it works well (as long as you can find a good open channel). So far, it hasn't had any issues with random noise like some of the other intercoms that would pick up random static from other signals from time to time (maybe when an airplane was flying over or someone else with a similar walkie-talkie in the neighborhood was using one). This one doesn't seem to even open a channel until you hit the call button, which is a big plus. It's not sitting in continuous communication mode except for the contact channel which still broadcasts when calling the other intercom, but the other intercom's speaker doesn't turn on until you hit the ""answer"" call button. Thus, there's almost no chance of getting that random static burst you get from the walkie-talkie kind of intercom.<br /><br />I like that you can many more of these to have one in every room if you wanted. Really, all we'll need is upstairs/downstairs, but I can see where it would be useful in large houses, or for communicating with kids inside their rooms on their headphones.<br /><br />Overall, this is a pretty nice set of intercoms for people who don't want to have to constantly keep screaming, ""WHAT?!"" back and forth if one person is in a distant room. The price is just okay at the current price of $80 for the 2-pack, but it gets better if you need more than just two.",B095WSBB4V,B095WSBB4V,AE24VPMWEEQD62YPOG53BW7JCGFA,1633643199078,0,False,2169
5.0,Died in under a year,It was great when it worked but if died for no apparent reason in under a year and Amazon said the return window was closed so I feel it was a bum deal.,B06XVZ6Y4T,B09YLKXNSN,AENLJONYAP2W27JVQUKSRPQBQLPA,1654219552758,0,True,152
2.0,Doesn't timer record on vcr,"If you just want to play vcr tapes or a dvd, it's ok, but recording is not good.  Choppy, jumpy.  I procrastinated returning it and the time expired.  Since I didn't return it, my square trade warranty couldn't help me.  I've had several people try...and it just doesn't work.",B001DZFYPW,B001DZFYPW,AGXCMSSLLQHPXRXCJHDBKA7WXD2Q,1387544375000,0,True,276
3.0,Won't connect,"Is there someone that can help me? I can't get mine to connect, I charged it and still nothing. I don't know if in doing something wrong",B074M96FKW,B0BCG125HG,AGAIOQ7SNSIHMHFD7A2QKHH74U4A,1658326709252,0,True,136
5.0,Great addition to my desk,This was very easy to assemble and works great as a monitor riser.,B0785F1Y4C,B09QCDBT7Z,AGRCJFCCWCKAQKU2AA3OMCEHCN4A,1603730261364,0,True,66
4.0,Great deal.,These work well. They have decent sound quality and noise cancellation. Not the best but for the price excellent. I dont worry about losing or tearing them up because they're so cheap.,B08DQTJFYR,B08DQTJFYR,AHC7T3SUZEU7UA3CKAFZ23ZASR2Q,1619618516527,0,True,184
5.0,Exactly what I needed works fine( so far),Needed power chord for Roku. This works fine as a replacement.,B07XG4K4RL,B07XG4K4RL,AFAWPMGORD5GGCAH22ZGY45ZABZA,1603050073161,1,True,62
4.0,As good as I expected,"Excellent reception at about 10 feet above roofline.  All local channels and except for one station, picture is fantastic.  Easily mounted on a pole attached to my chimney, it took about an hour and a half from start to finish.  Watched this years Super Bowl on it as reception was better than current supplier.  (If I could get ESPN on it, wouldn't need cable.)",B00317IIT4,B00317IIT4,AFOYW22J7WFG7YTW27XJTOGXDUZA,1328646589000,3,True,362
5.0,Bluetooth Wireless Speakers are great,"The goal is to reduce the number of wires on my desk.  Well, the T12 eliminates the wire from my computer to the speakers.  The Bluetooth speakers worked quite well.  Didn't have any trouble 'pairing' to my computer.  I was also able to pair with my smart phone & tablet, and listen over the Bluetooth's range.  The only issue was the 'pairing' lasts until you disconnect.  So, if you forgot, you'd be in for a surprise at 3 AM, when you'd get an email from your smart phone located in another room.",B00408GUNY,B00408GUNY,AFNJ6ZF52A7F2TRHCJXLZTFD4R7Q,1369748279000,1,True,499
5.0,Nice and Solid,"Great wall mount that is solid. I'm using it to mount a 65"" TV and have no concerns on the quality. Its a winner.",B00A7WDYYU,B00A7WDYYU,AF4IK6RHY5DZPIICOZ6B4IUVK3LA,1543619434556,0,True,113
5.0,Connectivity!,"Compact adapter to be able to charge a phone, access files and generally increase the connectivity of my new MacBook Pro!",B07CVX3516,B07PWCN4LC,AHLRROT4STTGSOKZHSLOBOBCDDMA,1593022811243,0,True,121
5.0,Awesome camera,"ZOOM video conferencing, intuitive connections with no set-up; great picture quality and sound",B0B7B7SYSY,B0B7B7SYSY,AHFQO62JLVOFP5A234SD7HVDCXMA,1676573804342,0,True,94
5.0,Works great as advertised!,Resurrected my Xbox one — highly recommend this product!,B07ZRCJGBK,B07ZRCJGBK,AH4PFVCBVTN5GYD5V3EJGRHA7GQQ,1580402772511,14,True,56
5.0,Very easy tp apply and great instructions were provided.,Armorsuit seems to be a great product and was fairly easy to install with the instruction sent.Highly recommended to all Kindle Fire owners.,B00FGI3E22,B00FGI3E22,AEKDWEWZQMQR7C4BSPAJSQ5JNGJQ,1403202684000,0,True,140
3.0,I loved the color and the quality of the product seemed ...,"I loved the color and the quality of the product seemed great, but I had a Surface Pro 2 and needed to upgrade after I accidentally dropped mine and shattered the screen. I upgraded to the 4 and bought this Type Cover and was SO disappointed! The connection with the Type Cover  and Surface Pro was horrible, and I am not sure if it was the Type Cover or a mix of the Type Cover and the Surface Pro that just was not up to Microsoft standards! I ended up returning both for a full refund because I was so disappointed.",B0163H43AQ,B0169O19GY,AFGC6WNTVPV3BBNQ2NLU5G2EKDEA,1494857186000,0,True,518
1.0,Bad sound quality,Horrible sound quality from out of the box. Must be a short in the wire. Were for my son and he didn’t tell me until too late to return.,B07G767ZWG,B07G767ZWG,AGZRO7EBKLNQXU5RM5NQZM5EZ2NA,1572801662026,1,True,136
5.0,"I'm now and LG Customer, spend the thirty and take away the hope it works fears.","It seems to be working to above standards right out of the box, instantly loads dvds, all the ones my dvd drive won't load this one doe's so I can keep upgrading my Vudu account.  It seems to play them just fine without loading any of the software that came with the unit, so I just tucked away the software so if needed I have it.  I haven't played a whole movie yet but it opens under fifteen seconds or way quicker and plays it then since I'm just uploading to Vudu I stop it and do my thing, but the picture is pulled up on screen for intro so I can tell it's playing the dvds.  One cable seems to be more than strong enough using HP CQ 60 usb port.  It's kind of light and flimsy but not bendable flimsy.  Expect the unit to be moving all arround while taking in and out discs, it's think just a half an inch high, so I finally ended up wedging it under the usb plug in and that seems to hold in a good place and keep it from moving all around, now I just need to find a shorter cable in my bag of cables to make it pretty, one that comes with it though has the magnet shield magnet on it so not sure if I should switch it out.  Push the button on the front and it pops right open not a fancy one like an x box but more like the ones that come with lap tops, latch is released and spring pops it open.  Makes some loud noises with some dvds and those were not properly pushed down enough so be careful of that.  Still some are just louder even when rightly inserted.  It's got a plastic sticker on top to make it look aluminum brushed, it's all plastic, so don't mistakingly try and peel it off as a clear protective sticker like the ones found all over unit when you get it like I did, didn't peel up at all but I was just lucky.  As I said plug and play replaces immediately your internal drive once auto driver finds right driver to communicate with unit, I'm using Windows 7.  Expect it to be smudgy on top from holding the unit down while closing it each time.  No fancy lights or anything just one blue or green activity light on front and one button on front to open it.  I think that covers it, as I said brand new and haven't played an entire disc, but very pleased on it's lightning speed of opening all my dvds when my drive would just click for minutes and still not open them.  Write me for questions, spend the thirty and be satisfied, I'm now an LG customer.  I have it running off a plain usb not 2.0 or anything, at least I'm pretty sure it's just a plain usb.",B00C2AMK2M,B00U14INHC,AFRGSROI7T5UAGPS3UJDGCTK4HDQ,1424146536000,17,True,2482
1.0,This is a five month review BEWARE THIS ITEM,"The item after only four months has stopped working on the left speaker side makeing all sound like it's a blown out speaker on the left side, the picture is fine, but distorted sound.  I have bought wires splitters to bypass the box and go directly to my stereo with rca off the 3.5 mm jack with a coupler, hopefully this will work, otherwise I'm out 35.00 and customer service for etkcity was very quick and told me it's past the amazon thirty day period and they would cover nothing, despite it only being four months old, bought in nov its now march.  I can't believe they don't even have a six month warranty on their products, SO BEWARE THE UNIT FAILED UNDER NORMAL USE AND WAS NOT COVERED BY MANUFACTURER.  I will never buy from them again. i know ebay sells a convertor for 22.00 I might buy that one if my re wire fails, bute etekcity reviews of problems I should have listened too, I thought this was a good one I was wrong.  Buyer beware!!!",B008COJXHC,B008COJXHC,AFRGSROI7T5UAGPS3UJDGCTK4HDQ,1381966534000,5,True,951
5.0,like it,"Got this a while ago, just reviewing had months to test it, quality of cable is great, seem to lose no quality between signal from my comp to my tv, picture is darker on tv sometimes to the point of being unwatchable with my netflix movies, don't think its the cable though, I got such a long one to be able to have movable options in the future, little hum in my speakers with the hook up but not noticeable when watching netflix movies, once again for the length of the cable and price I'm not complaining at all, besides I googled it and others have said that netflix on their tvs is dark also and we all can't have bought this cable, which leads me to believe it would make no difference to have spent a ton.  Cable is very heavy, as I said seems to be all A1 quality.  Most pictures that aren't dark to start with are fine with no noticeable difference.  I'll shut up now, good cable for the money.  P.s. Has 3.5 mm plug in which goes in headphones spot on comp and I split the other end with an RCA splitter jack and hooked right up to the aux on my stereo for stereo sound, works just fine and moving the cables around to my gaming splitter fixes hum to a low noise if it's ever loud, don't get me wrong this cable is shielded well or so it seems, just a lot of extra wires and boxes (gaming switcher box) might be causing the hum (or feedback noise).  Vid On...",B0018M7ZI4,B01LX4CG4N,AFRGSROI7T5UAGPS3UJDGCTK4HDQ,1305584955000,2,True,1369
5.0,Great hands free tablet holder!,I use this to hold my iPad hands free while sitting on the couch.  Works great!  Very flexible for different positions!  Wish I had purchased this years ago.,B01AHGIDE6,B01AHGIDE6,AGGMENBKDDJUQZA7ES5QKMTC4UTQ,1556208465571,0,True,157
4.0,Great sound for a small speaker.,"Great sound for the size and price.  I usually use headphones when I want music, but I recently starting using a hula hoop and find headphones a pain to deal with while hooping.  This seemed like a good solution, and it was.  On the lower volume settings it is perfect for the small room I'm using it in.  Easy to use (assuming you know how to pair a device).  If you do not have such knowledge, I'dl look it up online as the manual is in tiny tiny print / pictures which will be hard enough to see, let alone understand.  The cloth and bamboo styling are gorgeous.  If I have a complaint, besides the manual being worthless, it's that it makes a pretty obnoxious ding when you power them on and off.",B00VM5I3PG,B00VM5I3PG,AHPAXGZTH4KAGQHOWQ4SGU4BN23Q,1441333749000,0,False,700
1.0,Broke after a week.: / bought a different ...,Broke after a week. :/ bought a different brand and those are still going months later. Save your mobey.,B007YWMEPG,B007YWMEPG,AF6L6GCILOYQXOUT2K2MJD7EQFXA,1413861311000,0,True,104
3.0,One Major Drawback - The Exercise Selections,"My wife bought this for me as an upgrade to my Versa 2.<br />A great thing about the Versa 2 was the ability to arrange the selection and order of Exercises on the watch, albeit via the phone app.  I was expecting this feature to be the same (or improved) on the upgraded watch.<br />But on this model, you do NOT have the option to change roster of exercises on the watch, or the order in which they appear.  Wow, hard to believe that a watch that's intended to help you track your exercise would loose this feature.<br />The very clumsy workaround is use the button double-click option to select up to 4 exercises (only) if you don't want any other apps in double-click.<br />And you can't add any exercises to the roster.  Rowing (one of my frequent exercises) is not included.<br />Fitbit designers  - these are BIG MISSES for a health tracking device!!",B08DFLG5SP,B08GLRVD95,AFMHTCXYBGPF7YVMOCSBSQG3KBOQ,1646684155505,0,False,857
5.0,very sleek,This is a nice mount. we used it as a center speaker in our setup. Hanging from the ceiling. It works and looks nice.,B005SEN20S,B005SEN20S,AEMEWLPSNPXYWNDT2RI72YGBV7FA,1452815255000,1,True,117
1.0,Cheap and breaks easily,"I bought this product a few weeks ago and it has broken already. Not sure how it can protect my computer if it breaks so fast. The colors are nice and what I expected, so if you're looking for a vanity product rather than true protection this is a fine choice.",B01L3TTGOC,B077TPFXZV,AHOLPICXBTTQPRF64NVS45HKXZ3Q,1535034100896,1,True,260
4.0,number keypad brings joy,works great with my MacBook air. I do a lot of spreadsheet work and simply couldn't go without a number keypad. Would give a 5 star.  But a couple of the keys are sticky. If they loosen up a bit I'll update my review.,B00KLGSQJ0,B00KLGSQJ0,AGYCMKYUHMHXHV4CNK7BBXH6AVNQ,1504805523860,0,True,217
5.0,Value / quality - money: well spent,"Looks good and gives a nice feel to it. However I had to cut out a part of the side so my USB hub can fit there. I already knew I’d have to do that if I’m looking for bottom protection. Love the keyboard, screen protection they give you too!",B01N4GSGVQ,B07GDH44S2,AENY443ZA5TGC343HMPHK22XCK6A,1560122927864,0,True,241
3.0,Three Stars,Very good but it didnt last. The rubber wore out faster than I expected.,B0041D0K1Q,B0041D0K1Q,AFC3IQ472D7B2SCOKFD5HEJI3CCQ,1449438447000,0,True,72
4.0,"Color is perfect,","Given as gift but she likes a lot,",B07K27J2Y6,B07K27J2Y6,AHAVMMD2IBCLJYL4LCNLUU5ED2CQ,1584919883585,0,True,34
5.0,Great Gamepad,"Bought this for my son for Christmas, he loves it. Apparently my two daughters liked it so much that they also ordered Gamepads for themselves.",B003VAHYQY,B003VAHYQY,AEBMXR2X75L4S4JDHMQHZJKAXU3A,1390502824000,0,True,143
5.0,great,Works great in the shower.  It's not super loud but it works well for me.,B011W7HTSK,B016I4QMOE,AGVYD3TME37XBTFNNDARJUIXSRJA,1474133543000,0,True,73
1.0,The Dell XPS Laptop is the WORST computer I've ever had,The Dell XPS Laptop is the WORST computer I've ever had. Do not buy it -- it's a waste of money! Less than one year of owning it & it freezes at least 1x/every day. The BSOD of death also shows up. There answer was to send it in to their depost and to replace the hardware and reinstall the operating system. All of my files were lost and I had to purchase programs again. Everything from microsoft office to photoshop. Less than 2 weeks after having the laptop back & reinstalling everything it has started freezing again. Dell says that since they fixed it once they say the case is closed. Worst customer service. I used to be a faithful dell customer but now I'm gone.,B00I9HU29K,B00I9HU29K,AGV55UWDCGJQAECZNRVBB7B7RHTA,1433386811000,2,False,672
5.0,Good solid construction will last years and years as long ...,Good solid construction will last years and years as long as it is mounted securely to surface. good long distance will clear shallow roof eaves for antenna attached to side of home or garage.,B0045DYPT0,B0045DYPT0,AFFE26SMRNZ453WPPMNALAONOW4Q,1530561527437,0,True,192
1.0,I thought this didn’t work but after some experimenting I ...,"**Update: it doesn’t work with an android at all. And I can’t get it to do both sound and picture at the same time with my iPhone. ☹️**<br />I thought this didn’t work but after some experimenting I realize that it needs to be plugged into the wall, tv, and phone at the same time. This means I had to also buy a usb to wall outlet and an extension cord because it couldn’t reach my TV.",B077VHBDJL,B077VHBDJL,AET3YTV7IIDST2YK73VZXIX2VHRA,1534374135470,7,True,386
4.0,Four Stars,Like it just wish more updated movies available,B00INNP5VU,B00INNP5VU,AGH2KXMKCKEVSGA4ZOEE34VWLPJA,1524508011558,0,True,47
1.0,Not GOOD!,"Bought 3 of these, one in December & it corrupted in my phone on the way tot he Phllipines :( Bought 2 in January one corrupted in my phone in Japan & just last week the third one corruputed in my sister's phone in OK! What is wrong with these cards? That is alot of heartache, lost pictures, data.....just a pain, beside the expense of trying to recover the lost pictures! Wish I could talk with someone!",B00IVPU7AO,B00IVPU7AO,AH2RHHBOO77OHIHDKAO4CP3VWKBA,1463527607000,0,True,405
1.0,Terrible,The stand sticks! The third row does not work. We ordered a purple one before and it worked great but this one is terrible.,B00EEDQ5HQ,B00EEDQ5HQ,AF5OQLSBJSXEYPBZET6LVN6RQD3Q,1429292642000,0,True,123
5.0,All fired up,Works as it should and faster then the first Gen. I like the added voice control,B00ZV9RDKK,B075X8471B,AEZ2WBDBIEQYG462G2YONYBGZVZQ,1514134921260,0,True,80
5.0,Under Cover,"Looks good, feels good, fits good I like it and good price",B00KT2VVOS,B00KT2VVOS,AEZ2WBDBIEQYG462G2YONYBGZVZQ,1469976409000,0,True,58
5.0,I bought this for a future trip.,Product came as described. Ready for an overseas trip.,B07C1LPMRQ,B07C1LPMRQ,AHZJGWZEH77NI37UGRN67KT42A7Q,1579453771915,0,True,54
4.0,"This is a sleeve, not a case.",This item is more like a skin or sleeve than a case.  Plus the plush keychain wasn’t nearly as poofy as the pictures show it to be.  Cute though.,B081DGSBLR,B081DGSBLR,AHFWV2IP54TGQGKSY67KDLGHTPMQ,1590183142674,0,False,145
5.0,An excellent little speaker!,An excellent little speaker with a nice big sound!,B08QRYTPGH,B08QRYTPGH,AH2TT2ADBGAXKVLSHAZWW3TOJMAQ,1669621922478,0,True,50
5.0,"This soooo not your old school boombox! Better, way better","This is a very modern, sleek unit with a user friendly touch controls,I did not need to read the directions the first time, that is how easy it is. Plug in your MP3, computer,or USB and start listening to some awesome sound.  The bass is great and the sound is crystal clear. In the past, I trained as a classical pianist, so sound quality is very important to me.  This unit has great sound and there is a equalizer to custom set the bass and treble.<br /><br />You can also plug in an instrument or microphone.  Included is a antenna wire for FM use, the reception in my house is not so good.<br /><br />The only real con is the weight, a strap is included but I could not see me using the strap, or even moving this around on a regular basis. Also, the size is deceiving from the picture, it is bigger.<br />Highly recommend... my 22 son also thinks this is great.",B004I44EXI,B00XIQCA8I,AGVIH2XXBIIZDXDEQJCUCY42JOOA,1306275785000,2,False,867
5.0,Portable dock for adding two monitors,Great small desktop addition for when you need to add two monitors. Just plug in and play. You have the choice of using the included power supply or just use your laptops power. I tested it on a HP Pavilion laptop and it works flawless. The extra SD card ports are handy as well as having both USB 2 and 3.0 ports. I think most people use HDMI for monitors today but this device has one VGA port. You can only add 2 monitors at once whichever port configuration you choose.<br /><br />The ethernet port is available if you need it just by plugging the cable in. This is a fast hook up all the way around. The Tobenone designers did excellent work and hooray for them. We thank you!!,B097BVW4SF,B097BVW4SF,AHHQMVOQSY4WOIU5AWA5AEAQPJ6Q,1631674639185,1,False,682
3.0,Too Short,"This cord worked as advertised and was very cost-effective in comparison to the Apple branded cords. It worked with my iPhone 6 with the case on and I had no problems with melting. I would note, however, that four inches is very, very short, and will have your phone sitting practically on top of your laptop or wherever you've plugged it in. This cord made charging in the car impossible because it was simply too short. It would be nice if there was a happy medium length between 4 inches and 3 feet.",B00FA4Y82W,B00FA4Y82W,AHOKHJCOCCZX5ZXG5H3A2BVZ5LFQ,1420559974000,0,True,502
5.0,Great Ear Buds for Running,"I bought these Blue Tooth Ear Buds primarily to listen to music or pod casts while I run or lift weights.  I have used a different brand of blue tooth buds and several pairs of wired ones  over the years that all stopped working after a number of sweaty or rainy runs.  So far,  and I ran through a Southwest Florida summer in them, these have worked well and stood up to the punishment.",B01G8JO5F2,B01G8JO5F2,AFCAUMIM5BK5OYMPUNHHQWMJPA4Q,1574953323694,0,True,387
5.0,HP G50 Laptop Battery,Having been in need of a new battery for a long time I am extremely pleased to have this product. This is actually my third attempt at purchasing a new batter. The two previous batteries either was completely the wrong product or had a slight defect that caused it to not work. This battery has excellent.,B002NKCHRY,B002NKCHRY,AGK4N43GGUH6S2DYI5YTDINCBWFA,1279503309000,5,True,305
3.0,"Slow, noisy, inconsistent","It's not that it is slow, it is that it isn’t always slow. So video/ files will burst for a second or two, then go back to crawling. The draw is rough to open, not sliding smoothly or gracefully but feeling and sounding like it is sliding over sandpaper.<br />Aside from the burst and sustained speed issues, and the questionable tray, this works well. Simply plug and play on Windows and Linux (At least, the versions I have here).",B09NM6CX8L,B0CBP1J4ZF,AEIIRIHLIYKQGI7ZOCIJTRDF5NPQ,1666994581474,0,False,432
5.0,Solved a TV issue!,"Hulu stopped working instantly on my TV. I had to keep resetting the wifi connection on it. Which grew old fast. Anyway, I placed this by the tv, connected it to my wifi network and ran a cable from it to the tTV. Now that the connection isn’t wireless, Hulu starts instantly.",B0912WT5WS,B0BBZ5D7XW,AEIIRIHLIYKQGI7ZOCIJTRDF5NPQ,1662596437594,0,False,276
5.0,Build security systems!,"A great piece of kit. Opens up all sorts of possibilities for your projects. It has very good documentation which it does need!<br />Lots of fun, I made a lock opener first and am now working on a USB login device for my windows PC!",B083DLJFVZ,B083DLJFVZ,AEIIRIHLIYKQGI7ZOCIJTRDF5NPQ,1603215710261,0,False,232
5.0,"Excellent tools, if you obey the rules","Many people know this, some don't. This is for those that do not!<br />Cut the tails off, flush against the zipper. Or later you will get poked in the eye, scratched hands, and a bad temper because of it.<br />If you know you will be updating the cables soon or often, use velcro! If this is a cable (or other) set to be untouched for a long time, zip ties are your friends!<br />Having an assortment of lengths is beneficial. These zips are well made and do not slip.",B085775FRL,B085775FRL,AEIIRIHLIYKQGI7ZOCIJTRDF5NPQ,1602694720982,0,False,468
4.0,fairly good sound quality,"Not bad cable. The sound quality is pretty decent for the price. If you are bi-wiring your speakers, you will want something better than this. But if you are not an Audiophile, this will be more than good enough.",B07MJPCMJQ,B07MJPCMJQ,AEIIRIHLIYKQGI7ZOCIJTRDF5NPQ,1602263644009,0,False,212
5.0,"The switches are great, and all those sockets!","I use this to help me to program and power my Arduinos and Raspberry Pis. It is also useful for managing groups of tablets or phones.<br />It is small (for the number of sockets that it has). It is well powered - you can use it to charge many devices, it has a  good powerful power supply, so everything will work.<br />Well made, strong metal case with quality components, this was a great addition to my bench!",B07KHRLSTT,B0B2TJTHKK,AEIIRIHLIYKQGI7ZOCIJTRDF5NPQ,1600969547283,0,False,412
5.0,build custom cables quickly and easily,"I like this set. Well organized, easy to build the cables that you need.<br />They go together easily, and for when the ends are reluctant to go into the sockets, there is an excellent pair of tweezers to push them in with.",B087N4GY8Z,B087N4GY8Z,AEIIRIHLIYKQGI7ZOCIJTRDF5NPQ,1592499445856,0,False,223
5.0,Not enough HDMI ports on your TV or amp? This fixes that!,"Where you had one HDMI port, you now have three. And a remote! This is truly awesome. My needs have grown since I got my TV and amp/ With game consoles, TV sticks, etc you soon run out of sockets. This resolves that., I was able to add an extra stage to my Harmony remote, so everything works easily, but even without the Harmony, you just use the remote that came with it, and you can surf through all your inputs!<br /><br />Audio and video quality are very important to me. This did not degrade either!<br />It is a small unit, I mounted mine on the side of my amp with some double-sided foam tape.  It is very discrete.",B079LFMCMH,B079LFMCMH,AEIIRIHLIYKQGI7ZOCIJTRDF5NPQ,1560792828123,0,False,623
5.0,Great machine,"This has been an excellent computer so far. It's not a gaming machine in our house, but we use it heavily for graphic design, video editing, and using with crafting machines like the Brother ScanNCut and Silhouette Cameo. It runs super fast and smoothly, even with huge graphics files. It boots fast and stays cool under pressure. We're really happy with it.",B07ML4GTCW,B07ML4GTCW,AEIIRIHLIYKQGI7ZOCIJTRDF5NPQ,1550961984209,5,False,358
5.0,Great microphone quality,"Great for xbox one gaming with great microphone quality, audio quality is amazing! I like that the microphone can come out instead of being out all the time. I asked my friend how my mic audio sounded because my last headset’s mic audio was horrible, he said this headset’s mic audio was like talking directly to me in real life. The headset has great LEDs that can be powered by a power bank by usb cable, next to the 3.5mm audio cable.",B07FXMNTQ5,B07JFJ8HPX,AEIIRIHLIYKQGI7ZOCIJTRDF5NPQ,1540840988134,0,False,437
5.0,Fantastic HK  Alexa. With new unbelievably good sound quality,"This device just sounds amazing.<br />Earlier versions of 3rd party Alexa devices would not play nicely with other Alexa devices. This is no longer the case. If this is your first or twenty-first Alexa, it will work perfectly.<br />You can leave it on its base, and it will work, and keep working. Lift it off, and you have around 5 hours of Alexa control and music - so long as you are within Wi-Fi range.<br /><br />This Alexa has very good hearing for her trigger word (When you say &#34;Alexa&#34; she starts listening, otherwise she ignores you).<br /><br />but the sound quality. It is amazing. This small device, which has to be at least 1/3 battery sounds like a high-end speaker. As a slight audiophile, I do not say that lightly. I am not used to a lack of stereo and that does take a little adjusting to. But the depth of the bass and the clarity of the treble, as a nice warm sound, this unit does impress.<br /><br />But it is not all about the quality. Volume is a factor. At its highest volume, it is painful to listen to, but there is no distortion on most digital recordings. Little on analog, especially if you turn the music down to slightly less painful!<br /><br />A very good device, well worth the money!",B07BBGPBJZ,B07BBGPBJZ,AEIIRIHLIYKQGI7ZOCIJTRDF5NPQ,1530817575845,3,False,1227
5.0,Great price and greater Bluetooth connectivity!,"My husband love it. He said he love the long battery life but the best feature is the ease of the Bluetooth connectivity to his iPhone 8, he said it connects instantly!",B01G8JO5F2,B01G8JO5F2,AENEPQS4MBCCIOHCH7CCPUVS2Z7Q,1545773482278,0,True,168
5.0,Practico,"Muy util , buena calidad de los materiales, facil de utilizar.",B00LS5NFQ2,B098VHF5X1,AFUVPMPS4B3HHLGANHFJOZ2EVGLQ,1604287415289,0,True,62
2.0,Beware of potential dial switch problems,"I have to agree with most reviews that overall this is a good camera.  But it is good only when it is working.  5060 (and I can speculate 7070 too) might experience what has become known as ""FAULTY DIAL SWITCH"" problem.  If you search the web for those terms associated with ""olympus"" -  you will most likely find a lot of disturbing complaints.<br /><br />Mine broke couple of months after the warranty expired, right before we were about to take a family vacation.  When I turned on the camera - it did not respond to any buttons.  Then, it started activating menues all by itself as if the camera was trying to catch up with the previously pushed buttons.  In effect camera became inoperational.<br /><br />Sent it to Olympus.  Got a letter back asking for [...] in repair costs. Called Olympus customer service.  Was told that they charge flat fee regardless of the problem.  Told them that this is ridiculous, its a wide-spread problem and Olympus should stand behind their product.  Car-manufacturers normally issue recalls or extend warranty for such problems. 5060 is not worth [...] I paid for it [...] a year and a half later.  Rep. went to speak with a manager and came back saying that ""Ah! If it is only the switch problem - then will charge you [...]"".  Apparently they did not even look at the camera before sending me the [...] bill.<br /><br />Needless to say the whole process took about a month.  Spent vacation with my 5 year old Canon Digital Elph.<br /><br />If you insist on buying Olympus - just be aware of the problem and that it is random and frequent and that Olympus does not handle it well.  One thing I am sure about - my next camera is not going to be made by Olympus.",B0000DK39Z,B0000DK39Z,AFSOBRXAXFJHAVGZBMGQPHZPHIWQ,1127577772000,7,False,1700
5.0,Nothing but positive experiences!,"5 stars.<br />I listen to slam metal.<br />-DURABLE enough to survive 2 falls from head with no noted injuries. First one was crushed in unscheduled vehicle maintenance. Promptly purchased another that shows very little sign of wear after 2 years. I have done little maintenance outside of making sure no dust settles on them.<br />-they never run out of BATTERY? I've gone over a week of regular commutes and home/personal use, never hearing the chimes for the battery depleting. I charge it only on longer trips or when prowling the american northwest.<br />-Due to these headphones, the song ""Scavenger Consuming Death"" by Cannibal Corpse has become my only living memory of my eldest child.<br />-will most likely purchase another when the current one is destroyed in some disaster.",B00Y1BATHI,B00Y1BATHI,AHUWC33SPXMRZ5M2IBGU3YTRMWQA,1545748110767,0,True,786
4.0,I love my new laptop,"I love my new laptop. The features are exactly as described in the description. I had however one issue and I had sent feedback for this and received no reply to date. There was one mix up glitch on the motherboard with the @ and &#34;. The computer was fully charged upon receipt and lighted up as it was switched on and all's well. It is fast, clean crisp big screen, the volume is powerful and the keys are light on touch.",B011AET820,B011AET820,AGUZ7BODRKXNCJ2TGUV4BGHCD6TA,1442706571000,1,True,425
5.0,I love that the cover doesn't fall down when you turn ...,Fits perfectly!! I love that the cover doesn't fall down when you turn it upside down.,B011U2ABK0,B011U2ABK0,AF3SM7DFDRXXMCZRPSNYCLKWYUSQ,1446332442000,0,True,86
3.0,You get what you pay for,I made sure to buy a keyboard cover that was fit the right model and it there's still gaping with the keys. It's super easy to remove and clean because it doesn't stick to the keys properly.,B005QT6F0E,B005QT6F0E,AESXBSEZELAMEV66JH5PXN6MRUGQ,1581333362032,0,True,190
1.0,One out of two dead in less than 2 months...,"Had for less than two months. About 350 photos taken. Dead. Hard drive doesn’t recognize it, and camera (Nikon D7200) says disk no good.",B017HYMOGE,B07T2WHQ6L,AGISMA5GEEDSP2CVJRC66BOFJP7A,1505880216441,0,True,136
5.0,Just as described!!!,This phone is Amazing the screen quality is superb. The touchscreen works great and is very sensitive. The battery life so far is great still running on the charge it came with at 7:58 pm I got the phone delivered at 10:31 am. This phone is a great size gets great service and is exactly what I wanted. So very happy with this product!!!,B07JB3VMXK,B07JB3VMXK,AGOWIMQU2MMY6E2LSIFVXESAQIFQ,1553385623543,1,True,337
5.0,Works perfectly,Bench PS for my son's mobile ham radio.  No noise or fluctuation in power.,B000NPT4TK,B000NPT4TK,AEFV7HGJJO3DFBMDMB2SI4LCIXLQ,1625221412480,0,True,74
5.0,Exactly what I needed,Bought new monitors with HDMI connectors but my pc only has DVI ports,B00YOSA85Q,B08R7HBWCF,AE7W7ETANPY4GRA2WOPHJC3HCEAQ,1642971327983,0,True,69
1.0,Not a long life!!,Well I got these 1/5/19 it’s now 3/04/19 and guess what THEY WoNT CHARGE!??  So they were good for the piece while they lasted but they are toast now. I guess it’s the old “get what you pay for.”😡,B01G8JO5F2,B01G8JO5F2,AF26HHEZ4FH6Q2HOYL2MAS5DOR6Q,1551768839797,0,True,196
5.0,Great sound and portable.,Great sound and easy to link. Wish it lasted longer cause it sound so good. Can connect to power via usb so you have power options.,B078J2Z2Q9,B08Y7J1Y1W,AHHDHTWLBPFTUVKAGQIFOMHXO6PA,1551848539676,0,True,131
1.0,Dissappointed in how little this amp lasted,Installed on my jetski worked fine in my garage. As soon as I got to the water right channel started cutting out . 2nd time out the on switch was malfunctioning and both Channels started cutting in and out . The remote turn on also stayed stuck in the on position even when I disconnect the wire from it ....update dont buy this POS i had to return a second amp because it also started malfunctioning after 2nd time out on the water ..DO NOT WASTE YOUR MONEY AND TIME with this item,B07537PW98,B07537PW98,AHJEHALG2U5AXBWNGC3ERUUN2G3Q,1529182523704,1,True,482
5.0,Great bargain buy,"They look great, they sound great and very affordable pricing.",B01G8JO5F2,B01G8JO5F2,AGVNXZCYHZFTFCF6S4PK57FX33JQ,1551636594304,0,True,62
2.0,Not as advertised,"The detail section of the product states that it should be waterproof, but it is not. I just noticed that there is rust on the telescope. You get a lot of items, but one of the most important ones is not as advertised. Too bad my return window has closed.",B094WBFF7F,B094WBFF7F,AGI4VIZEPDRNA4FA6MVCS7LJSLJA,1661090446003,0,True,255
4.0,WORKS WELL,DOWN LOADED SOFTWARE CONNECTED EASELY,B01694XMF0,B01694XMF0,AEYEIDMLODH3HS7HOTRU4BC5YVEQ,1623191136890,0,True,37
4.0,Roomy but USB not fast charging,I like that it's roomy to plug a few things. The USB ports ate great but not rapid chargers.,B08S373JNY,B08S373JNY,AF7AZOBO6BOWXAKOWQQCAXYTJCBA,1659639920324,0,True,92
3.0,80% of the time it works 100% of the time.,The device constantly would fail and indicate the card was bad. I replaced the card 3 times so it's not the card. I reset to factory setting with no luck. Not much on product support when I wrote them in that I never heard back.<br /><br />The camera is nice because you can remove it with ease because of the magnetic holder. The picture quality is good but not the best. Night vision is good but not the best. The buttons are solid and other than failing it's pretty to look at. The size is perfect.<br /><br />Why it failed I don't know. Eventually it just stopped working but since I never heard back from Garmin I let it be. Lesson learned.,B076GYGVY5,B076GYGVY5,AGQX65GNDSSR2WXZEUEK2HQF6B4Q,1616006008984,0,True,645
5.0,Awesome!,I work in auto body so I'm moving around all day.  These headphones are awesome!  They stay in place and are loud!  I love them!,B01G8JO5F2,B01G8JO5F2,AFGD2JJ2JD7NG4BNFXNYLIHSHGWQ,1548099453501,0,False,128
5.0,Great keyboard,Great keyboard if you can keep the usb connector safe,B00CYX54C0,B00CYX54C0,AG2GOSNA2AWUUGZ52SD2OGG2WYXA,1627327538253,0,True,53
5.0,Great little speaker for the price,Bought it for portability and sound quality for the size is perfect.  Leave it hooked on my belt loop with a caribeener when biking,B08KHL5KKL,B08LZKCGQ6,AEQYLIWW2MDBEB5LXP522YDFMJRQ,1673051905074,0,True,131
5.0,"works well, compacts and easy to connect","works well, compacts and easy to connect",B07TS6R1SF,B083BMR9TD,AEAMPTIN6P2ZHTC2YLNVH6IFNGNQ,1660501538928,0,True,40
4.0,works well but not that comfortable,works well and looks good but not super comfy :(,B074P74J4V,B074P74J4V,AEAMPTIN6P2ZHTC2YLNVH6IFNGNQ,1590006784360,0,True,48
5.0,it works,i used this to replace an ssd in my macbook pro. i'm a pro photographer and work extensively with computers...but...i ain't no tech and this was a super scary process...and it works just fine. Recommend this as part of your ssd upgrade. BTW...I recommend Adata for the SSD.,B07VVNKRYR,B08QRSN7CV,AFMGNTMBBJWJ6YOHZCPM6DAXTBEA,1622998240113,0,True,273
5.0,Garmin Striker 4 Built-in GPS Fish Finder (Renewed),After adding a new tiller motor to my boat I need an inexpensive depth finder to aid navigation to my fishing spot and the Garmin Striker 4 Built-in GPS Fish Finder (Renewed) didn’t disappoint.  It’s a great small unit that doesn’t take my much space and has the options I was looking for.,B07DNKS5YF,B07DNKS5YF,AFADARU5CH2PE6DWHBMSSVF7GDTQ,1649674931010,0,True,289
1.0,Not worth it,I used these on two trips and one side has already shorted out. Huge bummer!,B013P19QWI,B08YM1RGZP,AGOYPNB5MZEUUVA55OS3VMIXTAUQ,1555222021246,0,True,76
5.0,True to description,Perfect for keyboard...it's only been on for 1 month...still holding up,B003Y95IVU,B003Y95IVU,AFMNS2ROSVHNNLH2BW4X5SYLTBXA,1562117606829,0,True,71
4.0,Good Earbuds With Average Durability,Good Ear Buds. Overall I really like them. The sound is crisp and clear. The bass isn't great and another identical pair malfunctioned within 10 months. But overall I like them.,B00BWLC5D6,B00BWLC5D6,AGE56ERUFVCEYVGYWXSKGRKAWOIQ,1435189683000,0,True,177
5.0,Not really comfortable in ears!,I don’t like the comfort ability in the ear!,B07TWB1R8B,B07TWB1R8B,AGN7NCKFUIC36G3LO4UH4ATCYDDQ,1654549246088,0,True,44
5.0,Perfect PAD POUCH,"This was just what I was looking for.  A slim-line protective case for my iPad.  I love the color choices (got the brown), the accessory compartment.  All that and it's slim,stylish, works with my Restoration Hardware cover on it, and provides added protection for my precious iPad.  I think I love it.",B00417DYUG,B00417DYUG,AGXX7ZWLBXK6WF4SCAF3AG4MWJMQ,1330607582000,0,True,302
2.0,Works well for 9 -10 months only!!,"It worked well for 10 months or something. Then, first you will see minor problems like button for playing next song is not working. So for few months you will use phone to change song. You will feel its a minor fault and still be happy about it. Then, after few months around a year of buying, you will find now the volume is low. You will think, may be it was not charged well. Next time you charge well and viola volume is back to normal. Now after a year of buying, the volume will be permanently lower and the next song button not working. So, you will have to buy a new one now. Throw the junk, create more electronic garbage every year for lovely planet earth and again you are back to buying another one. May be they want to convey this is what you get in $30.<br /><br />Lesson: Good product if you want to put $30 every year. Or else buy a warranty and keep sending it back and forth. Basically, no peace for someone who wants to use only 1 hour of his day, 4 times a week during workout. I had higher hopes from it as I went for little more expensive one than many other cheaper products that were available. But now I regret my decision. I wouldn't buy it if its available even for $10 now.",B01G8JO5F2,B01G8JO5F2,AGBUNZ4RRDUC6LVH4TE5J7W22EJQ,1560028114361,0,True,1202
2.0,Works but...,"So I purchased this to keep my Rexing V1P off the windshield and make it easy to take from one vehicle to another. Unfortunately the adapter for my dash cam isn't made properly. Someone screwed up the mold big time, the pieces that lock into dash cam are too far apart, and too thick to insert into it.<br /><br />This was the only set I could find that actually had an adapater that came close to fitting. So I was not happy that I had to carefully modify the whole thing to make it fit. If not for that one simple issue this would've been 5 stars, and I'd have bought a second one for my other vehicle. Now I have to keep searching.",B07FTRRPTJ,B07FTRRPTJ,AEYXNC2PNGHMTKNNBVHGZGZT6IIA,1647402482241,0,True,634
5.0,Five Stars,Good quality have been using this in all my phones to store music since I bought it years ago.,B000VX6XL6,B097NPQMYH,AEYXNC2PNGHMTKNNBVHGZGZT6IIA,1459123705000,0,True,94
3.0,Cheap servers its purpose,"Lens cap does not snap onto the hood, which renders the lens prone for dust and other elements. Made out of cheap plastic and does not fit properly, it takes a while to fix the hood onto the lens.",B003USW3ZY,B003USW3ZY,AGW2S7YKIAHIXX3S627GYQNZJBCQ,1318345089000,4,True,196
4.0,Reliable case,It serves it’s purpose. Decent quality,B07SRD9TV6,B07SRD9TV6,AGSXVHD2QOKMPN5OTLKHKJ2W54PA,1604183606470,0,True,38
5.0,Sounds great!,"Great headphones. Sadly, not noise canceling, but for my needs, it works well for me. Price is good, didn't break the bank. Not as comfortable as earbuds, but earbuds have other issues for me. Can't speak for battery life, as I only just received them. They are not cheap in design and looks to me as they will hold up to use over time.",B09BF64J55,B09LHJRPVL,AEXFMZQ7FVMNTQ45XMHIJTADDPAQ,1634399800225,1,True,336
5.0,I like this use it for semi,I like it and have been using it for semi truck.,B07DV9DHVR,B07DV9DHVR,AFPSMCJTVZLI5MPJWPMUAE7XQ4XQ,1566933061063,0,True,48
5.0,Must have for the power user!!!,"The best hub that you can buy for portability, functions and price!!! It will do just about everything you need it to without being tethered to a huge docking station.",B079M4F4DH,B079M4F4DH,AG5DDYPAIZRT7XNSIWRYA2WKIQ2Q,1565133421665,0,True,167
4.0,very bright,the light is a bit too bright to be next to my bed at night. tapped it up to make it darker.,B00K5SDKSQ,B00K5SDKSQ,AHGZWEMGWPNAKGJEAUMQNERKYIIQ,1446413745000,0,True,92
5.0,Impresionante,Muy buen producto y funcional se integra con todos los equipos compatibles,B07XJ8C8F5,B08F1P3BCC,AH4KDQGAY2JJTTTYJAZ3E7ULTXXA,1619537879811,0,True,74
5.0,Very Nice,"Sounds so much better than regular computer speakers.  very worth the little extra for the sound, since you do not need the subwoofer to still have a nice well rounded sound.",B00CD1PTF0,B0BYSP9676,AFESLE6YFVZSUJOBGSDZEHLS3KSQ,1476492923000,1,True,174
4.0,Overall good for work out,Can’t say excellent ones but okay with the price,B01G8JO5F2,B01G8JO5F2,AF3QUROVOLNUV6NOP6DYCHMBCQMQ,1564136392500,0,True,48
5.0,Great wireless keyboard,"I love my new keyboard. The arrangement is quite similar to a laptop with the keys being flat and easy to engage. I also like the hand rest. It is very comfortable and provides a cushion I didn't have before with my first keyboard.<br /><br />All in all, this was a great purchase, and I would definiely recommend it.",B001S4OTS6,B001S4OTS6,AGZYWQ5JP72F24KCCOBO7XG7PNPA,1313252588000,0,True,317
5.0,Compact and easy to use,"This &#34;extension&#34; cord is very useful for connecting external speakers to my laptop, ipad or iphone.",B004C51HRY,B004C51HRY,AFZ6JZHHFC7L6ZFJ563HMNJQOZ6A,1469237512000,0,True,107
5.0,Light weight yet very sturdy.,I am using it as a music stand and I am very happy with its functionality. Well worth the money.,B093B74FB3,B093B74FB3,AFEL7KKJQS3F7NA6XYRBWRXCSTZQ,1625089905499,2,True,96
5.0,My wife loves it,With her prior speaker she did not have a case. She actually made and unsolicited comment how she’s so glad she has a case because she feels speaker’s better protected.,B00V7WUFTG,B0B3JVPY1K,AEJVL75KPCP63TE75RCRMSQJA3CA,1654429530203,0,True,168
5.0,Seem great,"Only have had theses for a week so can’t comment on durability. But that look good, seem sturdy and flexible and work great.",B0829ZBTNM,B0BZ15FM42,AG2K2Q6LBVZT2YZQ2DWXPMBH2U6Q,1605500469414,0,True,124
2.0,Can't tell how much battery is left on Android phones.,Bought a pair nearly 15 months ago. Battery life is only 2 hours after charging overnight!,B07HKTKGCM,B07Q8NRHK7,AHQOAKE7DRLBICWF46NACXF5RR4A,1549467210852,0,False,90
4.0,Detachable cord,"Cord is detachable, do not lose! If you have cord plugged into the back and unplugged, it won't run on the batteries. You must detach the cord from the back to play. This makes the cord easy to lose. Do not set on top of laptop or near other wifi device and expect to hear any AM. Give it some space, preferably near a window with the antenna fully extended for best reception. I bought it for the nice feature that it is transistor, but I cannot prove that it doesn't have a chip lurking somewhere inside. It serves its purpose well. I am not a modern, and am unconcerned with Bose-level sound quality or being blown away by fidelity. Sounds good to me.",B07QQWBHZV,B09FDMGNQR,AFUCKSHY5TGLKDSTN4WFLIEPQC2Q,1599188672830,4,True,654
5.0,Worked great,I used this for 2 years on a Crypto mining machine instead of putting a wifi/modem in the rig. Worked perfectly. Sorry I didn't review earlier.,B00JDVRCI0,B00JDVRCI0,AEMVTS7TMIAFQRGU6BXQYKZW7EYQ,1575110005729,0,True,143
1.0,Quits charging ... not waterproof!,I loved everything about this product... the fit.. I just bought my third one and I’m done with this product!!! It’s not waterproof .....after running in a mere sprinkle it quit charging.. same thing happened before but I thought I’d give it another chance!!,B01G8JO5F2,B01G8JO5F2,AHETOJ4Y2BODNKSRQ5LHDNKRF2MQ,1588180244780,1,True,258
5.0,"great quality for price, reliable, durable",These have been great headphones for me.  The sound is better than I'd have expected at this price and the battery life is also very good.  I've had them for over a year and still use them 1-4 times a week.  Am so happy to not be tangled in wires anymore!  :),B01G8JO5F2,B01G8JO5F2,AFDGIDHU3L2GXNV4S4YTH5IK7DHA,1610769743855,0,True,259
4.0,"Nice camera, not for me",I am looking for a wireless outdoor camera. This only works if plugged in the wall...the wire is so short not sure how they want you to plug it up outside. Also the camera is upside down when hanging.,B07R2LG59W,B092WHC7C1,AHLGVQP3HU3ZBC6FLM63J2EBFT7Q,1590420183841,0,True,200
4.0,3 years of good use before problems showed up,"02-23-2021: Great product.  Have had them for 3 years, but now they will not stay connected, no matter how many troubleshooting processes I have done.  Debating whether to call Senso about this.",B01G8JO5F2,B01G8JO5F2,AFHHMPGPDUYY6EAFK4WHQNTIYEIQ,1614111397584,0,True,194
2.0,No bass,It said it had you bass it had none.,B01G8JO5F2,B01G8JO5F2,AEMOXIL2QWJHTFB3CMCLBLQE6DRQ,1644462332166,1,True,36
3.0,Plastic case disolve by it self in a year ;(,Plastic case disolve by it self in a year ;(,B003JLPWAK,B003JLPWAK,AEYLMNVN7MVX22L4W663RW4A4UYQ,1546324913934,0,True,44
5.0,It works right out the box.,Works great. It does exactly what it says it does.,B009I1ZQ4C,B009I1ZQ4C,AEEOI5UPYK5BZUPAF66JY52JCEIA,1544468419981,0,True,50
5.0,Swivel is worth it.,"I went with this stand because I thought the swivel would come in handy.  That was an understatement.  The new TV tends to reflect light sources.  Pivoting the screen a little helps a lot.  Also, you can sit anywhere in the room and angle the screen for best viewing if you sit in a non-standard location from where you normally sit to watch TV.<br /><br />Pros:  Very sturdy.<br /><br />Cons:  Parts could be better labeled.  Some Jerry rigging needed to assemble...or a spare pair of hands to hold things in place while working with tools.  Part list said I had 7 of a given washer.  I only found 4.  Later, I found 3 more painted black.  The part list diagram and instructions did not detail this.  Fortunately, none of the parts are in a visible location.",B07QPZ66SB,B07QPZ66SB,AEXVKVUMNZNHML7CHWHCN7S3IUYQ,1596397476227,0,True,759
3.0,Pretty Basic,If your listening to a CD the music sounds great...but if your listing to it through the audio jack the quality isn't the best I have fooled around with the settings on this stereo and have yet to make it sound as good as my old one. But if your looking for it to just listen to the radio and CD's its a pretty good buy.,B003ZDO2LM,B003ZDO2LM,AEWLYYY7J43SCZYUXZFLS7TRKPWA,1366253136000,0,True,320
5.0,WALI DUAL MONITOR STAND,WORKS GREAT.  I SET IT UP AND HAD TO BUY THE RIGHT SIZE SCREWS FOR THE MONITOR.  IT CAME WITH TWO DIFFERENT SETS AND I NEEDED ONES THAT WHERE SHORTER.  ONCE I PUT THESE IN EVERYTHING WENT TOGETHER VERY EASILY.  I WOULD RECOMMEND THIS STAND,B018MU3SAS,B09K14GHHD,AHKI4ZFZHHNUXB4XZVLX2ZETKLSQ,1505759452506,0,True,239
3.0,drops out often,I got these for Christmas and I've spent countless hours doing yard work and working out with them on. I have my phone in a waist pack and these are constantly dropping the sound. I've tried with content that is directly off the phone and it still cuts out. I don't have this problem with the Letscom headphones I purchased a few months ago.,B01G8JO5F2,B01G8JO5F2,AFB5ZCQMHP43HLKMESGP4LSAJMRA,1597169297413,0,False,341
5.0,Highly recommended for security and accident forgiveness,Very pleased with the customer service that his accident protection plan provides for it's users. They have very good customer service and provide it's customers with help throughout the entire process if you ever need to file a claim on the product you have this protection plan on.,B07Q38RQG7,B07Q38RQG7,AFX3SJHRRJDJIW6EIAHO5Y7DLHMA,1614806350702,0,True,283
5.0,Great deal and toolset!,Love owning this. Have used it for several projects already.,B00RCXE5EU,B087GDXK1Z,AH6MI24SAUZMO4OTB3WZU3A2QVWA,1574813511738,0,True,60
1.0,Does not work,"First one didn't work. Returned and had it replaced. Second one didn't work either. Big waste of time, though I did get a refund.",B07S197D5K,B07S197D5K,AHRD44CHR6HM3F5CEDPITAWFBJSA,1601610506907,0,True,129
4.0,Great,"I have really enjoyed these head phones, great sound.  I would liked to have seen a push-to-talk button on the cord somewhere, but there is none. They can get a little heavy after a while and the ear pieces slip down after being on your head for a little bit, just have to adjust them back up, not a deal breaker, but just so you know.  The sound is responsive, not a 1000.00 set, but for 19.00, I am satisfied.",B012EQG6ZK,B012EQG6ZK,AFQIM7YHARYKP2XYIGA4KISXIQ3Q,1456347970000,0,True,411
5.0,Sturdy,Used it for a replacement cord for my wireless headset for charging.,B00NH11N5A,B00EZMZTBO,AFRHUYHXCSZDTF4QHDRIRP7U5OFA,1581917375536,0,True,68
5.0,stopped working but they send a replacement with no problem.,stopped working but they send a replacement with no problem.,B01G8JO5F2,B01G8JO5F2,AFSTBIRMB22VOXACMYSBPBJ7YWGA,1560970970054,0,True,60
5.0,Best workout Bluetooth earbuds,"Here’s what I can tell you: I’m what my friends and family consider a gym rat, and I love to run. I’ve had multiple headphones, ear buds, Bluetooth things, etc, but this is the only brand I’ve ordered multiple of. The last pair I lost during a 12 hour commute home (they fell out of my bag somewhere) and I cried. Literally. I was exhausted and delirious, but I still cried.<br /><br />It comes with all the components to make Bluetooth earbuds worth it. Multiple types of squishy things? Got it. Charger? Got it! Container to keep them safe (which I clearly forgot to use)? Got it. It even comes with a sleeve you can adhesively add to the back of you phone case, and it works WONDERFULLY. I’ve always been in love with this brand and it comes so highly recommended. Will it stop when you take them out of your ears? No. But they will withstand all the sweat, the tears, the anxiety, anger, and everything else you throw at them that other brands can’t. You won’t be disappointed.<br /><br />Also, I have a long term dating relationship with an audio engineer who says that they’re not bad for their sound quality either. “Great for a bargain” were among the phrases used.",B01G8JO5F2,B01G8JO5F2,AEKPOCUIM66M2UGEK4EAMDYFI7TA,1566675258917,0,True,1173
3.0,Lasted a little over a year,"Great sound and rocking bass, but after only about a year my system is emitting a humming sound with static. It just happened randomly one day.",B003VAHYTG,B01C6ESQM6,AGDQIZNGZBYKLEFWQ3RJVV3VDI4Q,1585274831336,0,True,143
5.0,Quality for the value is great! 👍,"This is a wonderful, beautiful, band that fits my 5.6"" wrist perfect once it is attached to the fitbit ionic. I have been having trouble with bands being too big and being very uncomfortable but not so with this one. It is a stretchy band that is dressy but looks well with jeans. I got the rose gold one to go with my rose gold ionic and the color match is perfect! Beautiful! Stunning! I will probably purchase the other colors as well because you certainly can not beat the value for this quality Fit bit ionic band.",B077FX31LP,B077FX31LP,AHKIMNYBTYQIZTOCAN33N53VPVRQ,1552746955132,2,True,519
5.0,Good product,Great product. Easy to use and setup,B00NKYYMAW,B00NKYYMAW,AGMQ5FW2DABSJHWXJ6ACF4AT7A7Q,1609031057685,0,True,36
5.0,Great company,This is my second pair.  They are great and the company is fantastic!!!,B01G8JO5F2,B01G8JO5F2,AGW5K7PSBDMIOWERSF7A5PDZA7HA,1552614228793,0,True,71
5.0,Highly recommended,"Excelent product, works wonderful!",B01IR6LMLO,B072281YD5,AFVGEFATNEFMKAUA2PPPLRHXP67Q,1503342054291,0,True,34
2.0,"Known for great bass sound.  Yes, ,but only great bass, needs highs","The first pair I bought fell apart, this pair is so bassy I can't listen to it.  In a drawer now.",B01G8JO5F2,B01G8JO5F2,AE4XCCEFIVVI6DLEM5WNVV7OEVMA,1658245082680,0,True,97
5.0,Good Product,The battery is working just like the original.,B071X6Q4PS,B0BZLBDFHK,AFCK5UEF3QTUD6RW4AEMF3QRCZNA,1563367490747,0,True,46
5.0,Perfect cover,As an avid user of paper white for my reading I carry it in my purse.  This is so light and so sturdy and protects my screen really well.  It doesn't come open in my purse because it closes magnetically.  Plus it is pretty and feminine.,B07K414B7T,B07K4BQKJ7,AGMW5ZB55P22RPBYVHVDB6Q5J3AQ,1671054805702,1,True,236
2.0,Two Stars,"hard plastic outside, padding still hurts my ears, and its extremely small and hurts when around my head",B00AVLOHJ8,B00AVLOHJ8,AEF6TIJQYKYA43YBKJG7SU6XFGFQ,1468334215000,0,True,104
5.0,Very Happy,Works great and would buy again.,B00GG5CF74,B06ZYSMKJ4,AETCDSV7EDZQOYYZF2HR7PF2A7CQ,1547330663548,0,True,32
2.0,"Overall product is good, but screen cover is not good","I bought used product in New condition  , Overall product is good , but screen cover is not good , it have some reflecting spot cause<br />trouble in watching video and using it  , however this  problem is with item which i received , otherwise i like the product .",B00IYJCH4G,B00IYJCH4G,AGSBTIDVY5KLLD2PO4OTVY7N3ALA,1420396048000,0,True,265
5.0,"Good Sound, Good Value",Senso bluetooth headphones are easy to install (the instruction book is easy to follow). The sound offers good quality for the cost. The small case makes it safe to transport the headphones. I would buy them again without hesitation.,B01G8JO5F2,B01G8JO5F2,AGXY43ORIBMWNH6MRFANDX3KGEAQ,1555111231174,0,True,233
3.0,Not good quality for adults,Not a good purchase for an adult. Maybe for a child that doesn’t care for quality.,B01G8JO5F2,B01G8JO5F2,AFVL25AL3IKOWYZ5EHWT62JKPIXQ,1558733973167,0,True,82
5.0,Great Product,Super happy with this! Can't believe all that you can do with this and how cheap it was!!!,B01J94SWWU,B01J94SWWU,AFGJ7TA36YLRUOGSW5RZYHNZEAVA,1552409124889,0,True,90
4.0,Compect,"Very good even with out the idea for travel, it have 4 usb outputs, plus you can use it when traveling to other contrys",B07DZXGG45,B07RY9HLRK,AGXAGHQYZDFZ3QY6EXMCQDCAQ2AQ,1554694461668,0,True,119
4.0,Durable and fast charges,Had these chargers for a month.  Charges my IPad very fast and is very durable so I can move it from one room to another.  I definitely would recommend it.  Hope it lasts longer than my previous one..,B08C9SL82G,B08WHB73DK,AFUCZG7RJUF6BLIZ5DFLCDZBICJQ,1622586593230,0,True,200
5.0,Beautiful Bag!,This bag is well made and has so much space. The color is amazing and came with the scarf.,B08V8C5PDK,B08V8C5PDK,AETAV4QBQ4W7MAKVTTE7BN2VDQXQ,1618193976728,0,True,90
5.0,Best,Oh this right here is the best windup radio in the market,B08J3XQNZ6,B08JC55X7Y,AHH4KVHS6QC7S2Q4U4FZTOJSRSZA,1613469373227,0,True,57
5.0,Great Sound,Great sound quality!! Perfect size to setup any where. Having the cover attached and you use it as the stand. This keeps from losing the case or forgetting to put it back on. Best thing I've bought for my IPod!!,B0038W0N8G,B0041HXGIQ,AGEA2M3KB3YRDOD4AYCX7EXYJFBA,1381096037000,0,True,211
5.0,Perfect,Perfect for reading books from my favorite writers.,B07HZQBBKL,B07N8VFFNS,AHBWJJ44LGC5SVXGEZ2G6TPEZZUA,1594751989122,0,True,51
5.0,Excellent Quality,"If you have the money to invest in this webcam, I highly suggest making the purchase. Logitech has a great reputation when it comes to the webcam sector. I have several webcams and this is now my favorite. Hopefully, this review helps with any decision you are trying to make.<br /><br />This is one of the few webcams that supports 4K Ultra HD 2160p/30fps. I just upgraded to a 4k monitor, so maybe most people are not looking for a 4K webcam.  At full HD 1080p/30 or 60 fps, this webcam also supports HD 720p/30, 60, or 90fps, it is still by far the best webcam I have right now. It is impressive! Even with makeup, you will probably notice a few flaws in your skin. It is that amazing!<br />It does come with a privacy shutter that you can attach if you want a physical block of the camera. Not only that, but it snaps on easily. There is also a black drawstring travel bag to prevent scratches and dust when not in use or if you need to travel with it. It does not come with a tripod, but it does have a tripod thread mount.<br /><br />There is a detachable mounting clip. I tested it on an older, bulky laptop. It is wide, and it worked great. I purchased a tripod because I will primarily use this for my desktop. I didn't like the idea of it hanging on my monitor, as it doesn't have a plastic outside edge. My monitor screen runs to the very edge. If you have a similar monitor, I would highly suggest purchasing a tripod. Another consideration that might make you want a tripod, this webcam can’t be tilted up or down or turned left or right, so it’s basically stuck in a fixed position. With the tripod I bought, the top half has a ball with the plate of the screw that attaches to the bottom of the webcam. This setup on the tripod allows me to adjust it to where I need it.<br /><br />This webcam is compatible with video conferencing platforms like Skype for Business, Microsoft Teams, Cisco, Cisco Webex, Cisco Jabber, Microsoft Cortana, Windows Hello, Skype, Google Hangouts, and other VC applications, XSplit, OBS, Twitch, BlueJeans, Zoom, Fuze, GoToMeetings, and Ring Central. I use several of these platforms and compared to my older 920 Logitech webcam, I can see a huge difference in quality. I share videos with colleagues, and they have also noticed a difference. As for the platforms, many have a maximum of 720p or 1080p. You probably won't notice a difference when joining a meeting.<br /><br />Once you start using the webcam, you will see the autofocus and the auto light correction with high dynamic range (HRD). It tracks movements and quickly makes the right adjustments. There are also three fields of view, so you are not limited to a single default. The three views are 65-degree, 78-degree, and 90-degree. If you are not familiar with what each would offer, the 65-degree view is a close-up view of your face, the 78-degree is more balanced with your face and some of the background, and the 90-degree view shows more of the background with you in the center.<br /><br />You also have omnidirectional microphones with noise-canceling to reduce background sounds to make the voice clear. It does not take away a cat meowing in the background, but I do notice less noise from my chair if I slightly spin.  I have not had any results where my voice is distorted, echoing, or that hollow sound. I think it helps to have two microphones built into this webcam. I want to mention, that the USB cable with this webcam is of high quality. It also is slightly over 7 feet in length.<br /><br />Pros:<br />Great sound quality, crystal-clear video, autofocus, auto light correction, 3 adjustable fields of view, high dynamic range (HDR), the image quality of the camera is impressive, and offers a good range of resolutions with still image and video capture.<br /><br />Cons:<br />The quality of the construction of accessories isn’t consistent with the camera. It feels like I got cheap accessories. Some might consider the price as a con, but I particularly do not. I feel the price matches the quality of this webcam and the features it does have.<br /><br />Tech:<br />Supported resolution: 4K/30fps; 1080p/30 or 60 fps; 720p/30, 60, or 90 fps<br />Diagonal field of view: 65 degrees, 78 degrees, 90 degrees<br />Focus type: Autofocus<br />Lens type: Glass<br />Built-in mic: Stereo-dual Omnidirectional, with 2 microphones<br />Dimensions: 1.06 inches high x 4.02 inches wide x 1.06 inches deep<br />Weight: 2.22 ounces<br />Cable Length: 7.2 feet",B01N5UOYC4,B0B7N8S4T5,AFE2FWMC7UY7FW54DZM6HDDMURUA,1663250364670,79,True,4476
3.0,It works sometimes,"I seen these were 2 batteries and thought it was a great deal. It is a great deal of embarrassment when I am with a client. I have to take the battery out and put it in again, several times before it will work (see photo). Don't cut corners, buy the batteries from Nikon.<br />I have used both batteries a few times, purposely. Each time, I get my error. Battery life is alright but I do turn off my camera as I walk around the parks and gardens.<br />I gave 3 stars because once you get then to work, they do stay charged for awhile. I also would prefer a cord and charger head to plug into the wall to charge these. I have phones with c type chargers and of course required me to buy a charge cord to fit this. I attempted to hook the USB to my computer but it was a slow charge.",B07Y8146V5,B07Y8146V5,AFE2FWMC7UY7FW54DZM6HDDMURUA,1584954078590,0,False,781
5.0,Perfect!,"This was a game changer on a recent trip - super small and easy to carry around in my purse, just plug it and use it as needed. A friend tried it while we were away and she may also get one.",B07M83H6K1,B07M83H6K1,AH6GS7JVN7H4IH2A545A3AMJAHEA,1649071603290,0,True,190
5.0,Five Stars,It's a nice little devise... I would recommend it to my friends.,B01DFKC2SO,B01K8B8YA8,AHNZ73SEDSQUJVXORN3YYRBQFTTA,1487013495000,0,True,64
5.0,OUTSTANDING PRODUCT at REASONABLE PRICES,I can now watch my Smart TV in my support located at opposite end of house from my modem.  No more annoying buffering.  Installation was easy as instructions were clear.  Very very pleased,B09SHQST9W,B09SHQST9W,AHMB37UEXI7B3LEP4V2QBEVIOHHQ,1646510422922,0,True,188
5.0,Great product,Bought for my wife to use while running so she can listen to music. She uses it everytime she runs and it helps keep her motivated. A plus is I bought a little external speaker that plugs into the headphone port and we listen to Pandora in the house using it.,B005GS3C2O,B005GS3C2O,AGIJI2TEODBT2AFROWTERVAAEJBA,1357084883000,0,True,259
5.0,Great for Zoom and Team meetings,"Got these to replace the 'mickey mouse' ear style of head phones.  I use these for both Zoom and Teams meetings. AT least for my setup, the head phones need to be turned on before starting either Zoom or Teams, but may be different for someone else. Sound is good and work good for my purpose. These do seem to work better when listening to someone with an accent. When using for Zoom, you do have to select the head phone within the Zoom settings, but for everything else, can be selected in the Windows settings. These are very light and I really like the mobility since this uses Bluetooth. I can go about 30 feet before reception starts breaking up, which means I can get another cup of coffee during morning meetings. Haven't tried these for music yet, so can't say how these sound for that application. Battery life is good - can easily go 4 hours and still be at medium charge. I do keep these charged throughout the day and charging is fast. For long meetings (over an hour) these do put a little pressure at the contact point of your head, but just moving them slightly to another position can relieve that. You will feel  vibration from someone talking loud (and probably heave bass from music), but that should be expected since these are a bone induction head phone. But during normal conversation, there is very little vibration - almost negligible. Would recommend as a good replacement for the standard head phones.",B08BZDR3ZT,B08BZDR3ZT,AGYLNVMXHCNI5JD5L4UGHFBY5SDQ,1630763988459,0,True,1430
1.0,One Star,You cannot charge this unit on the base while in a cover,B01B8MGASE,B01B8MGASE,AENURUS6RNFF6XC3WFETYYDBLHCA,1473597863000,0,True,56
5.0,They are a quality product.,"I bought these to back up some material on the computer, but now the computer won't let me do it.",B00081A2KE,B08MWHSF8M,AFC7JUIIE4YP7J5STHK3POT6UQWA,1360449296000,1,True,97
5.0,"Quality SSD - Fast, easy to install, and reliable.","Samsung's first-party data transfer software, Magician, was super easy to follow and use. Took some time to transfer everything over, but it would with any product. It's a limitation of modern technology. Still, I felt it was very reasonable. I have everything on my SSD, including my OS, and it still boots quickly after 5 months.",B0781Z7Y3S,B08KG14KCT,AESCUYQ3PPNH5H74Y2O4RHU6TYRA,1575330792757,0,True,331
5.0,Definitely an improvement over my old CPU.,Definitely  an improvement over my old CPU.,B00UJEJ3KU,B00UJEJ3KU,AFE4NTYGFQXGNJP3U7PM5GG3OPAQ,1493001339000,0,True,43
4.0,TV,"The TV is nice, but it didn't do everything I thought or understood it would do.  I have another Vizio TV and they are good TV's.  The price and quality of this tv is very good.",B00BF9MZY4,B00E0J0EL2,AEVBQOEEDFKHLWRZ7QBNO6EKU3JA,1377889966000,0,True,177
5.0,Works great with the M.2 5G LTE Modems,"Using this adapter on a Mikrotik LTE router with a Quectel RM500Q-GL LTE modem. Works perfect and great. Only used it with 1 nano SIM, I'm very happy with this product.",B08P1CTC6N,B08P1CTC6N,AH5FQOIZ7TJAOFQGB32CRWM62SGA,1633660875440,2,True,168
5.0,Fits smallest tv as stated.... projects and swivels all directions,This was used to install small tv in upper corner of kitchen.,B079L4X2GG,B079L4X2GG,AGOS43VFHWK67U5XDG6FNB6BZTKA,1547507106942,1,True,61
4.0,Works with Windows 10 (if you try hard enough),"I got off to a bad start with this device.  I plugged it into my older computer (Dell Studio XPS) running Windows 10, and tried to install the driver from the CD included with the card.  But it couldn't detect that the card was there.  Eventually after much frustration I plugged back in to a wired connection.  I then discovered that the machine was waiting to install the Windows 10 Fall Creator update.  I let it do that, and rebooted.  Then Windows discovered the WiFi card all by itself and configured it correctly (using a Qualcomm Atheros AR938x driver.)<br /><br />Now it seems to be working pretty well.  I'm getting up to 120 Mbps transfer speeds.  It might do even better if it were closer to my wireless hub.",B007GMPZ0A,B007GMPZ0A,AHRL77CLRP27DPOQ2DOC6HLTZPXA,1514310482181,1,True,720
1.0,The stand keeps breaking,"I am one who likes to prop up the iPad on its stand provided with this case by otterbox.  The stand just broke again! This is the second time this stand has broken.  It is a bad, very bad engineering design.  Shoot the designer!!  The rest of the case is perfect.  I just hate that I spent $80 on this case and have had the stand break twice.  I do NOT drop it often, and there are no kids here  mishandling the case.  I am just a regular user, who loves her iPad.  Now, wish me luck trying to get another stand out of otterbox!!!",B007IV7KRU,B0083LW9PW,AGMLVQV65SRXWZJDTBDUVOZW37QQ,1388251410000,1,False,530
5.0,Great coax cable connectors,Great coax cable connector ends for outdoor use.,B00J3B98XC,B06XSPNJF8,AGJMFQINXUUTEHELLCZWZ7FOUWKA,1495297741000,0,True,48
5.0,Clean sound,Very good sound from these speakers.. Liked the way that the CD starts automatically. Would buy again. Great value.,B087F3GHSW,B09XF3Y837,AFVHGFX2RLJ66WW3BRY25OLNK2PQ,1612288838193,0,True,115
5.0,"packaging was good, works great","Arrived quickly, packaging was good, works great. What else can I say?",B01LXE6OEU,B01LXE6OEU,AHFLWYQFJF2ZCN3IK3OHJJ67QFLQ,1496459017000,1,True,70
1.0,Had high hopes,"This camera has less view angle than the original Yi Camera. That just means it has to scan a little more often. The real reason I gave it a low rating is because as it turns it softly clicks. If the room is quiet, you can hear it scanning. That's a bummer. However, the worst part is as it's moving to track an object, it interrupts the audio recording as it picks itself up and ruins the audio. This is a deal breaker.<br /><br />**Update** Ended up returning it and changing to a 1. Yes the camera can rotate 360 degrees but when you only need about a hundred and sixty degrees rotation there's no way to stop it from spinning backwards and staring at the wall. I tried setting bookmarks and other aspects it's still recorded the wall for two solid days. So I think the software needs a little improvement before I would buy this again.",B01CW4AZDS,B01CW4AZDS,AG34TKNGBARLNDSAMTOYYKYPVVTQ,1576163297583,2,True,839
5.0,Great!,"We bought this memory card to use with our game camera.  We are very pleased with the quality.  We mistakenly set the camera sensitivity on ""high"" so we had hours of still pictures and videos of leaves blowing in the wind!  However, we were impressed with the amount of pictures and videos this card held (and reset the sensitivity so now we just get the fun critters on the camera!)",B07YFGGPH3,B07Z18JVPH,AEXDWHHIIFQOAA6ZYMUYO53ON75A,1595285946902,1,True,383
5.0,Really great.,This is my second fire stick. I really like the 4K stick. Much improved speed and streaming quality. Being able to use a single remote for my entertainment center is huge.,B079QHML21,B07GZFM1ZM,AHXH2N2AGXJ5OIDDADHYZQV3BTKA,1609440645873,0,True,171
5.0,Well done!,"I'm using a Logitech Harmony Companion remote with the Harmony hub on my home theater setup. My setup consists of a 51&#34; Samsung plasma TV, Vizio Soundbar, Roku and a Windows 7 HTPC with two OTA tuners running Windows Media Center. The Companion works great controlling everything, but because it works with the HTPC over bluetooth, it can't wake it from sleep.<br /><br />I ordered the FLIRC hoping to figure a way to get it to work with the Harmony to add the wake from sleep to my power on sequence. It turned out to be super simple and is working perfectly.<br /><br />I downloaded the software and driver from the FLIRC website and installed on my HTPC. I plugged in the FLIRC to a front USB port and Windows loaded the driver. There was a firmware update available and the FLIRC software prompted me to update which I did. I then selected the WMC MCE remote profile in the FLIRC software and selected the &#34;Start&#34; button that displayed on the image of that remote and then pressed the power on sequence button on my Harmony Companion remote. The software recorded that key press and saved it. That's it, done.<br /><br />One button press on my Harmony companion will now turn on my TV, set it to HDMI 1, turn on my sound bar and wake my HTPC from sleep. This is how well designed technology works; simple and straight forward.",B01MS2V7GM,B0BN3GHK5T,AFKB2ZLTAHOSOPCQZHRFFIEODB5A,1528500882181,0,True,1342
1.0,Simple: AVOID AT ALL COSTS!!,"I have never given a review like this before, but this product inspired me. I had to send the first one back for a high frequency noise coming from the unit. Then, it had issues around Pandora and giving access to my Pandora account to other Samsung users. But wait....there's more! Three weeks shy of its one year purchase (still under warranty, thank goodness,) it grew a mind of it's own and began beeping and FFW / rewinding at will. Did I mention that the WHOLE time I've had this system, the speakers would come in and out?<br /><br />Really folks, I'm not very hot headed, but this one got me fuming! Samsung = good for LCD TV's, I will NEVER buy another samsung product (much less a Blu Ray player) from them again. Nicely done samsung!<br /><br />Throw away your money, purchase this item!<br /><br />(BTW, I am a video professional, so I know this equipment well.)",B001XCX9V6,B001XCX9V6,AEJMBIHTLXH4MANGSK5SW6VMQLZQ,1289021072000,1,True,874
5.0,So worth the money.,This is an amazing little radio. Great tone and reception. Would also be handy to take to the beach and on other outings. Glad l chose this one from the various ones available. And be assured you will definitely awaken if that warning signal is transmitted,B07YCCJ7X4,B07YMTF1VR,AHVOBSIJK4IX6MYJNH5USF25KIHQ,1596720140715,0,True,256
5.0,Happy with purchase,"Bought this for my boyfriend for gaming. He is very happy, thank you!!",B07W9KL92J,B07W9KL92J,AH5EY4TRKBJL6F5VW6JR5MYMSH2Q,1647622152886,0,True,70
5.0,Portable is good,"I like two things about this antenna and that is I can move it around and it works great. I installed this on my Bose wave 3 music system and it gave me one more station than I was getting without it but that's all I expected out of it because all the other stations are way too far away from my house to even think about bringing them in. ""I live in a valley with mountains on all 4 sides of my house."" The local station I was getting without this antenna stops playing music every evening at 6pm. After installing this antenna, I can pick up one more station that is about 40 miles from my home. It plays country music 24-7 so I'm happy now. I can move this antenna around when I need to. I like that a lot about it because the airwaves move some from night time to day time for some reason where I live.",B09B9HHCYL,B09B9HHCYL,AEL37U6KOJJ6P7W6M7CTLUOTEXWA,1640499101856,0,True,806
5.0,Used for mini itx travel,Can fit under an airline seat. TSA recognizes it as a computer case unlike the padded duffel bad previously used. That seemed to cause suspicion and leave me watching uncaring TSA agents roughly pull my bag apart.,B07XK9K1WP,B07XK9K1WP,AF2VQELIXXYHU3467DGJQP64PFTQ,1629818638228,2,True,213
4.0,took a minute or 2,took a minute or two.  But we got it done.,B005OTPVMY,B005OTPVMY,AFEVG476PAAYPHQQWLNZSMH6U32A,1562875787374,0,True,42
5.0,cheap and a good intro set,A nice multi colored vomit on my keyboard.  The lighter colors have a lot of bleed through but the texture is nice.,B08BXFVVXF,B08BXFBJMG,AFILTMZTXEPUWAEWAMM4RNZLKCDQ,1616854055345,0,True,115
